koi_disposition,koi_fpflag_nt,koi_fpflag_ss,koi_fpflag_co,koi_fpflag_ec,koi_period,koi_time0bk,koi_eccen,koi_impact,koi_duration,koi_depth,koi_ror,koi_srho,koi_prad,koi_teq,koi_insol,koi_model_snr,koi_num_transits,koi_steff,koi_slogg,koi_srad,koi_smass,koi_kepmag,koi_depth_err1,koi_depth_err2,koi_ror_err1,koi_ror_err2,koi_srho_err1,koi_srho_err2,koi_prad_err1,koi_prad_err2,koi_gmag,koi_rmag,koi_imag,koi_zmag,koi_jmag,koi_hmag,koi_kmag,label,predicted_probability
CANDIDATE,0,0,0,0,4.780327766,132.974137,0.0,0.9516,2.0349,977.2,0.037065,0.34423,7.07,1396.0,898.71,383.4,280,5753.0,4.003,1.747,1.13,11.665,4.0,-4.0,0.000162,-0.000227,0.01745,-0.01355,0.17,-0.17,12.085,11.601,11.485,11.458,10.542,10.257,10.213,-1,0.5691197
CANDIDATE,0,0,0,0,1.203200978,133.9298401,0.0,1.157,1.9184,2837.6,0.224838,0.15063,33.12,2124.0,4809.16,696.8,1109,6218.0,4.198,1.349,1.045,11.374,7.8,-7.8,0.018242,-0.082768,0.00254,-0.00205,6.97,-5.84,11.87,11.25,10.99,14.292,10.578,10.326,10.264,-1,0.5691197
CANDIDATE,0,0,0,0,3.13260497,136.0101943,0.0,1.0126,3.58473,10045.0,0.173978,0.13359,22.44,1444.0,1028.81,1223.2,430,6248.0,4.328,1.181,1.078,13.499,14.0,-14.0,0.010994,-0.015873,0.00315,-0.00356,14.11,-3.08,13.878,13.443,13.336,13.297,12.423,12.217,12.146,-1,0.5691197
CANDIDATE,0,0,0,0,23.83680534,173.775958,0.0,1.7811,6.1766,29614.0,0.982345,0.56687,208.11,919.0,168.28,1331.6,57,6095.0,3.894,1.94,1.076,13.722,128.0,-128.0,3.281026,-0.065849,1.62756,-0.0368,79.38,-87.43,14.227,13.67,13.505,14.292,12.451,12.15,12.088,-1,0.5691197
CANDIDATE,0,0,0,0,10.43114796,133.936275,0.0,1.2578,3.73688,28278.0,0.455831,0.67135,49.78,833.0,114.02,504.2,121,5780.0,4.438,1.0,1.0,13.761,70.3,-70.3,0.198276,-0.079225,0.04531,-0.02209,0.0,0.0,17.406,13.356,14.09,14.292,15.681,15.241,14.315,-1,0.38676077
CANDIDATE,0,1,0,0,1.95108234,157.543097,0.0,0.9167,1.689,1157.5,0.038669,0.42763,10.29,2007.0,3833.73,114.0,686,5302.0,3.767,2.437,1.262,13.143,14.3,-14.3,0.001483,-0.006225,3.95862,-0.1216,0.3,-0.3,13.791,13.099,12.866,12.738,11.759,11.324,11.23,-1,0.5691197
CANDIDATE,0,0,0,0,105.8823928,156.97599,0.0,0.7481,18.069,1472.6,0.038068,0.05649,10.5,596.0,29.76,305.1,14,5896.0,3.756,2.527,1.33,10.775,10.4,-10.4,0.000346,-0.000689,0.00842,-0.01072,0.25,-0.24,11.144,10.722,10.617,10.574,9.692,9.443,9.387,-1,0.5691197
CANDIDATE,0,0,0,0,77.4797188,154.70715,0.0,0.0115,10.1723,1253.9,0.032722,0.68376,8.22,695.0,55.3,111.2,17,6715.0,3.922,2.301,1.612,10.143,12.9,-12.9,0.00037,-0.0001,0.00042,-0.11003,3.12,-2.63,10.338,10.078,10.046,10.079,9.343,9.161,9.115,-1,0.5691197
CANDIDATE,0,0,0,0,9.96640145,141.152903,0.0,0.9675,4.9827,1642.5,0.051263,0.04902,17.24,1578.0,1466.1,158.2,135,6638.0,3.664,3.079,1.595,12.598,16.3,-16.3,0.004168,-0.003392,0.00294,-0.00665,2.39,-3.27,12.907,12.566,12.466,12.409,11.613,11.407,11.366,-1,0.5691197
CANDIDATE,0,0,0,0,20.54552799,137.9141,0.0,1.2063,2.0242,538.9,0.231315,0.31667,31.09,732.0,67.93,57.0,67,5667.0,4.227,1.231,0.932,12.003,23.3,-23.3,0.443677,-0.166504,0.08429,-0.03281,14.35,-7.22,12.476,11.835,11.801,11.807,11.114,10.813,10.828,-1,0.5691197
CANDIDATE,0,0,0,0,0.87519429,131.8535676,0.0,0.4711,1.23,507.1,0.023196,1.0851,2.41,941.0,185.17,33.5,1469,5806.0,4.466,0.962,0.965,13.109,19.3,-19.3,0.000832,-0.000914,0.22037,-0.18209,0.88,-0.26,13.585,13.044,12.905,12.846,11.977,11.656,11.635,-1,0.5691197
CANDIDATE,0,0,0,0,34.193598286,155.2973094,0.0,0.708,5.00735,13550.0,0.114212,1.46375,22.27,778.0,86.74,990.4,39,6129.0,3.991,1.786,1.14,13.325,16.7,-16.7,0.00013,-0.000131,0.02055,-0.01949,5.38,-4.81,13.741,13.282,13.147,13.076,12.183,11.937,11.87,-1,0.5691197
CANDIDATE,0,0,0,0,15.66388467,147.395882,0.0,0.9559,2.4391,5265.8,0.096686,1.41755,23.45,1060.0,298.77,308.3,42,5996.0,3.901,2.221,1.43,13.439,28.3,-28.3,0.022991,-0.011058,0.07419,-0.27499,3.26,-4.39,13.801,13.392,13.284,13.261,12.41,12.111,12.086,-1,0.5691197
CANDIDATE,0,0,0,0,48.93787615,140.766221,0.0,0.989,6.5563,7463.1,0.132767,0.2472,26.2,771.0,83.59,494.7,27,7061.0,4.078,1.807,1.424,13.96,22.4,-22.4,0.010353,-0.010602,0.00831,-0.01787,13.23,-6.92,14.223,13.913,13.848,13.812,12.974,12.766,12.719,-1,0.5691197
CANDIDATE,0,0,0,0,2.624234598,132.305095,0.0,0.8057,1.4012,2684.2,0.053537,2.54947,5.14,1153.0,417.7,352.8,508,5377.0,4.547,0.879,0.992,13.687,9.7,-9.7,0.000334,-0.004845,5.96855,-0.61974,0.84,-0.19,14.261,13.618,13.441,13.384,12.489,12.052,11.986,-1,0.5691197
CANDIDATE,0,0,0,0,102.9639386,158.07745,0.0,0.9241,16.138,1969.0,0.051296,0.02609,39.88,797.0,95.4,85.1,10,5047.0,3.066,7.119,2.15,13.608,28.1,-28.1,0.000543,-0.000812,0.00252,-0.00274,1.97,-7.82,14.407,13.552,13.265,13.071,12.008,11.483,11.382,-1,0.5691197
CANDIDATE,0,0,0,0,13.4471896,132.829709,0.0,0.9561,3.019,1452.6,0.04474,0.3099,5.09,848.0,122.34,96.8,100,6276.0,4.405,1.041,1.001,14.0,25.2,-25.2,0.003399,-0.002551,0.00984,-0.07208,2.18,-0.57,14.391,13.952,13.832,13.76,12.891,12.605,12.554,-1,0.5691197
CANDIDATE,0,0,0,0,13.73809156,134.43768,0.0,0.9555,3.3373,699.6,0.030676,0.18178,3.95,912.0,163.52,71.2,102,6375.0,4.292,1.178,0.991,13.805,14.4,-14.4,0.000504,-0.000801,0.03299,-0.0452,1.6,-0.64,14.185,13.771,13.642,13.597,12.719,12.451,12.385,-1,0.5691197
CANDIDATE,0,1,0,0,3.479425021,136.797253,0.0,0.5985,3.4394,20253.0,0.136233,0.66164,13.17,1170.0,443.65,707.0,305,5903.0,4.51,0.885,0.925,14.041,43.3,-43.3,0.000295,-0.000613,0.02851,-0.02267,5.41,-1.21,14.516,13.998,13.838,13.77,12.895,12.572,12.49,-1,0.5691197
CANDIDATE,0,0,0,0,23.210509856,134.3863932,0.0,1.8845,3.09582,33487.0,1.100073,5.26218,98.26,599.0,30.48,1046.7,49,5885.0,4.564,0.818,0.893,14.228,62.8,-62.8,0.756953,-0.214538,2.54562,-0.96526,41.69,-7.44,14.695,14.182,14.028,13.945,13.052,12.708,12.695,-1,0.09989456
CANDIDATE,0,0,0,0,0.708620008,133.36742,0.0,0.3269,1.5088,202.8,0.013126,1.61633,1.25,1915.0,3178.07,30.5,1332,5700.0,4.515,0.87,0.903,14.991,8.0,-8.0,0.000367,-0.000394,0.38912,-0.3689,0.52,-0.12,15.562,14.955,14.747,14.68,13.732,13.326,13.25,-1,0.5691197
CANDIDATE,0,0,0,0,87.24233248,153.347647,0.0,0.8993,4.1501,18191.0,0.160178,4.05539,16.7,390.0,5.49,451.3,17,5671.0,4.501,0.955,1.054,14.288,85.3,-85.3,0.009418,-0.010575,0.18862,-0.32799,2.59,-0.84,14.792,14.23,14.072,14.015,13.064,12.718,12.66,-1,0.5691197
CANDIDATE,0,0,0,0,20.927362973,139.325634,0.0,0.9951,3.4345,8501.1,0.149456,0.83171,18.1,735.0,69.08,332.2,64,6126.0,4.358,1.109,1.021,14.877,34.9,-34.9,0.031163,-0.02947,0.01573,-0.10273,8.47,-2.35,15.326,14.809,14.685,14.556,13.679,13.355,13.299,-1,0.5691197
CANDIDATE,0,0,0,0,124.03590546,136.015146,0.0,0.2363,4.8518,8249.5,0.083871,10.84181,10.41,414.0,6.93,181.5,10,6343.0,4.411,1.137,1.213,14.989,56.3,-56.3,0.000679,-0.000682,1.07036,-1.18039,6.91,-1.14,15.384,14.937,14.82,14.788,13.909,13.624,13.586,-1,0.5691197
CANDIDATE,0,0,0,0,5.695902365,139.231498,0.0,0.0202,3.5764,5326.9,0.06704,1.27956,6.88,1043.0,279.61,421.3,121,6106.0,4.497,0.94,1.013,14.858,15.0,-15.0,0.000328,-0.000127,0.0046,-0.13095,2.75,-0.65,15.311,14.804,14.663,14.559,13.682,13.369,13.335,-1,0.5691197
CANDIDATE,0,0,0,0,42.94386674,155.206545,0.0,1.4366,3.7673,9750.9,0.552735,1.38753,56.74,520.0,17.26,277.6,33,5750.0,4.4,0.94,0.808,14.708,41.7,-41.7,0.350665,-0.122285,0.16082,-0.1298,23.42,-8.63,15.217,14.665,14.49,14.324,13.426,13.061,13.041,-1,0.5691197
CANDIDATE,0,0,0,0,0.838597488,141.537796,0.0,1.2529,1.70499,2703.5,0.313101,0.19955,31.69,2013.0,3883.49,323.8,1170,6253.0,4.503,0.927,0.997,14.784,10.8,-10.8,0.2917,-0.119534,0.08321,-0.02046,12.72,-2.8,15.199,14.753,14.606,14.547,13.691,13.401,13.409,-1,0.5691197
CANDIDATE,0,0,0,0,17.65737838,136.585509,0.0,0.8277,3.509,2155.7,0.047823,0.91614,2.45,350.0,3.55,117.2,60,3745.0,4.784,0.47,0.49,14.267,23.1,-23.1,0.002385,-0.004364,2.65169,-0.21861,0.27,-0.26,15.526,14.256,13.727,13.453,12.28,11.605,11.493,-1,0.5691197
CANDIDATE,0,0,0,0,13.603082,140.402,0.0,0.4626,2.521,173.8,0.012186,5.22827,0.68,395.0,5.77,13.4,97,3770.0,4.747,0.51,0.53,15.108,25.9,-25.9,0.000931,-0.001122,5.08495,-2.64212,0.08,-0.08,16.484,15.193,14.519,14.143,12.912,12.236,12.08,-1,0.5691197
CANDIDATE,0,0,0,0,1.378651791,169.779348,0.0,37.636,1.5657,25787.0,36.802391,882.745,1687.9,729.0,66.79,66.7,769,3450.0,4.825,0.42,0.43,15.373,614.0,-614.0,0.996967,-16.38471,117.10028,-561.59393,241.1,-241.1,17.092,15.754,14.636,14.059,12.701,12.001,11.783,-1,2.2388844e-05
CANDIDATE,0,0,0,0,47.7436033,160.16446,0.0,0.3242,2.458,102.7,0.009407,23.68615,1.82,698.0,56.05,17.8,24,6283.0,4.046,1.768,1.269,11.472,6.4,-6.4,0.0002,-0.000567,5.72907,-8.67021,0.8,-0.63,12.453,11.599,14.368,14.292,10.674,10.425,10.379,-1,0.5691197
CANDIDATE,0,0,0,0,110.3782896,175.9331,0.0,0.0187,12.25,487.6,0.020304,0.53768,3.03,470.0,11.56,143.4,12,6343.0,4.259,1.366,1.23,10.56,3.5,-3.5,0.00016,-8.5e-05,0.00405,-0.05436,0.06,-0.06,11.102,10.601,14.368,14.292,9.948,12.546,9.604,-1,0.5691197
CANDIDATE,0,0,0,0,9.48814747,139.17907,0.0,0.5693,1.163,47.9,0.006578,29.11492,0.73,856.0,126.75,11.1,134,5680.0,4.414,1.016,0.978,11.525,7.2,-7.2,0.000219,-0.000973,40.81086,-28.37783,0.13,-0.06,11.969,11.466,11.334,11.309,10.418,10.127,10.079,-1,0.5691197
CANDIDATE,0,0,0,0,57.3839668,170.72848,0.0,0.8046,3.508,237.2,0.015402,2.66406,1.68,472.0,11.73,20.5,23,5780.0,4.438,1.0,1.0,12.713,13.2,-13.2,0.0004,-0.000381,7.13501,-2.50116,0.0,0.0,13.553,12.67,12.355,14.292,11.295,10.946,10.885,-1,0.5691197
CANDIDATE,0,0,0,0,5.5181712,136.57416,0.0,0.7097,2.32,28.9,0.005273,1.35309,1.05,1446.0,1034.34,8.2,232,6164.0,3.985,1.825,1.173,12.549,3.9,-3.9,1.6e-05,-0.000759,3.26091,-0.12994,0.42,-0.39,12.951,12.499,12.377,12.33,11.472,11.192,11.109,-1,0.5691197
CANDIDATE,0,0,0,0,46.1511692,176.626189,0.0,0.9049,6.3417,1839.9,0.047145,0.22359,10.63,710.0,59.95,300.5,30,5882.0,3.927,2.064,1.325,12.711,7.8,-7.8,0.000159,-0.000294,0.01201,-0.0092,0.39,-0.4,12.897,12.682,14.368,14.292,11.093,10.818,10.753,-1,0.5691197
CANDIDATE,0,0,0,0,8.97347856,171.03191,0.0,0.3105,3.1248,962.1,0.027835,2.33653,35.06,2261.0,6178.9,56.6,150,4751.0,2.52,11.536,1.606,12.96,19.1,-19.1,0.00048,-0.000806,0.46732,-0.39439,6.48,-8.93,20.41,14.536,12.96,14.292,14.774,13.236,13.085,-1,0.4432474
CANDIDATE,0,0,0,0,108.540322,151.1735,0.0,0.7807,6.973,699.4,0.026826,0.80159,33.79,985.0,222.78,17.6,13,4751.0,2.52,11.536,1.606,12.96,42.0,-42.0,0.003417,-0.003757,2.09064,-0.00951,6.24,-8.6,20.41,14.536,12.96,14.292,14.774,13.236,13.085,-1,0.5691197
CANDIDATE,0,0,0,0,6.8667851,135.3469,0.0,0.2836,4.106,42.2,0.005892,0.75468,0.81,1043.0,279.56,11.8,146,5716.0,4.29,1.259,1.126,13.046,4.6,-4.6,0.000422,-0.000373,0.36777,-0.28731,0.18,-0.12,13.508,12.998,12.847,12.798,11.91,11.569,11.475,-1,0.5691197
CANDIDATE,0,0,0,0,12.99063496,177.23928,0.0,0.0231,2.3787,397.6,0.018262,8.5908,2.16,839.0,117.1,45.1,80,6031.0,4.376,1.082,1.013,13.387,10.2,-10.2,0.000506,-0.0003,0.36897,-2.78883,0.89,-0.28,13.818,13.339,13.202,13.187,12.275,11.943,11.923,-1,0.5691197
CANDIDATE,0,0,0,0,152.1059397,176.52742,0.0,0.8784,7.3055,3647.4,0.063821,0.7112,9.6,452.0,9.84,114.7,10,6823.0,4.279,1.377,1.319,13.374,33.4,-33.4,0.000508,-0.000494,0.04717,-0.06163,5.97,-1.51,13.587,13.303,13.251,13.277,12.455,12.263,12.228,-1,0.5691197
CANDIDATE,0,0,0,0,75.11221874,207.713996,0.0,0.8345,4.9339,3791.2,0.063607,1.51262,23.3,777.0,86.18,422.5,18,6201.0,3.616,3.354,1.694,11.714,10.8,-10.8,0.000165,-0.000347,0.08045,-0.05589,3.17,-5.49,11.931,11.691,14.368,14.292,10.82,10.632,10.626,-1,0.5691197
CANDIDATE,0,0,0,0,498.39114,244.08191,0.0,0.9651,6.251,1716.7,0.055301,1.33979,19.37,344.0,3.32,53.9,3,5198.0,3.614,3.207,1.552,12.193,39.2,-39.2,0.414534,-0.004141,0.04872,-0.60526,0.64,-0.65,12.888,12.17,11.895,11.765,10.723,10.29,10.17,-1,0.5691197
CANDIDATE,0,0,0,0,23.1376622,152.16992,0.0,0.7187,3.622,132.7,0.011319,1.48102,1.97,883.0,143.46,11.6,58,6546.0,4.125,1.594,1.244,13.319,10.3,-10.3,0.002308,-0.000756,3.30718,-1.36706,0.99,-0.55,13.651,13.303,13.177,13.07,11.915,11.603,11.517,-1,0.5691197
CANDIDATE,0,0,0,0,14.59150723,180.851389,0.0,4.3652,1.1136,1529.9,3.396545,12.93471,486.62,879.0,140.82,58.9,90,5940.0,4.199,1.312,0.993,13.311,55.0,-55.0,4.662373,-0.66004,27.12952,-5.28776,224.0,-108.7,13.779,13.255,13.11,13.041,12.151,11.864,11.755,-1,0.5691197
CANDIDATE,0,0,0,0,27.677680079,173.796628,0.0,0.9259,2.1948,11978.0,0.202089,9.94851,21.38,618.0,34.55,487.4,40,6075.0,4.486,0.969,1.048,13.767,43.0,-43.0,0.019895,-0.018968,0.20923,-0.72999,8.61,-1.94,14.193,13.706,13.584,13.51,12.666,12.372,12.318,-1,0.5691197
CANDIDATE,0,0,0,0,7.216952132,176.283016,0.0,1.3985,1.89051,4460.6,0.472707,0.90166,54.51,1055.0,292.7,310.8,183,6266.0,4.38,1.056,0.974,14.454,17.8,-17.8,0.465975,-0.133054,0.21691,-0.06723,21.06,-6.97,14.858,14.408,14.281,14.197,13.3,12.993,12.885,-1,0.5691197
CANDIDATE,0,0,0,0,5.92240808,173.81682,0.0,0.8818,3.3981,470.0,0.02315,0.18272,2.72,1087.0,329.86,63.4,221,6081.0,4.404,1.077,1.072,14.557,12.9,-12.9,0.000229,-0.003172,1.15554,-0.02612,1.35,-0.3,15.024,14.498,14.357,14.299,13.517,13.131,13.069,-1,0.5691197
CANDIDATE,0,0,0,0,166.7878817,245.142826,0.0,0.5728,6.0339,4900.5,0.066591,4.66397,7.81,364.0,4.14,213.5,9,6063.0,4.347,1.074,0.936,14.11,26.9,-26.9,0.000309,-0.002075,1.97962,-0.88051,2.68,-1.19,14.568,14.08,13.914,13.847,13.049,12.671,12.661,-1,0.5691197
CANDIDATE,0,0,0,0,9.74768026,139.16329,0.0,0.212,2.162,103.3,0.009172,7.81604,0.76,698.0,56.05,10.0,130,5262.0,4.598,0.761,0.846,14.29,12.8,-12.8,0.000894,-0.000496,3.70783,-5.13132,0.18,-0.05,14.922,14.223,14.019,13.908,12.853,12.488,12.301,-1,0.5691197
CANDIDATE,0,0,0,0,31.5322987,160.3251,0.0,0.0671,3.49,106.4,0.00923,6.36525,0.74,461.0,10.65,7.8,41,5183.0,4.608,0.739,0.818,14.29,30.5,-30.5,0.001179,-0.001503,24.09915,-5.44793,0.07,-0.02,14.922,14.223,14.019,13.908,12.853,12.488,12.301,-1,0.5691197
CANDIDATE,0,0,0,0,19.193106399,176.966733,0.0,1.008,2.5627,7223.1,0.148945,1.61437,14.51,656.0,43.77,276.6,68,5883.0,4.53,0.892,0.985,14.847,32.8,-32.8,0.169386,-0.018618,0.02612,-0.18679,5.95,-1.19,15.357,14.797,14.628,14.545,13.62,13.29,13.177,-1,0.5691197
CANDIDATE,0,0,0,0,20.131480009,189.390652,0.0,1.3051,3.27615,8452.7,0.417929,0.82534,42.53,669.0,47.49,457.8,65,6003.0,4.507,0.932,1.019,14.519,23.0,-23.0,0.105536,-0.159278,0.03461,-0.02973,15.25,-3.74,14.956,14.451,14.332,14.259,13.391,13.036,12.995,-1,0.5691197
CANDIDATE,0,0,0,0,1.575631547,170.3932965,0.0,0.9474,2.56035,26421.0,0.224033,0.4153,20.99,1578.0,1464.43,1467.5,845,6202.0,4.537,0.858,0.923,14.731,29.2,-29.2,0.010857,-0.008385,0.00291,-0.00812,8.98,-1.61,15.142,14.703,14.554,14.5,13.624,13.285,13.242,-1,0.5691197
CANDIDATE,0,0,0,0,5.428344716,169.7536987,0.0,0.891,1.87915,14496.0,0.137447,2.45262,14.48,1033.0,269.19,658.8,199,5936.0,4.501,0.965,1.075,14.694,41.6,-41.6,0.001834,-0.003714,0.07853,-0.07857,6.29,-1.24,15.205,14.64,14.475,14.442,13.514,13.182,13.156,-1,0.5691197
CANDIDATE,0,0,0,0,16.30139265,172.14822,0.0,0.7132,3.4956,893.1,0.029319,1.31804,3.64,805.0,99.08,60.4,81,6072.0,4.328,1.138,1.004,14.733,17.0,-17.0,0.001972,-0.001813,1.93851,-0.68751,1.59,-0.54,15.215,14.695,14.527,14.473,13.572,13.179,13.108,-1,0.5691197
CANDIDATE,0,0,0,0,9.3405269,135.12531,0.0,0.3779,2.593,220.0,0.013578,3.7621,0.71,440.0,8.9,13.5,112,3797.0,4.783,0.48,0.51,14.897,20.0,-20.0,0.000982,-0.000544,2.09394,-1.47509,0.09,-0.09,16.073,14.853,14.393,14.135,12.991,12.369,12.193,-1,0.5691197
CANDIDATE,0,0,0,0,199.83920008,225.358933,0.0,28.8285,4.3782,46476.0,28.054026,948.22864,2662.18,276.0,1.36,590.8,6,5457.0,4.548,0.869,0.974,14.74,115.0,-115.0,0.170024,-10.2128,51.74017,-377.20166,949.7,-183.8,15.348,14.661,14.479,14.375,13.412,12.995,12.913,-1,7.620228e-10
CANDIDATE,0,0,0,0,15.841311787,177.143177,0.0,1.0967,1.82033,31871.0,0.368514,12.15943,28.25,575.0,25.77,449.1,83,5119.0,4.575,0.702,0.675,14.497,120.0,-120.0,0.322367,-0.038782,2.05205,-0.21737,4.23,-2.7,15.181,14.486,14.203,14.117,13.149,12.664,12.549,-1,0.0029697148
CANDIDATE,0,0,0,0,252.0788453,240.23557,0.0,1.2918,3.9453,5738.2,0.381038,4.03163,42.19,318.0,2.42,124.0,6,6348.0,4.434,1.014,1.016,14.183,73.5,-73.5,0.286367,-0.253429,0.66661,-0.19891,18.1,-4.33,14.546,14.144,14.027,13.978,13.165,12.835,12.773,-1,0.5691197
CANDIDATE,0,0,0,0,53.71797107,208.080421,0.0,0.9314,4.0851,3269.1,0.065304,0.9189,8.21,531.0,18.77,87.0,26,5833.0,4.276,1.151,0.912,14.708,58.9,-58.9,0.001557,-0.001668,0.0852,-0.10688,2.73,-1.59,15.217,14.661,14.49,14.41,13.486,13.133,13.113,-1,0.5691197
CANDIDATE,0,0,0,0,36.0484798,150.0591,0.0,0.294,5.763,127.6,0.01029,1.4348,1.24,566.0,24.28,8.5,35,5602.0,4.33,1.1,0.944,14.743,20.1,-20.1,0.001004,-0.000842,0.63811,-1.40221,0.43,-0.21,15.354,14.67,14.48,14.35,13.429,13.031,12.977,-1,0.5691197
CANDIDATE,0,0,0,0,9.391039791,170.539671,0.0,0.9629,2.8554,3030.1,0.072538,0.36228,7.89,902.0,156.74,182.3,148,6122.0,4.471,0.996,1.07,14.663,25.4,-25.4,0.007575,-0.008059,0.026,-0.06063,2.28,-0.73,15.061,14.607,14.492,14.458,13.62,13.336,13.208,-1,0.5691197
CANDIDATE,0,0,0,0,10.329066974,174.608277,0.0,0.7596,1.2922,2193.5,0.046931,15.11177,5.28,901.0,155.98,91.7,125,6225.0,4.45,1.031,1.091,14.711,33.4,-33.4,0.000616,-0.001975,9.68787,-1.96694,2.27,-0.46,15.105,14.659,14.542,14.507,13.665,13.373,13.249,-1,0.5691197
CANDIDATE,0,0,0,0,24.796276,170.32662,0.0,0.0372,8.531,646.3,0.02312,0.36046,2.27,598.0,30.23,42.8,53,5766.0,4.5,0.9,0.934,14.612,18.0,-18.0,0.000744,-0.000354,0.00805,-0.12002,0.95,-0.2,15.16,14.566,14.377,14.277,13.393,13.053,12.946,-1,0.5691197
CANDIDATE,0,0,0,0,1.583160256,169.96539,0.0,0.763,1.1207,767.7,0.027857,3.16126,3.08,1619.0,1625.93,97.4,838,6063.0,4.476,1.012,1.117,14.731,10.2,-10.2,0.000153,-0.002009,6.52643,-0.45072,1.38,-0.27,15.186,14.659,14.536,14.466,13.577,13.267,13.185,-1,0.5691197
CANDIDATE,0,0,0,0,10.8204488,140.52358,0.0,0.3361,2.571,144.9,0.011141,4.66008,1.29,885.0,145.06,8.7,239,6032.0,4.387,1.06,0.999,14.633,20.9,-20.9,0.00097,-0.000805,3.14264,-2.70922,0.52,-0.16,15.1345,14.578,14.463,14.437,13.559,12.893,13.193,-1,0.5691197
CANDIDATE,0,0,0,0,12.82993626,169.944772,0.0,0.6932,3.0094,1512.0,0.037932,1.83329,3.49,733.0,68.31,81.0,107,5864.0,4.556,0.842,0.929,14.406,21.7,-21.7,0.000214,-0.002339,2.5583,-0.07734,1.24,-0.27,14.864,14.354,14.209,14.144,13.306,12.968,12.867,-1,0.5691197
CANDIDATE,0,0,0,0,11.53026355,173.72797,0.0,0.9222,2.251,1271.3,0.040119,0.95315,5.05,873.0,137.08,58.6,117,5770.0,4.289,1.152,0.942,14.539,25.4,-25.4,0.000222,-0.006218,11.47663,-0.1821,1.78,-0.94,15.106,14.486,14.295,14.176,13.229,12.903,12.795,-1,0.5691197
CANDIDATE,0,0,0,0,3.687469456,170.8804128,0.0,0.9066,1.0495,5294.7,0.086831,5.82715,5.69,689.0,53.38,312.8,362,4030.0,4.674,0.6,0.62,14.418,25.5,-25.5,0.006435,-0.003308,0.23227,-1.25766,0.66,-0.66,15.747,14.395,13.849,13.544,12.357,11.75,11.61,-1,0.5691197
CANDIDATE,0,0,0,0,7.34672485,134.5155,0.0,0.2525,2.136,143.0,0.010778,5.96688,0.97,784.0,89.33,10.1,184,5271.0,4.578,0.821,0.93,14.773,18.5,-18.5,0.000759,-0.000932,2.48486,-3.77916,0.28,-0.06,15.449,14.684,14.484,14.391,13.335,12.94,12.862,-1,0.5691197
CANDIDATE,0,0,0,0,3.65849447,170.544147,0.0,0.8991,2.5171,4488.4,0.073106,0.40189,7.96,1233.0,546.49,260.4,369,6108.0,4.471,0.997,1.072,14.545,26.9,-26.9,0.000307,-0.000727,0.02842,-0.01851,2.88,-0.75,14.978,14.487,14.36,14.316,13.428,13.142,13.053,-1,0.5691197
CANDIDATE,0,0,0,0,14.1573626,135.6,0.0,0.3313,3.655,131.0,0.010598,2.12943,1.12,778.0,86.67,8.5,67,6122.0,4.487,0.964,1.041,14.718,16.8,-16.8,0.000585,-0.000975,0.73468,-0.9876,0.44,-0.11,15.15,14.656,14.533,14.458,13.553,13.201,13.19,-1,0.5691197
CANDIDATE,0,0,0,0,240.187178,168.3207,0.0,0.8023,9.861,793.0,0.028583,0.56341,3.05,298.0,1.86,18.8,5,6004.0,4.484,0.977,1.061,14.957,44.3,-44.3,0.000545,-0.003329,1.71136,-0.23287,1.2,-0.27,15.433,14.889,14.754,14.666,13.814,13.412,13.448,-1,0.5691197
CANDIDATE,0,0,0,0,5.06549681,131.94379,0.0,0.5193,2.334,151.0,0.011499,2.20541,0.7,593.0,29.14,10.0,257,3941.0,4.705,0.56,0.58,14.915,13.4,-13.4,0.000346,-0.000882,1.91766,-0.32004,0.12,-0.11,15.959,14.843,14.468,14.234,13.153,12.529,12.407,-1,0.5691197
CANDIDATE,0,0,0,0,5.893991773,173.4859685,0.0,52.8884,1.33954,11669.0,51.98642,953.13605,4286.07,896.0,152.66,444.9,117,5729.0,4.601,0.755,0.83,14.377,39.4,-39.4,0.273239,-22.40687,6.75342,-600.25757,2004.0,-295.2,14.879,14.332,14.161,14.074,13.15,12.811,12.693,-1,0.5691197
CANDIDATE,0,0,0,0,3.251658987,171.0605226,0.0,0.9355,1.5311,4983.9,0.084291,1.28249,10.26,1408.0,930.32,514.0,411,6343.0,4.375,1.115,1.069,14.022,16.5,-16.5,0.004056,-0.002888,0.03426,-0.12823,4.97,-1.14,14.385,13.964,13.866,13.803,12.979,12.7,12.708,-1,0.5691197
CANDIDATE,0,0,0,0,37.86512549,198.599157,0.0,1.4516,2.9858,7270.9,0.550098,1.931,57.85,535.0,19.31,211.7,26,5858.0,4.495,0.963,1.056,14.608,41.5,-41.5,0.353552,-0.1726,0.23807,-0.20425,24.99,-4.99,15.126,14.534,14.386,14.309,13.362,13.029,12.946,-1,0.5691197
CANDIDATE,0,0,0,0,17.761999323,174.1830118,0.0,46.7683,2.45901,25593.0,45.92622,616.03607,3355.13,538.0,19.78,665.5,75,5088.0,4.612,0.669,0.667,14.762,54.7,-54.7,17.36703,-6.036942,383.88312,-112.6774,436.3,-280.9,15.443,14.736,14.47,14.347,13.352,12.801,12.735,-1,0.048153747
CANDIDATE,0,0,0,0,155.0421275,213.50021,0.0,0.8254,9.867,5217.5,0.074938,0.44463,6.28,285.0,1.56,120.9,9,5307.0,4.552,0.768,0.766,14.932,52.0,-52.0,0.000631,-0.001134,0.05868,-0.03683,1.9,-0.58,15.591,14.867,14.649,14.519,13.502,13.039,12.989,-1,0.5691197
CANDIDATE,0,0,0,0,38.13853084,180.43791,0.0,1.8481,3.8172,1246.8,0.877576,0.21216,224.53,873.0,137.15,69.7,37,6481.0,3.861,2.343,1.456,13.592,24.2,-24.2,0.074102,-0.586491,0.0669,-0.0358,66.32,-85.86,13.962,13.55,13.433,13.394,12.524,12.33,12.256,-1,0.5691197
CANDIDATE,0,0,0,0,8.02918943,132.826,0.0,0.2914,3.245,70.7,0.00777,1.783,0.86,968.0,207.14,11.8,135,6157.0,4.449,1.014,1.05,13.49,7.2,-7.2,0.000369,-0.000568,0.08916,-1.19273,0.14,-0.05,13.843,13.447,13.339,13.289,12.514,12.195,12.205,-1,0.5691197
CANDIDATE,0,0,0,0,12.011660825,176.6358055,0.0,1.0072,3.77037,14539.0,0.199915,0.52788,52.31,1317.0,710.87,2180.5,111,6753.0,3.91,2.396,1.701,13.252,10.7,-10.7,0.011669,-0.005357,0.00208,-0.01229,20.32,-16.14,13.852,13.204,12.994,14.292,12.318,12.126,12.1,-1,0.5691197
CANDIDATE,0,0,0,0,14.85183719,177.999475,0.0,0.673,3.3987,1344.1,0.035421,1.55644,2.3,447.0,9.48,89.7,94,4137.0,4.656,0.594,0.584,13.583,17.1,-17.1,0.001337,-0.002731,1.6376,-0.07876,0.1,-0.16,14.781,13.527,13.069,12.719,11.516,10.845,10.698,-1,0.5691197
CANDIDATE,0,0,0,0,3.041547722,170.4878054,0.0,1.238,3.22892,21437.0,0.433041,0.31421,61.24,1544.0,1344.31,3143.3,442,6431.0,4.293,1.295,1.199,13.705,9.8,-9.8,0.019762,-0.039359,0.00335,-0.00484,16.36,-7.95,14.068,13.663,13.549,13.509,12.711,12.432,12.338,-1,0.5691197
CANDIDATE,0,0,0,0,8.1134713,132.8165,0.0,0.4806,4.995,43.9,0.006246,0.38175,0.74,1052.0,289.18,11.1,151,6458.0,4.378,1.089,1.028,13.55,5.2,-5.2,0.000294,-0.000523,0.40946,-0.20636,0.32,-0.09,13.869,13.497,13.413,13.371,12.511,12.22,12.16,-1,0.5691197
CANDIDATE,0,0,0,0,4.305220328,170.453038,0.0,0.7958,2.7341,10208.0,0.101034,0.79443,11.03,1119.0,370.84,190.8,300,5780.0,4.438,1.0,1.0,13.826,72.3,-72.3,0.000215,-0.000526,0.11498,-0.05634,0.0,0.0,14.69,13.785,13.457,14.292,15.413,14.803,14.687,-1,0.5691197
CANDIDATE,0,0,0,0,278.1243619,177.51857,0.0,0.8676,3.968,2367.8,0.051675,7.88757,6.2,295.0,1.78,60.2,4,5877.0,4.382,1.098,1.058,13.714,45.1,-45.1,3.9e-05,-0.004212,11.1809,-2.08248,1.25,-0.55,14.189,13.668,13.511,13.455,12.606,12.294,12.242,-1,0.5691197
CANDIDATE,0,0,0,0,4.034914596,172.25759,0.0,0.9716,1.8023,846.8,0.038592,0.29834,7.56,1452.0,1052.15,86.3,330,5548.0,3.964,1.793,1.079,13.831,13.6,-13.6,0.025086,-0.00453,0.01086,-0.14267,3.64,-3.04,14.429,13.762,13.575,13.496,12.493,12.092,12.003,-1,0.5691197
CANDIDATE,0,0,0,0,52.513546589,171.6745899,0.0,0.6805,3.2754,14621.0,0.117726,8.78697,11.38,453.0,9.95,981.3,25,5559.0,4.47,0.885,0.845,13.579,19.5,-19.5,0.000209,-0.000393,0.25712,-0.20883,4.64,-1.24,14.123,13.52,13.346,13.255,12.27,11.931,11.847,-1,0.5691197
CANDIDATE,0,0,0,0,4.178384927,171.98838,0.0,0.0478,2.0926,324.3,0.01645,4.0339,1.68,1121.0,373.81,46.1,318,5891.0,4.479,0.933,0.956,13.813,8.1,-8.1,0.000585,-0.000226,0.20936,-1.53095,0.66,-0.17,14.278,13.743,13.613,13.508,12.545,12.113,12.118,-1,0.5691197
CANDIDATE,0,0,0,0,7.03378571,174.15853,0.0,0.0735,6.2041,145.8,0.011009,0.25642,1.56,1110.0,358.56,49.0,196,6115.0,4.296,1.3,1.22,13.357,3.4,-3.4,0.000327,-0.000108,0.0026,-0.08504,1.04,-0.27,13.791,13.272,13.171,13.14,12.31,12.017,11.96,-1,0.5691197
CANDIDATE,0,0,0,0,12.718712587,172.99523,0.0,1.398,2.49451,8421.3,0.505203,1.20723,88.05,1043.0,279.33,534.8,104,6120.0,4.036,1.596,1.009,13.816,18.9,-18.9,0.195965,-0.263923,0.12387,-0.08979,40.0,-28.91,14.505,13.772,13.52,14.292,13.238,12.946,12.868,-1,0.5691197
CANDIDATE,0,0,0,0,28.714213922,182.6086999,0.0,3.6641,6.0366,45163.0,2.892211,2.51436,447.53,794.0,93.74,2674.5,45,6706.0,4.226,1.417,1.24,13.765,31.1,-31.1,0.796158,-0.310196,0.74765,-0.32548,245.4,-89.06,14.075,13.722,13.632,13.573,12.736,12.514,12.481,-1,0.112250134
CANDIDATE,0,0,0,0,1.621668504,170.358528,0.0,0.9486,1.7182,7747.9,0.116469,0.59759,12.29,1599.0,1546.28,249.2,822,6106.0,4.487,0.966,1.043,13.9,47.6,-47.6,0.047415,-0.018098,0.0397,-0.11352,5.15,-1.11,14.322,13.851,13.719,13.678,12.763,12.494,12.417,-1,0.5691197
CANDIDATE,0,0,0,0,26.89315686,179.952498,0.0,0.965,2.2994,2236.8,0.061384,1.61125,6.09,614.0,33.54,121.3,40,6096.0,4.511,0.908,0.975,13.754,27.5,-27.5,0.048838,-0.007834,0.10348,-0.61582,2.5,-0.53,14.169,13.708,13.576,13.521,12.633,12.335,12.209,-1,0.5691197
CANDIDATE,0,0,0,0,5.115749727,173.2662,0.0,1.6905,2.5352,1092.2,0.718821,0.09485,90.03,1230.0,541.58,58.2,207,6432.0,4.381,1.147,1.153,15.132,22.9,-22.9,0.280934,-0.299402,0.00593,-0.02208,46.39,-10.99,15.529,15.079,14.962,14.881,14.047,13.784,13.699,-1,0.5691197
CANDIDATE,0,0,0,0,7.189377947,170.117827,0.0,0.9107,2.0469,8724.4,0.10666,1.76568,12.39,1015.0,251.07,303.5,148,6167.0,4.444,1.064,1.149,15.356,46.7,-46.7,0.001744,-0.003963,0.10636,-0.09613,6.33,-1.22,15.823,15.308,15.156,15.165,14.23,13.864,13.771,-1,0.5691197
CANDIDATE,0,0,0,0,3.29534933,132.48575,0.0,0.0893,1.947,156.5,0.011266,3.86152,1.18,1140.0,399.7,11.2,345,5546.0,4.495,0.956,1.042,15.342,16.9,-16.9,0.001081,-0.000443,1.4684,-2.40246,0.41,-0.1,15.969,15.255,15.073,14.978,14.054,13.616,13.503,-1,0.5691197
CANDIDATE,0,0,0,0,70.2777109,151.33226,0.0,0.2986,2.488,785.8,0.025861,36.36651,2.57,434.0,8.38,14.0,18,5955.0,4.52,0.91,0.999,15.344,58.9,-58.9,0.001349,-0.00103,11.68621,-13.14477,0.97,-0.21,15.819,15.285,15.141,15.035,14.135,13.812,13.761,-1,0.5691197
CANDIDATE,0,0,0,0,22.34220016,171.55868,0.0,0.9484,6.41,2334.5,0.058427,0.07493,4.51,526.0,18.14,59.4,48,5237.0,4.568,0.707,0.674,15.637,65.9,-65.9,0.025493,-0.005933,0.00041,-0.03287,1.07,-0.45,16.327,15.614,15.341,15.208,14.137,13.612,13.455,-1,0.5691197
CANDIDATE,0,0,0,0,19.221386154,184.5522893,0.0,1.0736,4.80831,79324.0,0.497018,1.65981,51.4,698.0,55.97,2043.1,55,6117.0,4.496,0.947,1.025,15.341,58.8,-58.8,0.031245,-0.046616,0.02107,-0.03728,19.92,-4.67,15.798,15.293,15.145,15.053,14.2,13.863,13.727,-1,4.7963482e-17
CANDIDATE,0,0,0,0,5.04414507,132.52051,0.0,0.5092,1.565,180.1,0.012554,7.44984,0.72,699.0,56.42,10.4,263,4722.0,4.723,0.527,0.536,15.377,21.3,-21.3,0.000574,-0.001266,7.3185,-3.12578,0.04,-0.05,16.172,15.343,15.036,14.826,13.81,13.298,13.201,-1,0.5691197
CANDIDATE,0,0,0,0,14.5168147,138.83458,0.0,0.2711,2.741,264.5,0.014785,5.56063,0.85,492.0,13.81,12.0,86,4722.0,4.723,0.527,0.536,15.377,26.3,-26.3,0.001009,-0.000818,1.37039,-2.91,0.04,-0.06,16.172,15.343,15.036,14.826,13.81,13.298,13.201,-1,0.5691197
CANDIDATE,0,0,0,0,19.899139805,175.850425,0.0,37.4296,1.7896,11662.0,36.527225,602.98956,3462.25,639.0,39.3,190.0,56,5853.0,4.544,0.868,0.961,15.436,79.8,-79.8,14.27341,-4.717459,396.98938,-91.04167,1268.0,-259.3,15.943,15.39,15.22,15.166,14.254,13.9,13.826,-1,0.5691197
CANDIDATE,0,0,0,0,1.736952479,170.307583,0.0,1.2717,2.4109,8706.7,0.388202,0.23204,34.04,1404.0,919.79,571.0,621,5795.0,4.546,0.803,0.827,15.597,19.3,-19.3,0.098842,-0.078736,0.0123,-0.01116,15.43,-2.88,16.1,15.554,15.382,15.266,14.326,13.911,13.809,-1,0.5691197
CANDIDATE,0,0,0,0,61.2563443,173.83772,0.0,1.4583,7.668,5427.4,0.539137,0.13724,64.23,505.0,15.43,88.1,13,6144.0,4.402,1.091,1.093,15.25,77.0,-77.0,0.180817,-0.376384,0.01413,-0.01667,34.91,-6.95,15.689,15.199,15.062,15.033,14.203,13.851,13.848,-1,0.5691197
CANDIDATE,0,0,0,0,40.41958501,173.563174,0.0,0.911,3.3708,6919.0,0.094003,1.97961,8.02,468.0,11.29,115.6,36,5446.0,4.507,0.781,0.714,15.487,136.0,-136.0,0.011024,-0.007069,0.15901,-0.46262,3.88,-0.94,16.1,15.463,15.224,15.091,14.029,13.631,13.491,-1,0.5691197
CANDIDATE,0,0,0,0,7.2406514,137.75721,0.0,1.0147,0.571,598.9,0.067071,11.78451,5.32,723.0,64.51,14.0,169,4989.0,4.605,0.727,0.778,15.334,46.7,-46.7,0.569359,-0.04115,5.9318,-9.15055,0.74,-0.41,16.11,15.283,15.001,14.882,13.81,13.3,13.195,-1,0.5691197
CANDIDATE,0,0,0,0,10.181581555,177.142054,0.0,0.91,3.4917,6470.1,0.088473,0.43314,8.18,819.0,106.37,179.3,129,5995.0,4.529,0.847,0.884,15.657,66.8,-66.8,0.001141,-0.001413,0.01388,-0.03253,3.55,-0.72,16.162,15.621,15.441,15.32,14.408,14.036,13.939,-1,0.5691197
CANDIDATE,0,0,0,0,1.626629735,169.820197,0.0,5.1756,2.0254,1920.8,4.210016,1.83404,447.32,1548.0,1355.88,103.8,662,5735.0,4.41,0.973,0.889,15.279,21.5,-21.5,1.105908,-2.768259,0.05323,-1.62464,170.6,-58.84,15.857,15.224,15.031,14.88,13.918,13.59,13.507,-1,0.5691197
CANDIDATE,0,0,0,0,19.620347388,181.881844,0.0,0.3365,1.9826,23905.0,0.142695,27.65865,12.0,605.0,31.59,354.2,52,5733.0,4.592,0.77,0.845,15.562,99.0,-99.0,0.000412,-0.002425,5.74994,-0.98558,4.07,-0.8,16.07,15.519,15.344,15.269,14.364,13.996,13.894,-1,0.5691197
CANDIDATE,0,0,0,0,34.84399566,172.633209,0.0,0.9177,2.8954,4797.0,0.078703,2.20805,7.49,511.0,16.1,69.1,40,5509.0,4.482,0.871,0.84,15.684,129.0,-129.0,0.018002,-0.006742,1.70607,-0.60617,3.04,-0.79,16.307,15.646,15.417,15.322,14.363,13.96,13.875,-1,0.5691197
CANDIDATE,0,0,0,0,4.640933983,173.720584,0.0,0.091,1.688,3899.0,0.052752,9.39226,4.76,1155.0,421.08,345.7,226,6463.0,4.5,0.826,0.786,15.27,169.0,-169.0,0.000787,-0.000468,0.35538,-1.77882,1.99,-0.43,15.662,15.249,15.102,15.046,14.224,13.954,13.785,-1,0.5691197
CANDIDATE,0,0,0,0,3.951403812,173.276604,0.0,1.2752,2.197,2684.0,0.334131,0.20598,31.71,1132.0,388.71,117.6,272,6046.0,4.539,0.869,0.953,15.446,29.0,-29.0,0.344994,-0.179375,0.04416,-0.01145,12.62,-2.45,15.924,15.401,15.242,15.148,14.208,13.806,13.776,-1,0.5691197
CANDIDATE,0,0,0,0,4.859386668,173.011377,0.0,1.202,2.27367,6539.5,0.306944,0.48682,32.95,1110.0,359.2,318.2,275,6061.0,4.471,0.983,1.038,15.311,25.5,-25.5,0.374099,-0.055663,0.08164,-0.02128,14.18,-3.12,15.812,15.269,15.097,15.033,14.173,13.785,13.634,-1,0.5691197
CANDIDATE,0,0,0,0,269.294246,285.628,0.0,0.4067,10.648,1430.5,0.034652,1.62014,3.27,242.0,0.81,20.7,5,5325.0,4.558,0.863,0.981,15.855,85.7,-85.7,0.00084,-0.00214,0.66404,-0.34957,0.17,-0.13,16.516,15.753,15.571,15.491,14.484,14.026,14.118,-1,0.5691197
CANDIDATE,0,0,0,0,39.7489401,172.854565,0.0,0.8782,7.3053,16070.0,0.138398,0.32743,14.57,552.0,21.87,577.8,34,6122.0,4.487,0.964,1.041,15.344,47.8,-47.8,0.001401,-0.001054,0.00375,-0.00764,5.71,-1.32,15.804,15.287,15.147,15.06,14.131,13.824,13.767,-1,0.5691197
CANDIDATE,0,0,0,0,13.610148282,173.987309,0.0,1.0172,2.5788,6148.5,0.146014,0.98811,14.4,733.0,68.29,239.2,101,5697.0,4.46,0.903,0.857,15.06,35.6,-35.6,0.059776,-0.045131,0.26826,-0.09178,5.98,-1.64,15.607,14.999,14.825,14.697,13.702,13.307,13.245,-1,0.5691197
CANDIDATE,0,0,0,0,119.0206251,222.236685,0.0,0.1968,8.1192,7635.7,0.07974,2.24437,7.58,348.0,3.49,229.3,11,5796.0,4.544,0.871,0.966,15.085,39.5,-39.5,0.000365,-0.000507,0.161,-0.09062,3.01,-0.57,15.601,15.024,14.864,14.78,13.858,13.476,13.398,-1,0.5691197
CANDIDATE,0,0,0,0,235.9980206,208.4013,0.0,0.8123,8.3255,21802.0,0.153438,1.89426,8.88,157.0,0.14,324.3,6,3822.0,4.73,0.53,0.55,15.172,107.0,-107.0,0.001057,-0.001055,0.05673,-0.0861,1.17,-1.17,16.343,15.122,14.67,14.421,13.251,12.678,12.515,-1,0.086967684
CANDIDATE,0,0,0,0,12.940669108,179.4230039,0.0,0.877,2.49202,45226.0,0.259377,5.21348,22.57,715.0,61.83,1141.0,100,5834.0,4.577,0.797,0.875,15.215,82.8,-82.8,0.006468,-0.009129,0.07718,-0.07881,7.65,-1.58,15.674,15.167,15.018,14.948,14.079,13.715,13.633,-1,1.2057836e-05
CANDIDATE,0,0,0,0,1.956810785,170.6945127,0.0,0.9383,2.16292,27082.0,0.224845,0.84011,14.81,1109.0,357.16,771.1,686,5209.0,4.657,0.603,0.602,15.533,63.2,-63.2,0.029823,-0.019606,0.06867,-0.02721,1.05,-0.96,16.194,15.518,15.25,15.09,14.118,13.646,13.534,-1,0.41345808
CANDIDATE,0,0,0,0,2.688899317,170.1020663,0.0,0.0104,2.12708,39272.0,0.176498,3.85759,12.39,929.0,176.34,2003.4,499,4809.0,4.663,0.643,0.702,15.766,27.4,-27.4,8.5e-05,-6.3e-05,0.01072,-0.00833,1.56,-0.9,16.587,15.72,15.414,15.22,14.178,13.631,13.522,-1,0.0024902155
CANDIDATE,0,0,0,0,28.867136,156.1969,0.0,0.2521,4.543,329.8,0.016197,2.47841,1.48,488.0,13.36,12.3,46,5130.0,4.564,0.837,0.936,15.258,29.8,-29.8,0.001165,-0.000731,0.83985,-1.04393,0.13,-0.05,15.919,15.187,14.974,14.868,13.911,13.442,13.357,-1,0.5691197
CANDIDATE,0,0,0,0,12.732623891,176.93918,0.0,0.7927,2.1938,7044.9,0.08528,4.14746,5.03,431.0,8.16,207.3,110,3945.0,4.721,0.54,0.56,15.75,46.8,-46.8,0.000356,-0.00292,1.2698,-0.55161,0.84,-0.84,16.872,15.715,15.269,15.028,13.909,13.326,13.182,-1,0.5691197
CANDIDATE,0,0,0,0,83.9250821,236.76168,0.0,0.6498,6.84,8890.1,0.090745,1.48742,5.05,226.0,0.62,172.5,18,3960.0,4.747,0.51,0.53,15.754,66.4,-66.4,0.00066,-0.002065,0.34861,-0.22687,0.7,-0.69,16.789,15.679,15.311,15.116,14.0,13.359,13.215,-1,0.5691197
CANDIDATE,0,0,0,0,3.886651442,169.73908,0.0,0.6413,3.1809,614.9,0.023855,0.52661,1.92,1009.0,245.32,48.3,343,5654.0,4.607,0.737,0.801,15.371,14.7,-14.7,0.000373,-0.001469,0.57687,-0.0152,0.55,-0.12,15.88,15.329,15.153,15.075,14.153,13.764,13.648,-1,0.5691197
CANDIDATE,0,0,0,0,39.4760026,173.30907,0.0,0.9522,3.199,1148.4,0.039449,0.73786,4.44,577.0,26.13,25.7,34,6225.0,4.45,1.031,1.091,15.229,51.3,-51.3,0.000301,-0.008266,16.84851,-0.20786,2.03,-0.41,15.656,15.17,15.045,14.986,14.062,13.769,13.713,-1,0.5691197
CANDIDATE,0,0,0,0,23.899635048,188.982762,0.0,1.2248,3.83156,22603.0,0.42649,1.40444,43.03,652.0,42.8,585.9,56,6192.0,4.503,0.924,0.991,15.453,50.9,-50.9,0.096,-0.085381,0.05332,-0.04886,16.86,-3.86,15.897,15.414,15.263,15.17,14.301,13.951,13.89,-1,0.5691197
CANDIDATE,0,0,0,0,2.494169646,170.853649,0.0,0.9641,1.7113,870.5,0.036697,0.25178,3.34,1200.0,490.89,66.2,535,5575.0,4.558,0.834,0.917,15.251,21.0,-21.0,0.019636,-0.004625,0.30033,-0.10414,0.39,-0.14,15.793,15.211,15.019,14.929,13.945,13.542,13.589,-1,0.5691197
CANDIDATE,0,0,0,0,9.61730282,142.47618,0.0,0.0832,3.9346,223.0,0.013782,1.37549,1.75,1011.0,246.88,10.5,135,6505.0,4.381,1.163,1.185,15.237,15.0,-15.0,0.000671,-0.000428,0.08058,-0.4717,0.83,-0.21,15.592,15.199,15.086,15.071,14.233,13.984,13.871,-1,0.5691197
CANDIDATE,0,0,0,0,3.108250854,170.244645,0.0,0.8916,2.4851,2012.6,0.04933,0.30336,4.56,1096.0,340.69,155.7,435,5330.0,4.495,0.847,0.819,15.361,16.3,-16.3,0.000843,-0.001859,0.10851,-0.10542,1.62,-0.44,16.034,15.306,15.072,14.924,13.963,13.571,13.361,-1,0.5691197
CANDIDATE,0,0,0,0,66.788837,184.4778,0.0,0.4854,4.112,476.7,0.020546,5.86042,2.31,490.0,13.61,11.4,15,6297.0,4.448,1.031,1.084,15.083,47.4,-47.4,0.000994,-0.001413,4.53478,-1.51173,0.98,-0.21,15.491,15.033,14.908,14.836,13.96,13.682,13.629,-1,0.5691197
CANDIDATE,0,0,0,0,31.201687691,183.407727,0.0,0.0131,2.181,39632.0,0.181749,41.85672,8.93,286.0,1.59,614.1,44,3750.0,4.797,0.45,0.462,15.798,92.1,-92.1,0.0003,-0.000209,0.23738,-0.6789,1.19,-0.99,17.249,15.856,15.176,14.823,13.584,12.953,12.753,-1,2.5855975e-08
CANDIDATE,0,0,0,0,12.713794233,175.0725692,0.0,0.4454,2.43107,37296.0,0.182515,9.81468,2.31,182.0,0.26,6307.8,107,2661.0,5.283,0.116,0.094,13.102,10.9,-10.9,5.4e-05,-0.00011,0.06232,-0.04944,0.0,0.0,14.028,13.062,12.706,14.292,9.57,8.972,8.695,-1,0.5691197
CANDIDATE,0,0,0,0,17.512016185,174.2825451,0.0,0.9858,1.8225,4572.3,0.105841,3.07178,13.08,804.0,98.77,488.3,76,6224.0,4.33,1.132,0.998,12.336,14.5,-14.5,0.009418,-0.014692,0.17284,-0.28839,5.92,-1.89,12.988,12.398,14.368,14.292,11.332,11.071,11.035,-1,0.5691197
CANDIDATE,0,0,0,0,13.118966756,261.539326,0.0,0.1009,4.3081,377.2,0.017884,1.43937,8.28,1768.0,2310.43,338.8,103,7221.0,3.488,4.24,2.018,9.275,1.3,-1.3,0.00031,-0.000102,0.04652,-0.35567,0.45,-2.35,9.265,9.278,9.392,9.493,8.816,8.765,8.736,-1,0.5691197
CANDIDATE,0,0,0,0,53.5058383,172.98188,0.0,0.0096,10.4924,180.1,0.012335,0.40539,2.49,685.0,52.19,83.4,26,6253.0,4.001,1.851,1.27,9.582,2.7,-2.7,0.000245,-0.000112,0.0053,-0.11734,0.06,-0.06,9.862,9.518,9.462,9.487,8.661,8.457,8.407,-1,0.5691197
CANDIDATE,0,0,0,0,52.56899169,184.971615,0.0,1.2886,6.7778,26661.0,0.500681,0.64875,90.65,722.0,64.12,174.6,27,7201.0,4.202,1.658,1.594,9.729,186.0,-186.0,0.405769,-0.074587,0.09517,-0.04914,75.23,-10.77,9.898,9.697,14.368,14.292,9.225,9.124,9.101,-1,0.5691197
CANDIDATE,0,0,0,0,1.353770439,261.43716,0.0,1.1768,6.74,1343.5,0.225433,0.02294,387.97,4903.0,136609.48,113.1,996,4283.0,2.012,15.76,0.931,10.523,38.3,-38.3,0.368194,-0.15573,0.00048,-0.00619,121.4,-41.48,11.833,10.782,14.368,14.292,8.302,7.63,7.465,-1,6.735627e-35
CANDIDATE,0,0,0,0,18.95473176,262.3942881,0.0,0.4711,16.24,507.1,0.023196,1.0851,2.41,941.0,185.17,33.5,59,5806.0,4.466,0.962,0.965,10.988,19.3,-19.3,0.000832,-0.000914,0.22037,-0.18209,0.88,-0.26,11.164,10.93,10.869,10.87,10.083,9.85,9.815,-1,0.5691197
CANDIDATE,0,0,0,0,47.93095212,179.09625,0.0,1.1963,2.6873,2158.2,0.249498,0.97744,52.8,905.0,158.41,212.6,28,8214.0,4.104,1.938,1.737,10.376,12.2,-12.2,0.002334,-0.172004,0.08695,-0.03994,28.06,-9.81,10.351,10.384,10.501,10.644,9.951,9.913,9.887,-1,0.5691197
CANDIDATE,0,0,0,0,16.15811112,143.00233,0.0,1.8572,6.049,2319.8,0.902495,0.04658,86.13,660.0,44.83,52.8,67,5619.0,4.536,0.874,0.956,15.488,68.1,-68.1,0.097438,-0.53693,0.01914,-0.01018,36.08,-6.6,16.084,15.416,15.233,15.129,14.11,13.804,13.859,-1,0.5691197
CANDIDATE,0,0,0,0,4.57833333,132.3019,0.0,0.0275,3.984,149.0,0.011117,0.63466,1.11,1067.0,306.24,10.8,276,5880.0,4.518,0.917,1.01,15.214,15.1,-15.1,0.000731,-0.000656,0.01871,-0.36538,0.43,-0.09,15.743,15.17,14.988,14.927,13.998,13.664,13.621,-1,0.5691197
CANDIDATE,0,0,0,0,86.723152,195.3513,0.0,0.059,4.794,277.8,0.015184,6.91023,1.45,391.0,5.5,9.7,16,5830.0,4.54,0.876,0.97,14.246,31.1,-31.1,0.000749,-0.001282,0.09787,-4.28576,0.54,-0.11,14.719,14.184,14.043,13.973,13.118,12.759,12.732,-1,0.5691197
CANDIDATE,0,0,0,0,4.29895465,132.85604,0.0,0.0837,2.15,246.5,0.014171,3.77443,1.42,1040.0,276.97,19.8,313,5518.0,4.473,0.919,0.915,14.613,14.3,-14.3,0.000653,-0.000546,0.00501,-1.95787,0.56,-0.14,15.224,14.534,14.352,14.287,13.284,12.909,12.835,-1,0.5691197
CANDIDATE,0,0,0,0,16.9974474,143.8681,0.0,0.0494,2.711,261.9,0.01493,7.50097,1.9,836.0,115.43,13.3,34,6495.0,4.379,1.168,1.19,14.5,24.6,-24.6,0.001076,-0.000601,1.72989,-3.37677,1.08,-0.24,14.854,14.452,14.349,14.334,13.463,13.212,13.103,-1,0.5691197
CANDIDATE,0,0,0,0,54.35637078,164.069867,0.0,1.0574,6.4393,10787.0,0.213945,0.36458,33.13,598.0,30.26,787.6,23,6058.0,4.144,1.418,1.023,12.899,19.0,-19.0,0.078967,-0.03064,0.00619,-0.01421,16.8,-8.53,13.335,12.848,12.712,12.636,11.784,11.529,11.446,-1,0.5691197
CANDIDATE,0,0,0,0,0.591914636,355.353699,0.0,1.25,1.0184,1247.0,0.292741,0.39082,20.91,1647.0,1738.73,67.7,1921,5120.0,4.659,0.654,0.712,15.643,28.8,-28.8,0.425346,-0.171025,0.28963,-0.0621,3.45,-1.44,16.353,15.593,15.339,15.166,14.123,13.631,13.508,-1,0.5691197
CANDIDATE,0,0,0,0,46.245179,136.48007,0.0,0.1655,5.62,443.6,0.019109,2.23472,1.73,453.0,9.94,14.1,28,5573.0,4.558,0.827,0.902,15.376,32.9,-32.9,0.001193,-0.000691,0.47607,-0.89377,0.71,-0.14,15.972,15.332,15.121,15.034,14.128,13.656,13.535,-1,0.5691197
CANDIDATE,0,0,0,0,5.67015514,136.201948,0.0,0.9601,0.8315,700.8,0.033551,4.67931,0.67,342.0,3.23,48.2,232,3337.0,5.125,0.184,0.164,13.783,28.1,-28.1,0.000179,-0.004652,13.83641,-1.12522,0.47,-0.18,14.891,13.759,13.308,14.292,11.494,10.924,10.675,-1,0.5691197
CANDIDATE,0,0,0,0,1.187352514,133.4658947,0.0,0.0036,2.77308,18740.0,0.112095,0.67688,17.99,2236.0,5906.09,2167.4,1125,6422.0,4.195,1.47,1.236,13.623,11.6,-11.6,9.6e-05,-3.9e-05,0.00098,-0.00495,10.68,-4.37,13.939,13.558,13.488,14.292,12.35,12.142,12.087,-1,0.5691197
CANDIDATE,0,0,0,0,5.714817623,355.008347,0.0,0.0022,3.15564,13786.0,0.106906,2.08568,9.83,943.0,187.27,566.3,200,5695.0,4.526,0.842,0.869,15.623,29.3,-29.3,0.000245,-7e-05,0.01257,-0.03644,4.35,-0.91,16.237,15.596,15.36,15.256,14.295,13.888,13.856,-1,0.5691197
CANDIDATE,0,0,0,0,185.02287881,273.185524,0.0,1.6423,4.85043,44767.0,0.90471,12.28259,101.66,344.0,3.33,898.5,8,6195.0,4.437,1.029,1.051,14.685,62.9,-62.9,0.095227,-0.111971,0.74181,-0.86296,47.62,-9.78,15.135,14.65,14.493,14.438,13.584,13.268,13.23,-1,2.3934326e-05
CANDIDATE,0,1,0,0,1.3437673,133.276095,0.0,0.8826,1.9096,4812.1,0.074228,0.42159,18.74,2651.0,11675.38,372.2,797,6324.0,3.8,2.312,1.23,13.056,18.7,-18.7,0.000391,-0.000478,0.0235,-0.02212,5.13,-8.81,13.329,12.993,12.941,14.292,11.831,11.614,11.528,-1,0.18840797
CANDIDATE,0,0,0,0,9.95637031,134.2934,0.0,1.1621,5.065,592.4,0.188806,0.01167,21.61,901.0,155.78,34.5,137,6140.0,4.455,1.048,1.142,15.22,24.7,-24.7,0.458639,-0.157266,0.00529,-0.00086,8.24,-2.0,15.65,15.15,15.035,14.95,14.08,13.802,13.725,-1,0.5691197
CANDIDATE,0,0,0,0,9.6550435,137.08049,0.0,0.7391,2.889,321.7,0.017792,1.16157,1.54,708.0,59.4,12.3,117,5258.0,4.584,0.793,0.879,15.692,28.2,-28.2,0.003887,-0.001767,2.36323,-1.08151,0.4,-0.11,16.393,15.628,15.392,15.283,14.24,13.758,13.752,-1,0.5691197
CANDIDATE,0,0,0,0,51.59804248,203.980857,0.0,0.1645,2.0133,6474.0,0.073312,63.62966,6.85,450.0,9.67,81.2,25,5693.0,4.551,0.856,0.95,15.617,106.0,-106.0,0.001513,-0.000759,3.9112,-15.37335,2.9,-0.52,16.184,15.554,15.374,15.262,14.338,13.865,13.914,-1,0.5691197
CANDIDATE,0,0,0,0,90.1244628,356.23046,0.0,0.6651,11.747,3628.7,0.058374,0.26179,7.65,478.0,12.37,67.0,13,6444.0,4.376,1.2,1.248,14.96,53.1,-53.1,1.4e-05,-0.002977,0.2889,-0.03,5.17,-0.95,15.395,14.892,14.774,14.822,13.968,13.698,13.593,-1,0.5691197
CANDIDATE,0,0,0,0,13.2302557,134.3726,0.0,0.8883,5.81,136.1,0.012466,0.06646,1.37,823.0,108.68,9.7,98,6225.0,4.461,1.009,1.07,14.818,20.5,-20.5,0.002181,-0.001902,1.5261,-0.03082,0.56,-0.13,15.242,14.762,14.636,14.551,13.684,13.394,13.392,-1,0.5691197
CANDIDATE,0,0,0,0,3.71841761,134.6565,0.0,0.0301,3.704,77.0,0.008013,0.63645,0.84,1184.0,464.19,10.1,340,5982.0,4.493,0.96,1.047,14.794,10.1,-10.1,0.000506,-0.000727,0.05675,-0.4479,0.36,-0.08,15.273,14.725,14.588,14.497,13.585,13.244,13.202,-1,0.5691197
CANDIDATE,0,0,0,0,7.37292311,137.60914,0.0,0.4726,1.4996,208.9,0.013568,13.3029,1.59,1004.0,240.11,19.7,180,5973.0,4.371,1.07,0.982,13.835,12.9,-12.9,0.000339,-0.000733,6.75205,-3.46616,0.27,-0.16,14.216,13.785,13.672,13.591,12.761,12.484,12.43,-1,0.5691197
CANDIDATE,0,0,0,0,13.55480416,139.81805,0.0,0.1667,2.287,59.2,0.006929,9.36313,0.66,680.0,50.41,19.0,76,5370.0,4.494,0.874,0.869,11.157,3.7,-3.7,0.000444,-0.000175,1.39432,-4.49605,0.25,-0.06,11.699,11.198,14.368,14.292,9.503,9.105,9.003,-1,0.5691197
CANDIDATE,0,0,0,0,0.848483797,133.585468,0.0,1.245,1.449,2064.4,0.298686,0.23647,30.53,1906.0,3117.82,194.9,1573,5941.0,4.504,0.936,1.019,15.323,13.0,-13.0,0.334773,-0.177584,0.10369,-0.02761,12.78,-2.68,15.833,15.256,15.104,14.993,14.015,13.698,13.629,-1,0.5691197
CANDIDATE,0,0,0,0,475.95433,588.8423,0.0,0.3776,11.85,904.7,0.027838,2.10652,1.8,173.0,0.21,13.8,3,5209.0,4.711,0.591,0.656,15.259,90.3,-90.3,0.000947,-0.002428,0.33502,-1.47976,0.19,-0.08,15.899,15.233,14.986,14.84,13.868,13.452,13.346,-1,0.5691197
CANDIDATE,0,0,0,0,2.83669898,353.8098,0.0,0.2728,3.018,178.2,0.012235,0.81621,1.23,1242.0,562.48,12.1,358,5831.0,4.517,0.921,1.016,15.808,16.2,-16.2,0.000582,-0.000775,0.18848,-0.33921,0.53,-0.1,16.324,15.706,15.587,15.481,14.438,14.14,13.961,-1,0.5691197
CANDIDATE,0,0,0,0,302.38868575,309.186933,0.0,1.1323,3.0907,42875.0,0.437196,59.90723,34.99,228.0,0.64,366.7,5,5324.0,4.546,0.733,0.689,14.041,194.0,-194.0,0.223655,-0.114963,7.03113,-3.80476,46.03,-3.58,14.664,14.013,13.774,13.657,12.727,12.268,12.218,-1,4.8529404e-07
CANDIDATE,0,0,0,0,30.58725115,162.88359,0.0,0.2501,5.4752,566.1,0.021915,1.5294,2.28,594.0,29.48,54.7,44,6075.0,4.495,0.952,1.033,14.143,11.8,-11.8,0.000403,-0.000325,0.1831,-0.28062,0.89,-0.21,14.581,14.09,13.956,13.89,13.028,12.723,12.685,-1,0.5691197
CANDIDATE,0,0,0,0,17.4532952,146.66158,0.0,0.0267,4.032,84.9,0.008327,2.30078,0.81,656.0,43.65,12.8,71,5516.0,4.448,0.895,0.82,13.404,7.3,-7.3,0.000715,-0.000172,0.43342,-0.88889,0.14,-0.07,13.883,13.367,13.198,13.111,12.198,11.819,11.745,-1,0.5691197
CANDIDATE,0,0,0,0,21.7202824,134.7671,0.0,0.4476,3.997,93.5,0.008958,2.12226,0.88,609.0,32.59,11.6,54,5516.0,4.448,0.895,0.82,13.404,10.6,-10.6,0.000723,-0.000461,2.9536,-0.90338,0.14,-0.08,13.883,13.367,13.198,13.111,12.198,11.819,11.745,-1,0.5691197
CANDIDATE,0,1,0,0,6.810825021,136.0466572,0.0,0.5676,7.9421,14413.0,0.11487,0.10375,26.08,1627.0,1656.16,2465.2,159,7226.0,3.967,2.079,1.461,12.628,5.9,-5.9,3.6e-05,-6e-05,0.00074,-0.00051,9.17,-8.62,12.796,12.572,12.541,12.542,11.768,11.61,11.548,-1,0.5691197
CANDIDATE,0,0,0,0,0.689209786,133.28612,0.0,0.0633,1.611,201.8,0.012874,1.5062,1.29,1927.0,3258.36,93.5,1942,5676.0,4.529,0.918,1.038,13.248,2.6,-2.6,0.000324,-0.000179,0.06371,-0.4039,0.21,-0.05,13.661,13.175,13.071,13.01,12.103,11.768,11.715,-1,0.47451627
CANDIDATE,0,0,0,0,2.98809136,133.27197,0.0,1.2574,3.738,900.4,0.289824,0.02153,25.7,1101.0,347.58,49.3,358,5492.0,4.576,0.812,0.911,15.381,22.7,-22.7,0.369438,-0.225758,0.0106,-0.00427,10.16,-1.9,16.004,15.323,15.113,14.956,14.015,13.662,13.529,-1,0.5691197
CANDIDATE,0,0,0,0,119.0624476,149.22216,0.0,0.9419,3.0992,5825.0,0.09457,5.84604,9.5,366.0,4.26,70.5,13,5697.0,4.392,0.92,0.76,15.289,110.0,-110.0,0.141682,-0.013501,1.95151,-1.8656,4.66,-1.58,15.851,15.26,15.048,14.937,14.03,13.607,13.532,-1,0.5691197
CANDIDATE,0,1,0,0,2.698025195,136.3330757,0.0,0.0012,5.6096,5770.2,0.040779,0.15083,5.78,1632.0,1677.42,478.2,501,6616.0,4.329,1.298,1.31,13.717,12.7,-12.7,5.6e-05,-0.000272,0.0003,-0.00111,3.25,-0.94,14.015,13.651,13.589,13.556,12.772,12.559,12.518,-1,0.5691197
CANDIDATE,0,0,0,0,1.714274601,133.3158582,0.0,1.1785,2.07118,31779.0,0.439084,0.99972,25.6,825.0,109.39,1444.6,782,3872.0,4.718,0.534,0.542,15.686,31.5,-31.5,0.029351,-0.050994,0.01517,-0.02463,2.4,-2.39,17.047,15.733,15.103,14.678,13.394,12.771,12.61,-1,0.0028198776
CANDIDATE,0,0,0,0,137.75960119,173.164694,0.0,0.7444,9.1961,94247.0,0.32294,1.95436,30.68,308.0,2.14,1525.8,10,5228.0,4.467,0.87,0.809,15.324,132.0,-132.0,0.002817,-0.002385,0.00917,-0.01456,11.57,-3.24,16.047,15.26,15.014,14.875,13.817,13.38,13.224,-1,4.3081826e-26
CANDIDATE,0,0,0,0,2.155278068,133.5762844,0.0,0.9219,2.10807,21566.0,0.190342,0.86628,16.94,1269.0,613.98,1056.5,616,5658.0,4.567,0.815,0.895,13.997,37.6,-37.6,0.008371,-0.009723,0.02034,-0.02775,6.38,-1.27,14.493,13.931,13.785,13.687,12.746,12.431,12.355,-1,0.5691197
CANDIDATE,0,0,0,0,165.7419042,214.03078,0.0,0.0479,24.838,6701.5,0.072945,0.11237,56.25,695.0,55.1,461.0,9,5015.0,2.99,7.062,1.782,12.263,58.9,-58.9,0.001092,-1.8e-05,0.00162,-0.01041,2.06,-2.05,13.078,12.24,11.914,11.729,10.616,10.094,9.989,-1,0.5691197
CANDIDATE,0,0,0,0,119.40823529,232.648973,0.0,0.9153,9.3389,19514.0,0.173771,0.49069,11.5,275.0,1.34,509.6,11,5064.0,4.653,0.606,0.602,14.427,59.7,-59.7,0.007059,-0.006737,0.01009,-0.0192,1.95,-0.8,15.104,14.397,14.137,13.968,12.941,12.43,12.38,-1,0.5691197
CANDIDATE,0,0,0,0,0.783276166,355.94867,0.0,0.1573,1.6202,283.2,0.015467,1.63137,1.74,2079.0,4415.56,47.3,1447,6108.0,4.466,1.03,1.132,15.005,7.2,-7.2,0.000382,-0.000265,0.13501,-0.4274,0.73,-0.17,15.458,14.939,14.812,14.773,13.848,13.504,13.517,-1,0.54881436
CANDIDATE,0,0,0,0,3.17405968,357.05727,0.0,0.2331,2.2726,296.3,0.015841,2.2158,1.78,1302.0,679.52,29.3,302,6108.0,4.466,1.03,1.132,15.005,11.3,-11.3,0.00053,-0.000366,0.22533,-0.78374,0.75,-0.17,15.458,14.939,14.812,14.773,13.848,13.504,13.517,-1,0.5691197
CANDIDATE,0,0,0,0,99.6443146,283.236211,0.0,0.9569,5.1243,3291.6,0.072027,0.70533,9.35,464.0,10.94,159.1,13,6459.0,4.371,1.189,1.211,13.75,30.2,-30.2,0.009323,-0.006937,0.02171,-0.13024,5.75,-1.16,14.074,13.68,13.611,13.588,12.734,12.525,12.473,-1,0.5691197
CANDIDATE,0,0,0,0,19.03720488,148.55255,0.0,0.108,3.4299,426.7,0.019039,4.14122,2.11,745.0,72.69,25.3,71,6258.0,4.423,1.013,0.99,14.898,18.6,-18.6,0.00056,-0.000523,0.29935,-1.29242,0.85,-0.24,15.318,14.86,14.718,14.649,13.787,13.407,13.391,-1,0.5691197
CANDIDATE,0,1,0,0,2.739873777,134.5504788,0.0,0.6895,4.10195,20528.0,0.140258,0.26411,20.68,1672.0,1848.86,1137.8,486,6534.0,4.237,1.35,1.15,11.743,16.5,-16.5,9.1e-05,-0.00016,0.00303,-0.00193,10.4,-4.11,11.998,11.686,11.634,11.626,10.803,10.574,10.541,-1,0.5691197
CANDIDATE,0,0,0,0,5.082733397,137.2586,0.0,0.8667,6.193,2191.8,0.046817,0.04008,5.11,1059.0,296.94,97.4,261,5780.0,4.438,1.0,1.0,12.777,29.2,-29.2,0.000242,-0.000399,0.01207,-0.00594,0.0,0.0,13.468,12.739,12.481,14.292,11.152,10.625,10.55,-1,0.5691197
CANDIDATE,0,0,0,0,268.9412889,360.070856,0.0,0.7688,5.4226,9560.8,0.097962,6.85216,10.58,298.0,1.87,149.1,4,6201.0,4.472,0.989,1.058,14.814,82.1,-82.1,0.000981,-0.001126,0.65339,-1.01424,4.61,-1.04,15.209,14.752,14.645,14.589,13.669,13.407,13.278,-1,0.5691197
CANDIDATE,0,0,0,0,162.0540766,278.849685,0.0,0.6559,9.8894,5124.6,0.069319,0.85127,10.51,438.0,8.67,323.2,8,6628.0,4.235,1.389,1.215,13.632,23.0,-23.0,0.000449,-0.000362,0.05936,-0.07574,5.74,-2.07,13.94,13.585,13.5,13.448,12.654,12.424,12.349,-1,0.5691197
CANDIDATE,0,0,0,0,4.429625295,355.144573,0.0,1.2649,3.1437,6312.7,0.36608,0.17897,32.34,950.0,192.62,207.8,251,5344.0,4.545,0.809,0.837,15.91,53.1,-53.1,0.279642,-0.195076,0.02841,-0.01187,11.55,-2.8,16.511,15.785,15.653,15.461,14.436,13.925,13.929,-1,0.5691197
CANDIDATE,0,0,0,0,34.2963017,143.67449,0.0,0.1214,18.639,473.8,0.019823,0.0465,1.69,493.0,13.98,67.1,40,5433.0,4.505,0.783,0.716,14.965,13.9,-13.9,0.000484,-0.0003,0.0027,-0.00829,2.65,-0.19,15.594,14.934,14.695,14.565,13.575,13.112,13.072,-1,0.5691197
CANDIDATE,0,0,0,0,6.84638908,133.76249,0.0,0.1349,3.3562,159.2,0.011514,1.54222,1.32,1001.0,237.62,39.9,191,6029.0,4.457,1.049,1.149,13.137,4.6,-4.6,0.000327,-0.000234,0.15128,-0.40541,0.28,-0.07,13.463,13.082,12.998,12.954,12.13,11.898,11.837,-1,0.5691197
CANDIDATE,0,0,0,0,1.634614126,133.96895,0.0,0.8936,2.677,23938.0,0.156852,0.32138,16.75,1620.0,1627.38,716.1,654,6124.0,4.46,0.978,1.001,15.31,65.7,-65.7,0.00494,-0.005158,0.00835,-0.01271,6.78,-1.71,15.802,15.269,15.098,14.986,14.118,13.851,13.789,-1,0.5691197
CANDIDATE,0,0,0,0,0.711966924,134.223572,0.0,1.1617,2.04467,7053.3,0.27754,0.23879,25.16,1857.0,2808.98,439.1,1498,5486.0,4.47,0.83,0.741,15.469,22.0,-22.0,0.248783,-0.090578,0.08413,-0.01774,15.85,-3.22,16.119,15.44,15.191,15.027,14.085,13.593,13.616,-1,0.5691197
CANDIDATE,0,0,0,0,53.100947891,135.9716814,0.0,0.9454,2.27432,20258.0,0.197826,15.1507,15.99,407.0,6.48,1075.0,27,5378.0,4.576,0.74,0.752,12.907,37.6,-37.6,0.011133,-0.011108,0.28916,-0.52141,4.21,-1.34,13.449,12.84,12.674,12.53,11.56,11.115,11.053,-1,0.5691197
CANDIDATE,0,0,0,0,80.9669568,160.9768,0.0,0.028,2.5476,5405.0,0.066922,50.11006,5.39,364.0,4.14,44.3,13,5610.0,4.61,0.737,0.807,15.671,133.0,-133.0,0.001809,-0.000758,1.68563,-13.13537,2.02,-0.36,16.254,15.637,15.421,15.303,14.341,14.014,13.884,-1,0.5691197
CANDIDATE,0,0,0,0,6.80083977,359.17758,0.0,0.0368,2.0436,748.0,0.024191,7.21233,1.88,709.0,59.74,25.8,127,4812.0,4.607,0.713,0.751,15.238,35.5,-35.5,0.001583,-0.000337,0.89119,-2.76138,0.21,-0.15,16.096,15.178,14.871,14.706,13.697,13.07,12.972,-1,0.5691197
CANDIDATE,0,0,0,0,10.7240188,357.14676,0.0,1.3873,3.8328,14602.0,0.538023,0.47751,53.17,783.0,88.64,105.9,204,5582.0,4.445,0.905,0.832,15.613,177.0,-177.0,0.316618,-0.181494,0.0704,-0.05155,22.5,-6.58,16.225,15.554,15.351,15.169,14.231,13.758,13.705,-1,0.5691197
CANDIDATE,0,0,0,0,3.014331377,357.37975,0.0,0.3116,2.4864,1096.6,0.029733,1.57562,3.09,1124.0,377.79,57.8,380,5209.0,4.446,0.953,0.925,15.673,22.9,-22.9,0.000508,-0.0009,0.34584,-0.23661,1.12,-0.35,16.488,15.597,15.325,15.176,14.163,13.702,13.534,-1,0.5691197
CANDIDATE,0,0,0,0,104.8206039,374.83151,0.0,0.9152,4.4697,4227.0,0.071547,1.71369,6.64,376.0,4.74,75.1,12,5986.0,4.527,0.85,0.886,15.229,84.0,-84.0,0.001491,-0.001242,0.17537,-0.22848,2.87,-0.61,15.705,15.188,15.025,14.921,14.013,13.65,13.532,-1,0.5691197
CANDIDATE,0,0,0,0,20.5135449,357.49686,0.0,0.6047,3.4336,1208.3,0.033059,2.51282,2.51,536.0,19.47,31.4,58,5305.0,4.622,0.695,0.739,15.406,45.9,-45.9,0.006498,-0.001691,2.32576,-0.17525,0.57,-0.19,16.027,15.352,15.14,14.98,13.962,13.538,13.447,-1,0.5691197
CANDIDATE,0,0,0,0,19.30096321,133.36318,0.0,0.1192,5.9025,225.5,0.013665,0.80813,3.59,1006.0,241.86,44.2,71,5754.0,3.785,2.407,1.287,13.601,5.5,-5.5,0.000487,-0.00021,0.07618,-0.24062,1.49,-1.78,14.238,13.554,13.327,14.292,12.144,11.783,11.7,-1,0.5691197
CANDIDATE,0,0,0,0,18.610092049,139.0851028,0.0,1.2899,4.98267,56955.0,0.616477,1.17763,59.98,686.0,52.24,1339.5,72,6077.0,4.526,0.891,0.974,15.84,60.6,-60.6,0.136493,-0.102532,0.07113,-0.0952,21.27,-4.91,16.297,15.799,15.645,15.565,14.66,14.389,14.308,-1,1.5627313e-09
CANDIDATE,0,0,0,0,1.13752506,133.8056018,0.0,1.2328,2.68813,19178.0,0.419566,0.26294,42.93,1746.0,2197.52,1366.3,1177,5912.0,4.467,0.937,0.939,15.452,19.7,-19.7,0.027429,-0.024096,0.00553,-0.00598,17.0,-4.54,15.955,15.408,15.237,15.156,14.188,13.788,13.796,-1,0.5691197
CANDIDATE,0,0,0,0,23.799941396,152.5653551,0.0,1.4321,5.01331,62463.0,0.764883,1.75268,79.93,637.0,38.92,2623.6,57,5934.0,4.473,0.957,0.991,14.669,48.4,-48.4,0.083351,-0.091314,0.08944,-0.11146,32.41,-7.85,15.157,14.616,14.46,14.365,13.552,13.204,13.147,-1,3.7537564e-09
CANDIDATE,0,0,0,0,7.981186943,133.8021989,0.0,17.173,1.80163,8100.7,16.250244,57.30851,1755.01,966.0,205.88,477.7,170,6217.0,4.472,0.989,1.056,14.36,23.2,-23.2,6.75215,-11.68711,41.17719,-47.46637,757.7,-159.7,14.766,14.313,14.187,14.135,13.315,12.994,12.884,-1,0.5691197
CANDIDATE,0,0,0,0,1.694740676,355.357311,0.0,0.7855,1.8284,1593.4,0.041477,0.78522,2.55,843.0,119.49,96.0,662,3872.0,4.693,0.563,0.569,15.804,20.0,-20.0,0.002922,-0.005623,1.61648,-0.34696,0.36,-0.23,17.212,15.915,15.201,14.855,13.623,12.94,12.768,-1,0.5691197
CANDIDATE,0,0,0,0,6.247032753,356.90971,0.0,0.6246,1.532,1693.4,0.039135,8.40565,2.32,551.0,21.78,46.2,183,3957.0,4.71,0.542,0.549,15.369,41.4,-41.4,0.005473,-0.002906,7.79973,-0.51001,0.21,-0.22,16.683,15.36,14.805,14.458,13.25,12.59,12.427,-1,0.5691197
CANDIDATE,0,0,0,0,8.75061175,358.24027,0.0,0.7067,2.9192,1001.3,0.031007,1.25945,2.64,681.0,50.88,30.2,127,4939.0,4.6,0.78,0.884,15.92,36.2,-36.2,0.00013,-0.003135,1.98686,-0.05337,0.34,-0.13,16.787,15.845,15.549,15.36,14.339,13.869,13.736,-1,0.5691197
CANDIDATE,0,0,0,0,18.9062244,140.8336,0.0,0.5168,3.693,414.4,0.019118,2.14774,0.94,336.0,3.03,11.9,68,3750.0,4.813,0.45,0.48,15.931,42.6,-42.6,0.000901,-0.00139,2.15967,-0.27435,0.19,-0.19,16.95,15.864,15.494,15.298,14.167,13.601,13.484,-1,0.5691197
CANDIDATE,0,0,0,0,305.0763426,294.06742,0.0,0.7068,6.251,4043.9,0.06223,5.25197,7.61,279.0,1.44,153.3,5,5721.0,4.377,1.12,1.09,13.377,33.0,-33.0,0.000473,-0.003412,3.44961,-1.22727,1.88,-0.67,13.967,13.332,13.125,13.051,12.088,11.772,11.689,-1,0.5691197
CANDIDATE,0,0,0,0,13.35150733,363.086415,0.0,0.4748,3.5814,3525.5,0.054492,2.04845,4.49,585.0,27.77,110.6,81,4843.0,4.562,0.754,0.755,15.825,37.6,-37.6,0.004112,-0.001681,0.92405,-0.04345,0.48,-0.38,16.698,15.761,15.451,15.316,14.157,13.675,13.489,-1,0.5691197
CANDIDATE,0,0,0,0,4.88449286,135.25267,0.0,0.2043,1.784,231.1,0.013729,7.11731,0.84,622.0,35.41,7.4,208,4080.0,4.7,0.558,0.567,15.84,35.3,-35.3,0.001187,-0.001274,3.04763,-6.92677,0.06,-0.05,17.131,15.805,15.287,15.017,13.804,13.194,13.058,-1,0.5691197
CANDIDATE,0,0,0,0,345.1598738,318.308351,0.0,0.8693,7.5266,5074.4,0.076407,1.74681,7.95,245.0,0.85,191.7,4,5628.0,4.503,0.953,1.054,13.46,35.5,-35.5,0.000565,-0.000606,0.11222,-0.10815,1.19,-0.37,13.976,13.379,13.239,13.159,12.226,11.888,11.814,-1,0.5691197
CANDIDATE,0,0,0,0,40.24651607,161.306005,0.0,0.8629,6.2226,165090.0,0.528846,2.83336,97.66,768.0,82.27,728.1,32,6594.0,4.051,1.691,1.174,13.092,586.0,-586.0,0.035119,-0.050192,0.07139,-0.07841,44.81,-29.52,13.635,13.04,12.859,14.292,12.074,11.851,11.807,-1,0.0
CANDIDATE,0,0,0,0,2.279996661,133.640873,0.0,0.6287,5.2888,14262.0,0.102164,0.1076,18.87,1999.0,3775.07,381.3,581,6594.0,4.051,1.691,1.174,13.092,30.7,-30.7,0.000457,-0.000341,0.0027,-0.00731,8.65,-5.71,13.635,13.04,12.859,14.292,12.074,11.851,11.807,-1,0.5691197
CANDIDATE,0,1,0,0,2.48658679,134.110126,0.0,0.0037,2.73622,45802.0,0.193582,1.75894,24.39,1442.0,1022.7,498.3,533,5933.0,4.386,1.154,1.183,15.418,126.0,-126.0,0.000533,-0.000158,0.01164,-0.02941,16.39,-3.04,15.987,15.351,15.174,15.096,14.205,13.863,13.717,-1,6.154492e-07
CANDIDATE,0,1,0,0,1.152216939,133.2778,0.0,0.8374,2.2261,12304.0,0.114856,0.40764,22.2,2694.0,12460.51,162.3,1158,7172.0,4.107,1.77,1.46,13.63,125.0,-125.0,0.000942,-0.001815,0.04935,-0.0368,12.63,-5.08,13.839,13.56,13.525,13.478,12.727,12.502,12.449,-1,0.22695875
CANDIDATE,0,0,0,0,15.068059056,363.54977,0.0,0.8765,3.312,22234.0,0.168372,1.61658,17.65,742.0,71.78,303.5,56,5982.0,4.493,0.96,1.047,15.95,118.0,-118.0,0.006642,-0.006286,0.05646,-0.09719,5.88,-1.64,16.48,15.905,15.723,15.665,14.732,14.398,14.329,-1,0.5691197
CANDIDATE,0,0,0,0,8.98128219,354.82999,0.0,0.1651,5.016,5577.6,0.068134,0.70741,7.6,897.0,153.36,72.6,126,5977.0,4.473,1.022,1.133,15.703,94.4,-94.4,0.001184,-0.000956,0.05231,-0.13858,2.77,-0.66,16.193,15.615,15.493,15.434,14.63,14.193,14.18,-1,0.5691197
CANDIDATE,0,0,0,0,9.771461688,135.584865,0.0,0.9497,1.7675,7175.9,0.112984,2.9251,10.49,797.0,95.4,256.2,108,5804.0,4.553,0.85,0.939,14.245,44.5,-44.5,0.021061,-0.016758,0.17648,-0.54076,3.87,-0.8,14.709,14.193,14.046,13.997,13.156,12.828,12.785,-1,0.5691197
CANDIDATE,0,0,0,0,281.5626054,357.996804,0.0,0.0071,8.8699,23021.0,0.13393,4.96127,9.86,199.0,0.37,249.3,4,4769.0,4.635,0.674,0.718,15.962,108.0,-108.0,0.000612,-0.00019,0.03622,-0.12571,1.27,-0.79,16.833,15.877,15.588,15.397,14.422,13.949,13.945,-1,0.4409933
CANDIDATE,0,0,0,0,23.02030318,357.786053,0.0,0.7413,3.496,6369.1,0.079268,2.19477,8.22,601.0,30.83,91.6,46,5610.0,4.504,0.95,1.051,15.573,84.3,-84.3,0.001045,-0.006555,3.28776,-0.83102,3.19,-0.68,16.189,15.507,15.309,15.239,14.363,13.971,13.779,-1,0.5691197
CANDIDATE,0,0,0,0,169.49954,228.984,0.0,0.8536,8.674,13960.0,0.126003,0.86758,9.89,267.0,1.21,114.1,6,5272.0,4.598,0.719,0.749,15.917,231.0,-231.0,0.002291,-0.003544,0.13146,-0.10501,2.26,-0.81,16.528,15.86,15.655,15.554,14.615,14.233,13.996,-1,0.5691197
CANDIDATE,0,0,0,0,4.98838102,358.2339,0.0,0.9205,8.678,721.4,0.029818,0.00857,2.71,998.0,234.55,55.4,172,5835.0,4.556,0.833,0.91,15.752,15.9,-15.9,0.000763,-0.001285,0.00349,-0.00327,1.19,-0.22,16.305,15.718,15.515,15.415,14.452,14.137,14.06,-1,0.5691197
CANDIDATE,0,0,0,0,7.00441825,137.90521,0.0,0.7378,2.706,248.3,0.015632,1.01954,1.22,740.0,71.07,8.2,193,5100.0,4.621,0.714,0.785,15.887,28.2,-28.2,0.005313,-0.001741,2.32204,-0.81503,0.19,-0.09,16.619,15.845,15.573,15.452,14.424,13.946,13.858,-1,0.5691197
CANDIDATE,0,0,0,0,185.9526143,288.874301,0.0,1.2561,3.6474,11352.0,0.393396,7.09135,36.26,300.0,1.92,155.5,5,5850.0,4.555,0.844,0.932,14.305,112.0,-112.0,0.386789,-0.093932,1.57229,-0.30466,14.43,-2.67,14.764,14.254,14.108,14.051,13.196,12.887,12.806,-1,0.5691197
CANDIDATE,0,0,0,0,3.47020372,356.10043,0.0,0.2286,2.3119,1140.0,0.030216,2.41155,2.45,933.0,179.02,16.2,323,4922.0,4.555,0.744,0.726,15.305,53.3,-53.3,0.00112,-0.001123,0.53605,-0.67218,0.33,-0.22,16.116,15.22,14.958,14.987,13.486,13.0,12.926,-1,0.5691197
CANDIDATE,0,0,0,0,36.12896178,388.551247,0.0,0.9235,2.0902,3768.0,0.069195,5.22365,6.91,547.0,21.21,55.2,33,5926.0,4.482,0.914,0.925,15.6,132.0,-132.0,0.028781,-0.007154,0.016,-2.85289,2.77,-0.73,16.116,15.558,15.378,15.277,14.366,13.978,13.819,-1,0.5691197
CANDIDATE,0,0,0,0,0.840591182,131.74203,0.0,0.249,1.389,54.7,0.006745,2.52472,0.65,1779.0,2368.31,12.3,1474,5440.0,4.438,0.885,0.782,14.48,5.7,-5.7,0.000494,-0.000387,0.57106,-1.42159,0.35,-0.09,15.106,14.44,14.211,14.105,13.154,12.736,12.684,-1,0.5691197
CANDIDATE,0,0,0,0,0.839961832,178.35333,0.0,0.1283,1.3063,558.9,0.021103,3.37603,1.7,1470.0,1102.46,33.7,1552,4924.0,4.598,0.737,0.784,15.929,20.4,-20.4,0.001025,-0.000473,0.42516,-1.22387,0.19,-0.13,16.742,15.866,15.581,15.414,14.346,13.898,13.873,-1,0.5691197
CANDIDATE,0,0,0,0,57.132667,152.9985,0.0,0.5384,5.356,419.6,0.019102,2.03249,1.67,387.0,5.32,10.0,23,5192.0,4.583,0.802,0.896,15.369,49.1,-49.1,0.001459,-0.001132,3.74838,-0.15732,0.37,-0.11,16.086,15.292,15.062,14.939,13.925,13.437,13.354,-1,0.5691197
CANDIDATE,0,0,0,0,192.662987,162.9032,0.0,0.3701,4.607,1063.3,0.030078,14.76096,2.83,295.0,1.79,22.7,7,5734.0,4.527,0.861,0.911,14.879,58.0,-58.0,0.000679,-0.001513,4.80599,-3.15168,1.23,-0.25,15.482,14.826,14.621,14.497,13.575,13.176,13.125,-1,0.5691197
CANDIDATE,0,0,0,0,10.19154698,136.69571,0.0,0.7249,6.195,60.5,0.007654,0.1256,1.52,1169.0,441.22,30.6,135,6260.0,4.047,1.824,1.366,11.74,2.3,-2.3,0.001183,-0.000527,0.18883,-0.10341,0.05,-0.04,12.404,11.805,14.368,14.292,10.79,10.563,10.514,-1,0.5691197
CANDIDATE,0,1,0,0,2.379281938,133.651531,0.0,0.0046,3.18312,50741.0,0.207712,1.11295,26.36,1572.0,1442.19,1301.2,449,6392.0,4.399,1.162,1.232,15.189,48.3,-48.3,8.7e-05,-0.00012,0.00165,-0.00397,16.51,-3.04,15.614,15.148,15.007,14.942,14.083,13.845,13.74,-1,2.229704e-06
CANDIDATE,0,0,0,0,1.525924513,355.47949,0.0,1.2223,3.15825,25047.0,0.437811,0.23782,50.63,1720.0,2067.0,535.1,566,6190.0,4.425,1.059,1.084,15.063,59.5,-59.5,0.080414,-0.086944,0.01152,-0.01603,26.44,-5.16,15.527,15.011,14.864,14.77,13.942,13.629,13.56,-1,0.5691197
CANDIDATE,0,1,0,0,5.910371377,360.285284,0.0,0.0042,3.90991,18555.0,0.12539,1.19312,13.12,1053.0,290.83,1083.1,144,6200.0,4.488,0.958,1.029,15.169,24.9,-24.9,8.5e-05,-0.000103,0.00169,-0.00769,4.84,-1.25,15.596,15.119,14.986,14.902,14.039,13.687,13.605,-1,0.5691197
CANDIDATE,0,0,0,0,30.693952502,365.665261,0.0,0.0147,2.96112,20105.0,0.130161,14.39041,14.54,617.0,34.18,370.7,27,6147.0,4.457,1.023,1.092,15.673,71.3,-71.3,0.000431,-0.000184,0.05913,-0.49724,5.86,-1.41,16.138,15.599,15.474,15.353,14.5,14.157,14.127,-1,0.5691197
CANDIDATE,0,0,0,0,29.48105977,134.224426,0.0,0.983,3.6665,12894.0,0.175761,1.35566,17.29,571.0,25.1,319.8,47,5631.0,4.41,0.901,0.762,15.135,58.1,-58.1,0.062381,-0.034798,0.0368,-0.14165,9.25,-2.72,15.735,15.106,14.878,14.744,13.772,13.375,13.351,-1,0.5691197
CANDIDATE,0,0,0,0,77.63425713,417.153238,0.0,0.0616,4.1309,19220.0,0.122362,13.07393,10.09,325.0,2.65,155.3,14,4812.0,4.548,0.755,0.734,15.915,131.0,-131.0,0.00084,-0.000493,0.1304,-0.7499,1.35,-0.91,16.845,15.846,15.516,15.303,14.254,13.65,13.588,-1,0.5691197
CANDIDATE,0,0,0,0,32.50454063,365.358999,0.0,0.9434,2.4912,8050.0,0.114472,3.70477,11.84,590.0,28.7,169.2,34,6133.0,4.482,0.947,0.994,15.134,69.7,-69.7,0.031095,-0.016265,0.05128,-0.86395,4.8,-1.19,15.561,15.09,14.951,14.855,13.944,13.504,13.43,-1,0.5691197
CANDIDATE,0,0,0,0,31.56906985,158.299361,0.0,1.0148,2.6624,4631.7,0.128178,1.69196,13.97,575.0,25.83,117.8,42,5654.0,4.387,0.998,0.886,15.042,50.2,-50.2,0.150445,-0.046247,0.64794,-0.23638,5.23,-1.95,15.659,15.023,14.778,14.63,13.9,13.491,13.523,-1,0.5691197
CANDIDATE,0,0,0,0,20.0679143,150.7693,0.0,0.1719,4.768,526.5,0.021071,1.59261,2.08,662.0,45.49,12.4,56,5997.0,4.522,0.904,0.991,15.59,44.1,-44.1,0.001119,-0.001073,0.22432,-0.64052,0.79,-0.18,16.112,15.546,15.366,15.252,14.337,13.992,13.948,-1,0.5691197
CANDIDATE,0,0,0,0,7.13697857,131.74322,0.0,0.3396,2.584,190.0,0.012791,3.03615,1.29,956.0,197.05,16.4,186,6086.0,4.511,0.921,1.003,14.373,14.3,-14.3,0.000658,-0.000534,1.12669,-1.23478,0.5,-0.12,14.813,14.32,14.185,14.1,13.231,12.931,12.911,-1,0.5691197
CANDIDATE,0,0,0,0,5.83392471,132.6366,0.0,0.0102,4.666,93.8,0.00886,0.49991,1.25,1197.0,485.65,11.7,185,5991.0,4.205,1.293,0.977,14.6,9.1,-9.1,0.000485,-0.00059,0.03182,-0.26603,0.55,-0.28,15.131,14.547,14.372,14.292,13.389,13.033,12.981,-1,0.5691197
CANDIDATE,0,0,0,0,8.9771991,133.4489,0.0,0.0709,4.596,85.1,0.008359,0.7957,1.55,1113.0,362.75,9.2,108,5597.0,3.963,1.699,0.969,14.6,11.5,-11.5,0.000645,-0.000688,0.07516,-0.42537,0.14,-0.13,15.131,14.547,14.372,14.292,13.389,13.033,12.981,-1,0.5691197
CANDIDATE,0,0,0,0,186.4359211,146.91965,0.0,0.925,5.809,4819.0,0.079371,1.38027,6.64,278.0,1.42,72.8,8,5570.0,4.581,0.766,0.815,15.402,115.0,-115.0,0.009771,-0.007347,0.11819,-0.38327,2.93,-0.52,15.957,15.343,15.164,15.071,14.067,13.651,13.639,-1,0.5691197
CANDIDATE,0,0,0,0,52.9716597,159.0593,0.0,1.1842,3.5105,4289.0,0.271234,1.02125,23.37,402.0,6.19,49.7,27,5204.0,4.55,0.789,0.808,15.7,113.0,-113.0,0.131375,-0.196474,0.28708,-0.07976,5.77,-1.99,16.371,15.592,15.412,15.184,14.174,13.714,13.626,-1,0.5691197
CANDIDATE,0,0,0,0,12.89010472,201.22617,0.0,0.0367,3.4,651.2,0.022619,2.95303,1.89,615.0,33.71,28.5,82,4962.0,4.536,0.767,0.738,15.674,32.4,-32.4,0.00107,-0.000827,0.3164,-1.13736,0.3,-0.17,16.487,15.592,15.326,15.064,14.036,13.48,13.452,-1,0.5691197
CANDIDATE,0,0,0,0,4.74664825,134.64189,0.0,0.9189,2.349,323.1,0.02065,0.27876,1.73,857.0,127.67,10.7,195,4962.0,4.536,0.767,0.738,15.674,25.9,-25.9,0.00138,-0.005055,3.60239,-0.13277,0.27,-0.16,16.487,15.592,15.326,15.064,14.036,13.48,13.452,-1,0.5691197
CANDIDATE,0,0,0,0,7.79670541,134.42032,0.0,0.0823,4.6764,365.0,0.017599,0.67304,2.47,1121.0,373.64,77.4,171,6535.0,4.348,1.283,1.339,12.681,5.8,-5.8,0.00035,-0.000151,0.02664,-0.16071,0.75,-0.18,12.882,12.617,12.598,14.292,11.583,11.409,11.321,-1,0.5691197
CANDIDATE,0,0,0,0,3.03358499,133.08595,0.0,0.4421,4.042,96.7,0.009146,0.2969,0.85,1179.0,456.69,11.4,417,5806.0,4.55,0.854,0.943,14.943,9.4,-9.4,0.000448,-0.000596,0.17253,-0.05044,0.38,-0.06,15.483,14.902,14.712,14.631,13.705,13.349,13.302,-1,0.5691197
CANDIDATE,0,0,0,0,94.093962,196.7503,0.0,0.0262,10.797,59.3,0.007058,0.64332,1.02,483.0,12.82,16.3,10,6044.0,4.192,1.327,1.008,11.049,4.5,-4.5,0.000361,-0.00031,0.00046,-0.32269,0.03,-0.03,11.985,11.167,14.368,14.292,10.588,10.316,10.282,-1,0.5691197
CANDIDATE,0,0,0,0,20.719412,143.29775,0.0,0.5353,4.467,276.5,0.015667,1.26182,2.34,790.0,92.2,17.1,65,5837.0,4.143,1.366,0.946,11.413,19.9,-19.9,0.00033,-0.001067,1.31091,-0.00827,0.34,-0.39,11.816,11.331,11.241,11.228,9.461,9.24,9.095,-1,0.5691197
CANDIDATE,0,0,0,0,20.6655144,132.01317,0.0,0.1425,3.204,108.0,0.009225,5.28641,0.68,488.0,13.45,24.4,50,4827.0,4.597,0.674,0.656,11.759,5.2,-5.2,0.00034,-0.000369,0.22651,-2.1427,0.03,-0.04,12.533,11.723,11.427,11.281,10.282,9.743,9.593,-1,0.5691197
CANDIDATE,0,0,0,0,69.8347011,168.78621,0.0,0.7062,8.269,257.6,0.015723,0.40552,3.47,765.0,80.97,49.8,19,7732.0,4.075,2.022,1.774,12.02,6.7,-6.7,0.001687,-0.000732,0.57707,-0.0881,2.12,-0.55,12.112,11.989,12.033,12.089,11.389,11.296,11.242,-1,0.5691197
CANDIDATE,0,0,0,0,3.80680243,133.74206,0.0,0.3991,2.185,301.3,0.015987,2.52225,1.34,985.0,222.24,12.3,281,5412.0,4.595,0.769,0.856,15.767,28.7,-28.7,0.000773,-0.001121,1.27057,-0.98497,0.52,-0.1,16.407,15.702,15.493,15.378,14.361,13.523,13.477,-1,0.5691197
CANDIDATE,0,0,0,0,11.30504101,138.13602,0.0,0.1264,4.037,284.9,0.01535,1.48315,1.41,742.0,71.76,19.3,116,5695.0,4.556,0.839,0.923,15.152,17.6,-17.6,0.000794,-0.000448,0.23501,-0.48598,0.61,-0.11,15.708,15.115,14.913,14.879,13.957,13.57,13.475,-1,0.5691197
CANDIDATE,0,0,0,0,41.16679024,158.91746,0.0,0.9801,2.1769,5566.4,0.117268,5.19355,10.31,446.0,9.35,228.6,26,5193.0,4.503,0.805,0.753,13.418,37.4,-37.4,0.047329,-0.027902,0.07929,-1.19538,3.1,-1.1,14.066,13.362,13.14,13.049,12.023,11.582,11.475,-1,0.5691197
CANDIDATE,0,0,0,0,6.33027476,133.86213,0.0,0.3288,3.67,89.2,0.00871,0.94065,1.02,1046.0,283.31,9.8,153,5900.0,4.363,1.07,0.964,14.167,9.8,-9.8,0.000426,-0.000682,0.3458,-0.37959,0.38,-0.15,14.647,14.076,13.961,13.807,12.868,12.551,12.517,-1,0.5691197
CANDIDATE,0,0,0,0,1.097210884,131.51755,0.0,0.8805,1.622,41914.0,0.256308,1.67583,9.35,740.0,71.01,327.7,974,3497.0,4.92,0.334,0.339,15.155,194.0,-194.0,0.031492,-0.04536,0.04837,-0.11365,1.96,-1.68,16.807,15.37,14.447,13.979,12.691,11.996,11.816,-1,1.6509881e-10
CANDIDATE,0,0,0,0,51.3895448,145.3304,0.0,0.8191,5.45,547.9,0.023937,0.62135,2.68,522.0,17.49,16.1,17,6084.0,4.42,1.025,1.008,15.03,38.9,-38.9,0.003484,-0.002479,2.28031,-0.14885,1.07,-0.31,15.525,14.992,14.818,14.724,13.872,13.547,13.565,-1,0.5691197
CANDIDATE,0,0,0,0,35.6362807,164.17445,0.0,0.5592,4.941,478.1,0.020697,1.55231,2.0,537.0,19.62,15.6,35,5926.0,4.532,0.887,0.978,15.614,37.8,-37.8,0.000448,-0.00148,1.76554,-0.4047,0.65,-0.16,16.094,15.569,15.409,15.345,14.502,14.145,14.093,-1,0.5691197
CANDIDATE,0,0,0,0,0.947732597,137.129929,0.0,1.2414,1.7494,11466.0,0.380604,0.46892,52.74,2321.0,6862.81,199.5,1409,6302.0,4.183,1.269,0.895,11.51,59.7,-59.7,0.384072,-0.08861,0.17655,-0.04491,17.46,-12.26,11.821,11.469,11.377,11.352,10.522,10.263,10.218,-1,0.5691197
CANDIDATE,0,0,0,0,44.63897424,156.451054,0.0,1.1536,3.05406,40166.0,0.441487,8.53652,49.9,551.0,21.86,495.4,21,6197.0,4.449,1.035,1.096,15.51,131.0,-131.0,0.094807,-0.060267,0.34764,-0.20907,23.91,-4.82,15.977,15.443,15.31,15.183,14.408,14.016,13.902,-1,0.00014908364
CANDIDATE,0,0,0,0,14.62404613,144.4532,0.0,1.1305,2.193,1207.4,0.174312,0.37865,15.7,687.0,52.63,26.3,92,5771.0,4.562,0.825,0.905,15.789,59.1,-59.1,0.487201,-0.11686,0.131,-0.07175,5.56,-1.29,16.318,15.746,15.562,15.489,14.545,14.166,14.071,-1,0.5691197
CANDIDATE,0,0,0,0,6.93911381,138.33873,0.0,0.1379,2.249,709.5,0.022748,5.35994,0.99,436.0,8.57,24.4,196,3608.0,4.854,0.4,0.417,15.855,33.2,-33.2,0.001355,-0.000681,0.74568,-1.89545,0.13,-0.15,17.402,16.014,15.192,14.74,13.465,12.847,12.58,-1,0.5691197
CANDIDATE,0,0,0,0,3.53106745,134.31635,0.0,0.1064,1.501,355.5,0.016149,9.10793,0.71,547.0,21.12,14.6,346,3608.0,4.854,0.4,0.417,15.855,32.0,-32.0,0.001754,-0.00043,3.96051,-4.38765,0.08,-0.11,17.402,16.014,15.192,14.74,13.465,12.847,12.58,-1,0.5691197
CANDIDATE,0,0,0,0,21.9140546,148.51641,0.0,0.0496,1.997,493.3,0.020295,24.5708,0.77,288.0,1.63,10.6,57,3669.0,4.918,0.346,0.362,15.855,56.4,-56.4,0.000887,-0.001966,5.07354,-14.22058,0.2,-0.08,17.402,16.014,15.192,14.74,13.465,12.847,12.58,-1,0.5691197
CANDIDATE,0,0,0,0,62.81583395,151.477008,0.0,1.3572,2.6883,1706.1,0.399379,1.08244,50.42,535.0,19.31,88.9,23,6428.0,4.377,1.156,1.16,12.849,25.7,-25.7,0.022452,-0.337247,0.16229,-0.07786,26.29,-6.15,13.157,12.787,12.717,12.709,11.864,11.606,11.563,-1,0.5691197
CANDIDATE,0,0,0,0,35.14575583,136.494109,0.0,1.3958,2.2315,7259.0,0.498216,4.30852,42.6,480.0,12.6,90.2,30,5437.0,4.554,0.783,0.801,15.838,104.0,-104.0,0.201486,-0.369534,0.62753,-0.41762,16.86,-3.81,16.495,15.803,15.556,15.405,14.475,14.004,13.734,-1,0.5691197
CANDIDATE,0,0,0,0,3.403743097,137.232915,0.0,1.7329,1.5284,853.5,0.758906,0.25945,70.52,1100.0,346.59,60.3,394,5601.0,4.536,0.851,0.909,14.98,18.2,-18.2,0.063109,-0.524865,0.00595,-0.06575,29.59,-5.88,15.556,14.912,14.733,14.608,13.673,13.261,13.274,-1,0.5691197
CANDIDATE,0,0,0,0,3.690316844,131.541979,0.0,1.053,1.3939,485.9,0.084138,0.20923,9.68,1280.0,634.09,45.3,363,6120.0,4.395,1.054,1.003,14.336,14.9,-14.9,0.000311,-0.059043,0.17401,-0.07941,4.13,-1.11,14.788,14.295,14.143,14.081,13.207,12.901,12.848,-1,0.5691197
CANDIDATE,0,0,0,0,2.439025374,133.58393,0.0,0.2152,1.1094,83.2,0.008545,14.44149,1.76,2150.0,5051.35,36.5,551,7292.0,4.112,1.881,1.67,11.041,3.3,-3.3,0.00025,-0.00021,2.26587,-5.69946,1.23,-0.28,11.177,10.996,11.047,11.077,10.365,10.29,10.223,-1,0.5691197
CANDIDATE,0,0,0,0,32.7738304,151.44302,0.0,1.2312,3.568,587.1,0.256089,0.09435,25.56,556.0,22.59,22.1,43,5911.0,4.519,0.914,1.006,14.758,36.0,-36.0,0.294112,-0.232204,0.04204,-0.04662,10.24,-2.1,15.246,14.704,14.549,14.473,13.591,13.273,13.227,-1,0.5691197
CANDIDATE,0,1,0,0,2.744004971,133.757214,0.0,1.1764,5.561,38375.0,0.457567,0.10649,40.47,1135.0,392.49,292.6,490,5334.0,4.492,0.81,0.743,13.805,204.0,-204.0,0.326137,-0.095273,0.03264,-0.00994,22.89,-4.74,14.404,13.743,13.548,13.401,12.416,12.023,11.901,-1,1.605714e-05
CANDIDATE,0,0,0,0,12.73193499,138.73309,0.0,1.3531,4.3339,11742.0,0.481784,0.29543,83.13,1152.0,415.88,85.1,109,7264.0,4.218,1.58,1.5,12.087,213.0,-213.0,0.453093,-0.09204,0.05195,-0.02934,62.6,-12.32,12.235,12.037,12.043,12.122,11.315,11.185,11.14,-1,0.5691197
CANDIDATE,0,1,0,0,5.204283146,135.886,0.0,0.104,6.20335,39058.0,0.177941,0.30076,16.71,934.0,180.12,1425.1,258,5332.0,4.471,0.86,0.798,15.424,40.4,-40.4,4.2e-05,-0.000358,0.00513,-0.00116,6.57,-1.88,16.086,15.347,15.141,14.99,13.877,13.452,13.436,-1,0.0013245813
CANDIDATE,0,0,0,0,2.59489414,132.75432,0.0,0.6009,1.875,732.0,0.025566,1.92696,2.23,1014.0,249.92,17.3,202,4748.0,4.526,0.797,0.776,15.72,47.6,-47.6,0.006318,-0.001686,2.22687,-0.13632,2.92,-0.18,16.696,15.672,15.302,15.126,14.024,13.488,13.362,-1,0.5691197
CANDIDATE,0,0,0,0,19.1811658,141.36919,0.0,0.4534,2.417,988.6,0.029343,9.04005,1.88,513.0,16.42,17.6,73,5214.0,4.673,0.587,0.591,15.73,64.2,-64.2,0.000757,-0.001572,4.63929,-1.80139,0.11,-0.11,16.391,15.718,15.446,15.296,14.325,13.891,13.754,-1,0.5691197
CANDIDATE,0,0,0,0,0.982090424,131.70112,0.0,1.5472,1.53155,5226.1,0.62712,0.49158,50.81,1567.0,1426.18,257.7,1359,5472.0,4.573,0.742,0.75,15.933,30.1,-30.1,0.274183,-0.095176,0.13902,-0.05249,16.23,-4.24,16.528,15.904,15.678,15.535,14.508,14.126,14.047,-1,0.5691197
CANDIDATE,0,0,0,0,20.55838541,133.00816,0.0,1.4328,1.606,731.4,0.458962,0.87582,43.9,609.0,32.52,19.2,67,5650.0,4.551,0.876,0.993,14.792,53.2,-53.2,0.207231,-0.428128,0.52277,-0.27904,15.44,-3.15,15.34,14.731,14.558,14.508,13.57,13.23,13.129,-1,0.5691197
CANDIDATE,0,0,0,0,2.53742112,132.34769,0.0,0.1303,1.581,101.9,0.009234,5.45189,0.93,1306.0,686.98,12.0,506,5798.0,4.468,0.92,0.906,14.8,10.4,-10.4,0.000508,-0.00069,1.0697,-3.02736,0.37,-0.1,15.335,14.76,14.57,14.481,13.624,13.23,13.186,-1,0.5691197
CANDIDATE,0,0,0,0,5.59729237,131.86491,0.0,0.0891,1.793,1564.9,0.035838,9.00924,3.36,930.0,176.53,41.3,200,5610.0,4.551,0.858,0.953,15.969,43.8,-43.8,0.001036,-0.000751,0.32942,-3.31254,1.03,-0.26,16.554,15.911,15.718,15.641,14.65,14.27,14.218,-1,0.5691197
CANDIDATE,0,0,0,0,1.334104616,132.3674782,0.0,0.9415,3.13471,66144.0,0.361304,0.4109,42.73,1880.0,2954.64,2326.7,712,6319.0,4.373,1.083,1.007,15.387,49.0,-49.0,0.017374,-0.021847,0.00201,-0.0017,18.94,-5.33,15.843,15.352,15.191,15.072,14.189,13.864,13.875,-1,1.9305874e-10
CANDIDATE,0,0,0,0,10.12740725,135.26752,0.0,1.2982,1.773,1089.4,0.332209,0.4157,42.15,969.0,208.77,18.3,102,6392.0,4.399,1.162,1.232,15.623,82.2,-82.2,0.056453,-0.288624,7.62983,-0.24459,22.79,-5.15,16.052,15.567,15.439,15.356,14.582,14.241,14.193,-1,0.5691197
CANDIDATE,0,0,0,0,0.870694618,132.083318,0.0,0.8376,1.2292,498.2,0.023185,0.90182,2.24,1875.0,2923.54,56.0,1532,5985.0,4.519,0.883,0.94,14.996,11.8,-11.8,7.7e-05,-0.002368,3.48734,-0.41242,0.93,-0.2,15.502,14.955,14.779,14.663,13.781,13.453,13.357,-1,0.5691197
CANDIDATE,0,0,0,0,12.681732454,132.682379,0.0,0.8933,1.6434,6299.0,0.089182,5.83661,6.83,601.0,30.84,97.7,78,4976.0,4.577,0.701,0.677,15.303,141.0,-141.0,0.003079,-0.005181,1.04695,-2.20952,1.8,-0.66,16.067,15.262,14.976,14.812,13.776,13.329,13.185,-1,0.5691197
CANDIDATE,0,0,0,0,0.589049232,132.1791274,0.0,1.0791,2.26045,64405.0,0.466187,0.68691,39.25,1961.0,3495.15,1574.7,2272,5592.0,4.51,0.771,0.703,13.643,58.6,-58.6,0.021455,-0.020062,0.01594,-0.0153,19.34,-4.38,14.152,13.602,13.425,13.302,12.371,11.979,11.91,-1,2.5592774e-13
CANDIDATE,0,0,0,0,91.0564061,204.836407,0.0,1.0526,6.7253,62415.0,0.432263,2.314,49.47,431.0,8.14,725.4,12,6140.0,4.455,1.048,1.142,15.959,153.0,-153.0,0.193848,-0.068834,0.24221,-0.0726,24.26,-4.3,16.424,15.886,15.76,15.688,14.797,14.474,14.425,-1,5.284988e-13
CANDIDATE,0,0,0,0,120.00317674,250.139617,0.0,0.9815,3.4335,41701.0,0.321139,17.2937,23.46,240.0,0.79,174.3,11,4317.0,4.625,0.669,0.688,15.635,385.0,-385.0,0.480343,-0.011791,3.88376,-0.54322,1.37,-1.93,16.842,15.662,15.118,14.755,13.585,12.957,12.806,-1,7.127291e-09
CANDIDATE,0,0,0,0,83.09707658,162.93577,0.0,71.4577,9.1835,17431.0,70.579384,71.85027,4901.82,329.0,2.78,290.0,14,5286.0,4.627,0.636,0.626,15.678,76.2,-76.2,29.37577,-34.8198,55.33069,-37.14366,662.8,-346.8,16.328,15.662,15.4,15.235,14.239,13.769,13.719,-1,0.5691197
CANDIDATE,0,0,0,0,2.685223606,133.731661,0.0,1.2998,4.0497,7545.0,0.405662,0.07246,32.29,1121.0,372.91,378.4,386,5559.0,4.606,0.729,0.781,15.828,27.8,-27.8,0.069309,-0.092382,0.00332,-0.00485,11.17,-2.3,16.436,15.801,15.568,15.446,14.461,14.072,13.952,-1,0.5691197
CANDIDATE,0,0,0,0,15.420410984,133.516511,0.0,60.455,2.36356,16074.0,59.574707,628.39392,5724.89,661.0,45.03,336.1,85,5468.0,4.505,0.88,0.903,15.596,58.0,-58.0,17.37048,-20.50466,288.99594,-336.49805,2160.0,-487.9,16.229,15.533,15.324,15.208,14.202,13.848,13.697,-1,0.5691197
CANDIDATE,0,0,0,0,5.007412846,135.024292,0.0,0.884,1.2737,4326.4,0.071619,4.56178,7.55,1062.0,300.3,173.9,213,5936.0,4.501,0.965,1.075,13.592,53.7,-53.7,0.00121,-0.003397,1.59033,-1.95422,3.4,-0.61,14.06,13.532,13.392,13.353,12.482,12.16,12.101,-1,0.5691197
CANDIDATE,0,0,0,0,24.68637063,137.54612,0.0,0.7473,15.536,8354.7,0.090861,0.02822,4.7,374.0,4.65,288.3,47,4461.0,4.777,0.474,0.491,14.633,57.7,-57.7,0.00054,-0.001276,0.00363,-0.00209,0.29,-0.41,15.546,14.603,14.242,13.993,12.932,12.31,12.162,-1,0.5691197
CANDIDATE,0,0,0,0,3.261759476,131.779009,0.0,0.9107,1.6989,3969.3,0.069715,1.01202,7.19,1262.0,599.54,165.1,351,6131.0,4.497,0.945,1.023,15.28,46.5,-46.5,0.000424,-0.001856,0.15473,-0.10322,3.03,-0.67,15.764,15.237,15.072,14.952,14.074,13.697,13.775,-1,0.5691197
CANDIDATE,0,0,0,0,11.80571248,133.050549,0.0,1.15,2.0619,2084.7,0.20705,0.56439,42.76,1153.0,417.85,293.3,114,6065.0,3.888,1.891,1.006,12.829,8.9,-8.9,0.002421,-0.122123,0.08644,-0.04069,18.29,-17.93,13.031,12.756,12.741,14.292,11.445,11.125,11.084,-1,0.5691197
CANDIDATE,0,0,0,0,12.964717555,136.143384,0.0,1.2367,1.8203,3834.9,0.312049,1.53273,35.2,834.0,114.24,203.5,107,6210.0,4.45,1.033,1.093,14.384,22.8,-22.8,0.460091,-0.005771,0.30634,-0.03237,14.96,-3.31,14.788,14.324,14.211,14.179,13.282,12.989,12.943,-1,0.5691197
CANDIDATE,0,1,0,0,1.731079578,134.779674,0.0,1.3964,1.8109,13700.0,0.541677,0.7821,56.49,1541.0,1332.5,86.4,759,6045.0,4.494,0.955,1.038,15.505,239.0,-239.0,0.40499,-0.056779,0.17384,-0.09386,21.89,-5.15,15.999,15.432,15.293,15.156,14.241,13.861,13.823,-1,0.5691197
CANDIDATE,0,0,0,0,4.539287693,133.961431,0.0,0.1214,1.89,854.4,0.025994,6.00613,4.55,1231.0,543.15,81.1,290,5064.0,4.007,1.604,0.954,13.26,12.1,-12.1,0.000823,-0.000373,0.46509,-1.69103,3.39,-2.21,14.025,13.172,12.932,12.813,11.728,11.259,11.14,-1,0.5691197
CANDIDATE,0,0,0,0,132.134216,149.17111,0.0,0.3377,25.2,6508.8,0.073287,0.07366,64.99,809.0,101.41,257.0,8,5067.0,2.877,8.121,1.812,9.715,48.5,-48.5,0.000268,-0.001382,0.01504,-0.00196,7.92,-19.64,10.394,9.676,9.424,9.289,8.22,7.724,7.642,-1,0.5691197
CANDIDATE,0,0,0,0,0.805259237,132.10093,0.0,1.4219,1.42239,1416.3,0.459385,0.24044,52.12,2164.0,5188.09,364.3,1653,6258.0,4.399,1.039,0.983,13.742,5.0,-5.0,0.14576,-0.261039,0.0478,-0.0605,20.87,-6.07,14.115,13.696,13.582,13.545,12.67,12.388,12.325,-1,0.5691197
CANDIDATE,0,0,0,0,10.240605654,131.668385,0.0,62.0261,1.2115,3247.2,61.072872,847.72546,4268.26,656.0,43.85,73.1,134,5227.0,4.623,0.64,0.628,15.408,60.5,-60.5,4.085171,-24.79248,152.27161,-400.94168,520.2,-333.5,16.066,15.404,15.126,14.98,13.957,13.45,13.339,-1,0.5691197
CANDIDATE,0,0,0,0,4.468457446,138.741438,0.0,1.0385,1.3947,924.5,0.08631,0.46246,8.88,1080.0,321.94,69.3,232,5869.0,4.513,0.942,1.054,13.954,18.4,-18.4,0.609824,-0.010991,0.00641,-0.1171,3.45,-0.7,14.429,13.868,13.751,13.692,12.734,12.449,12.355,-1,0.5691197
CANDIDATE,0,0,0,0,22.84151055,138.63416,0.0,1.1845,2.6837,3390.3,0.260388,0.79816,23.37,556.0,22.6,60.5,57,5383.0,4.543,0.822,0.861,15.911,71.2,-71.2,0.504439,-0.100065,0.18483,-0.05489,8.48,-1.93,16.591,15.841,15.62,15.448,14.437,14.033,13.865,-1,0.5691197
CANDIDATE,0,0,0,0,9.38910967,134.41571,0.0,0.1779,1.569,235.7,0.014138,20.40037,1.74,965.0,205.11,12.9,146,6137.0,4.357,1.13,1.059,14.915,27.9,-27.9,0.000995,-0.000955,6.33389,-14.02622,0.93,-0.22,15.399,14.869,14.708,14.616,13.777,13.462,13.373,-1,0.5691197
CANDIDATE,0,0,0,0,58.4301004,168.30191,0.0,0.9304,6.896,1972.9,0.051557,0.17698,3.43,300.0,1.91,61.8,22,4338.0,4.643,0.609,0.594,14.782,63.8,-63.8,0.001565,-0.003351,0.06401,-0.08294,0.29,-0.36,15.886,14.741,14.308,14.057,12.967,12.32,12.187,-1,0.5691197
CANDIDATE,0,0,0,0,46.2988021,155.80649,0.0,0.5984,5.2801,822.7,0.027199,1.54414,4.48,592.0,29.04,47.9,31,5396.0,4.035,1.507,0.898,14.082,20.1,-20.1,0.002646,-0.001305,1.2185,-0.1589,2.82,-1.85,14.731,14.029,13.804,13.679,12.743,12.306,12.283,-1,0.5691197
CANDIDATE,0,0,0,0,24.8435099,148.1715,0.0,0.4669,4.94,179.5,0.012518,1.26149,1.47,670.0,47.5,13.3,44,5977.0,4.375,1.075,0.999,14.028,15.5,-15.5,0.000362,-0.001043,0.76314,-0.34365,0.59,-0.2,14.509,13.977,13.822,13.745,12.874,12.576,12.51,-1,0.5691197
CANDIDATE,0,0,0,0,17.50442748,135.74651,0.0,0.7272,4.3939,764.8,0.02724,0.66601,3.01,744.0,72.53,48.5,74,6177.0,4.462,1.011,1.077,13.926,17.6,-17.6,0.001286,-0.001951,1.03983,-0.2023,1.02,-0.28,14.311,13.867,13.761,13.719,12.863,12.592,12.512,-1,0.5691197
CANDIDATE,0,0,0,0,30.52312159,146.85164,0.0,1.2028,2.8176,2320.4,0.262181,0.64603,22.62,505.0,15.37,37.7,44,5496.0,4.579,0.79,0.863,15.841,72.6,-72.6,0.251299,-0.200763,0.18417,-0.04686,8.24,-1.69,16.437,15.792,15.586,15.49,14.457,14.043,14.035,-1,0.5691197
CANDIDATE,0,0,0,0,23.11844759,149.53814,0.0,0.0687,3.8049,2832.5,0.047801,4.04669,4.16,548.0,21.26,61.6,40,5275.0,4.505,0.796,0.739,15.462,44.1,-44.1,0.00072,-0.000949,0.43212,-0.82543,1.63,-0.46,16.17,15.418,15.158,14.993,14.013,13.572,13.493,-1,0.5691197
CANDIDATE,0,0,0,0,4.77502001,355.45663,0.0,0.224,1.7265,548.0,0.0212,7.74964,1.84,927.0,174.23,17.9,174,5275.0,4.505,0.796,0.739,15.462,35.1,-35.1,0.001032,-0.00096,1.39397,-3.07516,0.73,-0.2,16.17,15.418,15.158,14.993,14.013,13.572,13.493,-1,0.5691197
CANDIDATE,0,0,0,0,10.5225498,140.0754,0.0,0.149,3.797,64.3,0.007393,1.60585,0.95,975.0,213.96,9.5,123,6327.0,4.327,1.175,1.064,14.563,9.6,-9.6,0.000662,-0.000592,0.50795,-1.56976,0.5,-0.17,14.878,14.315,14.428,14.009,13.053,12.625,12.502,-1,0.5691197
CANDIDATE,0,0,0,0,137.8645383,172.81113,0.0,1.5526,1.966,2380.0,0.603816,9.96384,30.13,176.0,0.23,28.1,9,3763.0,4.785,0.457,0.465,14.645,122.0,-122.0,0.148774,-0.513527,2.93822,-2.23427,3.83,-9.16,16.16,14.791,13.996,13.532,12.29,11.631,11.452,-1,0.5691197
CANDIDATE,0,0,0,0,8.710435285,134.615107,0.0,1.4351,1.0693,1260.6,0.473406,2.2479,41.82,760.0,78.81,42.1,156,5417.0,4.576,0.809,0.903,14.816,40.6,-40.6,0.378481,-0.217116,0.76541,-0.30803,15.41,-3.05,15.434,14.748,14.552,14.473,13.44,13.069,12.993,-1,0.5691197
CANDIDATE,0,0,0,0,10.1384179,137.7139,0.0,0.1428,3.751,101.9,0.009148,1.61741,0.79,729.0,66.71,12.4,130,5484.0,4.573,0.788,0.849,14.64,11.9,-11.9,0.000785,-0.000467,0.46792,-0.8337,0.31,-0.06,15.212,14.581,14.394,14.291,13.37,12.937,12.898,-1,0.5691197
CANDIDATE,0,0,0,0,28.78278558,132.31768,0.0,0.8879,3.7385,1025.4,0.035598,0.70463,2.24,381.0,4.98,40.1,50,4500.0,4.707,0.577,0.617,14.649,31.5,-31.5,0.000301,-0.006315,4.77568,-0.07068,0.28,-0.15,15.604,14.59,14.24,14.047,12.976,12.397,12.269,-1,0.5691197
CANDIDATE,0,0,0,0,1.339670843,132.16763,0.0,0.4932,1.859,28.5,0.005102,1.21981,1.2,3464.0,34037.68,36.0,995,9436.0,4.122,2.161,2.256,10.455,1.0,-1.0,7.7e-05,-0.000192,0.7475,-0.1772,0.56,-0.28,10.341,10.493,10.646,10.829,10.162,10.158,10.099,-1,2.5159188e-06
CANDIDATE,0,0,0,0,8.29482624,133.50367,0.0,0.8573,2.5722,575.9,0.025281,0.73602,2.58,874.0,137.75,42.7,137,5772.0,4.483,0.935,0.969,14.469,15.5,-15.5,0.000947,-0.003297,3.23965,-0.44939,1.07,-0.25,14.92,14.337,14.275,14.196,13.155,12.769,12.765,-1,0.5691197
CANDIDATE,0,0,0,0,6.42294697,135.55258,0.0,0.1313,1.0768,257.0,0.01479,44.21462,1.64,1034.0,269.8,29.8,204,6102.0,4.447,1.016,1.049,12.335,10.7,-10.7,0.000539,-0.000337,4.93209,-16.18995,0.74,-0.15,12.709,12.271,12.175,12.153,11.269,10.989,10.944,-1,0.5691197
CANDIDATE,0,0,0,0,1.386801364,132.53281,0.0,0.5711,1.2886,232.1,0.014572,3.28087,1.89,1952.0,3431.07,27.4,764,6419.0,4.321,1.188,1.073,12.655,12.2,-12.2,0.000161,-0.000816,3.46976,-0.10147,1.13,-0.26,12.969,12.594,12.52,12.473,11.671,11.425,11.359,-1,0.5691197
CANDIDATE,0,0,0,0,1.75148531,132.476,0.0,0.6365,12.4,3450.0,0.056581,0.00719,7.34,1806.0,2515.04,2.3,609,6419.0,4.321,1.188,1.073,12.655,901.0,-901.0,0.002086,-0.018157,0.00734,-0.00302,4.41,-0.99,12.969,12.594,12.52,12.473,11.671,11.425,11.359,-1,0.5691197
CANDIDATE,0,0,0,0,32.85862532,133.51233,0.0,0.9266,2.904,160.4,0.014212,0.79418,2.28,697.0,55.7,36.3,31,5904.0,4.132,1.47,1.083,10.77,5.2,-5.2,3.4e-05,-0.002495,11.12471,-0.09153,0.09,-0.09,11.353,10.819,14.368,14.292,9.752,9.484,9.455,-1,0.5691197
CANDIDATE,0,0,0,0,12.89621688,136.8282,0.0,0.9732,2.6,424.8,0.025244,0.2097,2.54,783.0,89.02,39.8,107,6072.0,4.51,0.923,1.005,14.107,19.3,-19.3,0.001715,-0.007458,0.42634,-0.13487,1.05,-0.21,14.532,14.055,13.925,13.867,12.967,12.69,12.641,-1,0.5691197
CANDIDATE,0,0,0,0,2.229324792,133.09421,0.0,0.395,1.9737,52.3,0.006665,1.96136,0.72,1362.0,814.43,40.2,602,5547.0,4.388,0.989,0.871,10.687,1.5,-1.5,0.000136,-0.00019,0.747,-0.25302,0.13,-0.08,11.208,10.645,10.464,10.401,9.398,9.038,8.95,-1,0.5691197
CANDIDATE,0,0,0,0,17.79106709,149.2547,0.0,0.6693,2.6204,403.8,0.019488,3.79487,2.11,725.0,65.48,39.7,75,6095.0,4.471,0.991,1.059,13.8,11.7,-11.7,0.002878,-0.00096,5.1645,-0.00741,0.88,-0.19,14.222,13.742,13.619,13.571,12.702,12.401,12.353,-1,0.5691197
CANDIDATE,0,0,0,0,14.38725139,131.85121,0.0,1.3533,1.8644,2087.1,0.402384,0.93816,37.74,725.0,65.41,43.5,59,5830.0,4.479,0.859,0.811,15.264,58.8,-58.8,0.283943,-0.321372,0.2409,-0.07475,16.35,-4.43,15.771,15.234,15.047,14.974,14.037,13.575,13.483,-1,0.5691197
CANDIDATE,0,0,0,0,7.07399255,136.63837,0.0,0.2756,2.436,263.6,0.014866,3.85032,0.91,647.0,41.43,11.6,154,4777.0,4.689,0.561,0.561,15.629,26.5,-26.5,0.000979,-0.000824,1.408,-1.39768,0.07,-0.06,16.457,15.602,15.274,15.077,14.022,13.44,13.368,-1,0.5691197
CANDIDATE,0,0,0,0,1.120646436,131.591881,0.0,1.0775,1.7876,332.5,0.102964,0.05786,45.36,2780.0,14127.22,48.3,954,4972.0,3.449,4.034,1.668,13.695,8.6,-8.6,0.009218,-0.061089,0.01267,-0.00751,22.08,-15.52,14.58,13.628,13.315,13.131,12.047,11.501,11.384,-1,0.0032323694
CANDIDATE,0,0,0,0,1.72109431,132.76261,0.0,0.031,1.574,37.7,0.005598,3.81014,0.59,1499.0,1192.46,9.4,702,5798.0,4.467,0.958,0.98,13.351,4.8,-4.8,0.000408,-0.000398,0.61078,-2.64601,0.23,-0.06,13.818,13.268,13.15,13.05,12.174,11.872,11.803,-1,0.5691197
CANDIDATE,0,0,0,0,86.7489289,170.29412,0.0,0.006,9.152,564.1,0.021734,1.01797,2.11,406.0,6.39,33.3,14,5830.0,4.447,0.887,0.804,13.82,20.2,-20.2,0.00063,-0.000425,0.0421,-0.26303,0.89,-0.28,14.296,13.777,13.616,13.519,12.65,12.318,12.251,-1,0.5691197
CANDIDATE,0,0,0,0,2.466073106,132.32043,0.0,1.5518,2.0009,749.1,0.576561,0.0883,55.66,1260.0,595.8,42.6,523,5708.0,4.529,0.884,0.963,15.601,21.5,-21.5,0.423173,-0.178869,0.01984,-0.02215,23.8,-4.54,16.181,15.511,15.352,15.188,14.287,13.84,13.783,-1,0.5691197
CANDIDATE,0,0,0,0,16.0986449,131.8888,0.0,0.1439,5.675,156.9,0.011412,0.7461,1.14,705.0,58.53,10.3,64,5657.0,4.401,0.911,0.762,14.55,16.8,-16.8,0.000859,-0.000623,0.11664,-0.39121,0.57,-0.18,15.113,14.518,14.309,14.21,13.242,12.895,12.827,-1,0.5691197
CANDIDATE,0,0,0,0,4.78850157,135.45589,0.0,0.1274,2.221,66.9,0.007347,3.68589,0.6,877.0,139.82,13.6,252,5238.0,4.603,0.752,0.836,12.957,5.7,-5.7,0.000549,-0.000237,0.84679,-1.94551,0.12,-0.04,13.57,12.898,12.694,12.613,11.61,11.178,11.132,-1,0.5691197
CANDIDATE,0,0,0,0,5.47715929,352.84883,0.0,0.2855,1.4069,605.5,0.022135,15.69145,2.25,891.0,149.23,29.4,207,5029.0,4.429,0.93,0.847,15.213,24.4,-24.4,0.000805,-0.000809,2.89818,-5.82191,2.94,-0.3,16.038,15.092,14.859,14.696,13.661,13.175,13.016,-1,0.5691197
CANDIDATE,0,0,0,0,8.56266484,355.13628,0.0,0.0482,1.4567,632.7,0.022341,24.89015,2.27,768.0,82.22,25.1,132,5029.0,4.429,0.93,0.847,15.213,31.8,-31.8,0.001231,-0.000601,4.15997,-10.45389,2.97,-0.3,16.038,15.092,14.859,14.696,13.661,13.175,13.016,-1,0.5691197
CANDIDATE,0,0,0,0,63.0736043,191.24524,0.0,0.6623,5.254,688.8,0.025433,1.75983,6.67,766.0,81.23,25.2,23,6628.0,3.835,2.403,1.441,13.089,33.2,-33.2,0.003493,-0.001324,2.00957,-1.40419,1.78,-2.8,13.434,13.05,12.941,12.871,12.039,11.837,11.764,-1,0.5691197
CANDIDATE,0,0,0,0,3.17799928,134.34393,0.0,0.9257,0.135,57.5,0.01775,827.37427,1.62,1032.0,267.88,6.7,416,5164.0,4.544,0.835,0.891,12.218,12.3,-12.3,0.015839,-0.010126,172.5755,-550.93054,0.37,-0.11,12.893,12.132,11.929,11.845,10.771,10.386,10.279,-1,0.5691197
CANDIDATE,0,0,0,0,4.224641745,133.0903,0.0,0.0787,1.2217,1080.6,0.030353,21.20225,3.79,1283.0,641.3,29.5,249,6362.0,4.408,1.144,1.221,15.341,48.8,-48.8,0.001375,-0.000722,1.9396,-8.84109,2.43,-0.41,15.788,15.283,15.15,15.065,14.246,14.043,13.884,-1,0.5691197
CANDIDATE,0,0,0,0,2.18565946,132.45014,0.0,0.7499,2.082,38.8,0.006224,0.63993,0.51,1086.0,329.23,12.5,579,4996.0,4.598,0.746,0.806,12.906,3.8,-3.8,0.002117,-0.000697,1.64718,-0.08372,0.04,-0.02,13.717,12.881,12.558,12.39,11.305,10.791,10.664,-1,0.5691197
CANDIDATE,0,0,0,0,6.31218195,136.93363,0.0,0.0047,4.959,429.6,0.019081,0.46454,2.29,1113.0,362.7,34.0,215,6302.0,4.388,1.098,1.07,14.959,14.7,-14.7,0.000642,-0.000384,0.04011,-0.1369,1.15,-0.25,15.375,14.917,14.78,14.724,13.869,13.568,13.527,-1,0.5691197
CANDIDATE,0,0,0,0,41.88969485,172.00019,0.0,1.8476,1.433,1279.0,0.879474,4.9085,87.11,515.0,16.66,21.5,24,5952.0,4.519,0.907,0.989,14.74,76.6,-76.6,0.120499,-0.605378,0.88965,-1.78784,35.82,-7.4,15.222,14.688,14.533,14.449,13.567,13.241,13.205,-1,0.5691197
CANDIDATE,0,0,0,0,6.21416622,132.24921,0.0,0.0233,10.109,182.9,0.012116,0.05377,4.17,1506.0,1216.48,51.9,218,5295.0,3.617,3.152,1.501,13.439,4.3,-4.3,0.000409,-0.000204,0.00027,-0.02027,1.86,-2.11,14.161,13.373,13.13,12.975,11.892,11.419,11.341,-1,0.5691197
CANDIDATE,0,0,0,0,6.78341538,136.10534,0.0,0.929,3.8529,530.2,0.025515,0.08536,3.12,1118.0,369.7,34.9,168,6487.0,4.397,1.118,1.136,15.357,16.1,-16.1,0.000997,-0.003824,1.20531,0.0,1.56,-0.35,15.737,15.314,15.194,15.136,14.305,13.936,13.997,-1,0.5691197
CANDIDATE,0,0,0,0,2.5081152,133.98514,0.0,0.1902,2.449,203.5,0.013227,1.43285,1.61,1558.0,1393.75,17.9,422,6487.0,4.397,1.118,1.136,15.357,12.3,-12.3,0.00059,-0.000485,0.17691,-0.59606,0.81,-0.17,15.737,15.314,15.194,15.136,14.305,13.936,13.997,-1,0.5691197
CANDIDATE,0,0,0,0,0.992140132,132.28429,0.0,0.1071,1.504,135.6,0.010796,2.55056,1.32,2124.0,4807.01,14.7,950,6487.0,4.397,1.118,1.136,15.357,10.9,-10.9,0.000743,-0.000284,0.47505,-1.14695,0.66,-0.15,15.737,15.314,15.194,15.136,14.305,13.936,13.997,-1,0.5691197
CANDIDATE,0,0,0,0,42.3370619,158.2588,0.0,0.1748,4.603,373.0,0.016734,3.68044,1.0,297.0,1.84,21.6,33,4029.0,4.709,0.548,0.559,14.275,20.1,-20.1,0.000827,-0.000696,0.56933,-1.25927,0.11,-0.09,15.474,14.244,13.761,13.493,12.314,11.691,11.579,-1,0.5691197
CANDIDATE,0,0,0,0,20.1890097,142.19265,0.0,0.1442,6.18,111.2,0.009718,0.72077,1.25,785.0,89.79,17.9,49,6327.0,4.327,1.175,1.064,13.573,7.1,-7.1,0.000477,-0.00033,0.11828,-0.23703,0.74,-0.17,13.94,13.513,13.416,13.348,12.526,12.275,12.198,-1,0.5691197
CANDIDATE,0,0,0,0,44.7034051,149.682,0.0,0.3576,4.672,486.8,0.020394,3.22687,2.09,509.0,15.83,12.2,31,5942.0,4.506,0.938,1.028,15.253,49.2,-49.2,0.001251,-0.001127,1.65172,-1.65148,0.82,-0.18,15.752,15.184,15.039,14.95,14.015,13.725,13.611,-1,0.5691197
CANDIDATE,0,0,0,0,6.68228463,132.19119,0.0,0.0343,3.248,49.9,0.006361,1.6762,1.01,1122.0,374.67,12.5,194,5445.0,4.061,1.46,0.896,13.052,4.5,-4.5,0.000532,-0.000221,0.15542,-0.84919,0.55,-0.39,13.648,12.993,12.796,12.691,11.78,11.387,11.279,-1,0.5691197
CANDIDATE,0,0,0,0,7.59665826,131.95595,0.0,0.054,3.5889,129.4,0.010308,1.42599,1.18,944.0,187.58,26.8,171,5713.0,4.38,1.045,0.956,13.482,5.1,-5.1,0.000315,-0.000343,0.13113,-0.44704,0.21,-0.12,13.921,13.417,13.293,13.236,12.32,12.006,11.982,-1,0.5691197
CANDIDATE,0,0,0,0,28.2247708,153.7531,0.0,0.0205,2.031,221.7,0.013621,29.55655,1.53,628.0,36.65,8.8,45,6011.0,4.429,1.03,1.035,14.651,30.5,-30.5,0.001363,-0.000715,4.75692,-28.78622,0.65,-0.16,15.141,14.609,14.44,14.409,13.484,13.155,13.145,-1,0.5691197
CANDIDATE,0,0,0,0,2.19250988,132.23621,0.0,0.1062,1.95,20.9,0.004112,2.50123,0.39,1240.0,559.14,11.0,524,5406.0,4.527,0.879,0.947,12.404,2.3,-2.3,0.000357,-0.000221,0.45209,-1.3975,0.07,-0.01,12.944,12.326,12.172,12.092,11.137,10.735,10.662,-1,0.5691197
CANDIDATE,0,0,0,0,6.69332631,137.7045,0.0,0.1232,1.9815,814.6,0.024805,7.647,1.65,585.0,27.66,23.4,195,4141.0,4.663,0.608,0.619,15.673,42.0,-42.0,0.001792,-0.000593,1.37446,-2.85851,0.12,-0.15,16.819,15.608,15.181,14.939,13.732,13.106,12.397,-1,0.5691197
CANDIDATE,0,0,0,0,95.906617,226.9187,0.0,0.1363,3.905,889.0,0.026559,14.30329,1.89,288.0,1.63,9.2,12,4893.0,4.659,0.653,0.717,15.504,100.0,-100.0,0.002198,-0.001505,2.96348,-6.88207,0.26,-0.13,16.288,15.458,15.169,14.98,14.016,13.389,13.264,-1,0.5691197
CANDIDATE,0,0,0,0,14.9798377,143.45731,0.0,0.3905,3.5337,1452.4,0.034615,2.52002,3.22,620.0,34.95,32.1,72,5062.0,4.481,0.853,0.803,15.549,49.1,-49.1,0.000592,-0.001448,0.96414,-0.24696,1.6,-0.32,16.342,15.485,15.21,15.051,14.004,13.525,13.408,-1,0.5691197
CANDIDATE,0,0,0,0,33.35855228,137.57172,0.0,0.2845,1.887,1852.7,0.038761,41.76558,3.38,459.0,10.46,30.6,30,5009.0,4.515,0.799,0.763,15.253,76.2,-76.2,0.001522,-0.001631,9.33283,-13.30358,5.42,-0.32,16.079,15.187,14.9,14.742,13.646,13.114,13.02,-1,0.5691197
CANDIDATE,0,0,0,0,3.05292881,132.9677,0.0,0.1113,2.091,229.9,0.013638,2.89325,1.17,1048.0,284.82,10.9,341,5311.0,4.588,0.788,0.884,15.901,28.4,-28.4,0.001118,-0.000933,0.52472,-1.8365,0.34,-0.08,16.583,15.865,15.609,15.55,14.591,14.165,14.039,-1,0.5691197
CANDIDATE,0,0,0,0,116.5209565,144.13911,0.0,1.6718,5.744,722.3,0.693885,0.1053,86.38,421.0,7.45,23.2,12,6063.0,4.302,1.14,0.951,13.806,37.8,-37.8,0.165144,-0.492137,0.02411,-0.02406,30.76,-14.62,14.244,13.769,13.618,13.56,12.749,12.45,12.4,-1,0.5691197
CANDIDATE,0,0,0,0,1.834281138,132.85654,0.0,0.124,1.7667,307.7,0.015976,2.90063,1.67,1458.0,1068.36,24.8,471,5751.0,4.458,0.958,0.962,15.198,14.8,-14.8,0.000745,-0.000468,0.35239,-1.4105,0.67,-0.17,15.699,15.098,14.984,14.889,13.914,13.593,13.543,-1,0.5691197
CANDIDATE,0,0,0,0,35.502955,150.4132,0.0,0.445,7.94,109.5,0.009742,0.44659,0.85,504.0,15.31,9.7,38,5692.0,4.547,0.8,0.822,14.31,13.1,-13.1,0.000401,-0.00096,0.25156,-0.2554,0.39,-0.07,14.825,14.271,14.089,14.005,13.031,12.672,12.648,-1,0.5691197
CANDIDATE,0,0,0,0,22.0445927,134.268,0.0,0.3757,12.045,65.0,0.007479,0.08724,1.03,760.0,78.85,13.3,64,5974.0,4.216,1.26,0.953,12.999,6.5,-6.5,0.000426,-0.000461,0.06423,-0.01971,0.41,-0.23,13.698,12.953,12.699,14.292,12.67,12.363,12.291,-1,0.5691197
CANDIDATE,0,0,0,0,37.8033146,155.37857,0.0,1.1714,4.868,762.0,0.203986,0.06007,18.24,460.0,10.57,21.2,35,5329.0,4.572,0.819,0.912,15.191,51.7,-51.7,0.126761,-0.173663,6.75522,-0.02488,5.68,-1.22,15.845,15.118,14.91,14.825,13.826,13.359,13.285,-1,0.5691197
CANDIDATE,0,0,0,0,7.66464553,137.38061,0.0,0.1298,3.599,131.4,0.010516,1.39802,1.03,924.0,171.96,14.7,136,5975.0,4.48,0.9,0.891,14.686,9.9,-9.9,0.000635,-0.000346,0.0562,-0.6967,0.42,-0.1,15.167,14.65,14.48,14.389,13.503,13.181,13.136,-1,0.5691197
CANDIDATE,0,0,0,0,34.13557,157.8004,0.0,0.1799,9.16,585.6,0.022405,0.3823,13.59,1526.0,1281.86,8.6,41,7818.0,3.365,5.555,2.607,12.963,95.0,-95.0,0.002706,-0.001259,0.32891,-0.36512,5.4,-6.6,13.172,12.898,12.875,14.292,12.049,11.948,11.909,-1,0.5691197
CANDIDATE,0,0,0,0,8.46354764,134.35275,0.0,0.7179,1.3931,888.9,0.029452,10.6155,2.85,805.0,99.37,26.4,138,5427.0,4.495,0.887,0.896,15.338,41.1,-41.1,0.007973,-0.001671,11.83002,-0.25845,1.08,-0.26,15.998,15.273,15.055,14.944,13.931,13.5,13.418,-1,0.5691197
CANDIDATE,0,0,0,0,12.8349522,134.36733,0.0,0.1612,2.17,264.6,0.01482,10.65301,1.52,756.0,77.09,8.3,102,5783.0,4.488,0.939,0.988,15.331,41.4,-41.4,0.001677,-0.001028,4.86733,-10.45741,0.63,-0.14,15.897,15.272,15.089,14.97,14.041,13.689,13.57,-1,0.5691197
CANDIDATE,0,0,0,0,0.614083682,132.46873,0.0,0.0235,0.9846,460.1,0.019899,5.8804,2.78,2602.0,10834.56,39.9,2178,6517.0,4.349,1.278,1.332,15.177,15.1,-15.1,0.00053,-0.000482,0.10985,-2.42116,1.65,-0.43,15.548,15.114,15.018,14.969,14.145,13.955,13.917,-1,0.015725983
CANDIDATE,0,0,0,0,38.1042632,161.08115,0.0,0.9564,3.511,992.2,0.038312,0.49096,3.23,456.0,10.22,19.1,35,5250.0,4.522,0.771,0.721,15.469,61.7,-61.7,0.603009,-0.004534,0.04617,-0.30591,1.1,-0.35,16.169,15.451,15.17,15.06,14.03,13.551,13.47,-1,0.5691197
CANDIDATE,0,0,0,0,131.485081,177.48496,0.0,0.472,5.167,602.5,0.022966,6.01046,2.45,364.0,4.16,17.9,11,6004.0,4.484,0.977,1.061,14.895,37.5,-37.5,0.000665,-0.001257,3.89426,-2.21231,1.07,-0.22,15.369,14.832,14.691,14.611,13.728,13.415,13.329,-1,0.5691197
CANDIDATE,0,0,0,0,16.29081738,132.11913,0.0,0.2781,3.352,50.4,0.00646,3.30223,0.62,662.0,45.47,21.5,85,5451.0,4.445,0.883,0.793,11.671,2.8,-2.8,0.000271,-0.000242,0.55987,-1.24894,0.28,-0.08,12.214,11.665,11.439,11.38,10.094,9.751,9.681,-1,0.5691197
CANDIDATE,0,0,0,0,0.512407902,132.239441,0.0,0.0048,1.1127,354.3,0.016108,3.42709,0.91,1227.0,536.54,47.2,2609,3878.0,4.726,0.52,0.524,14.78,9.2,-9.2,0.000971,-0.000324,0.11662,-1.3195,0.13,-0.08,16.148,14.805,14.194,13.841,12.634,11.999,11.828,-1,0.5527861
CANDIDATE,0,0,0,0,4.150301706,134.93471,0.0,1.5182,1.3346,645.6,0.541983,0.31497,48.71,1002.0,237.82,26.0,316,5523.0,4.559,0.823,0.895,14.854,30.3,-30.3,0.457692,-0.219031,0.09756,-0.07712,19.88,-3.79,15.43,14.79,14.607,14.526,13.54,13.103,13.038,-1,0.5691197
CANDIDATE,0,0,0,0,36.2518395,142.0755,0.0,0.7668,5.08,149.8,0.012215,0.6742,1.47,621.0,35.1,9.9,36,6289.0,4.387,1.102,1.074,14.71,26.0,-26.0,0.000204,-0.002037,3.33,-0.50895,0.72,-0.16,15.12,14.662,14.533,14.466,13.631,13.392,13.409,-1,0.5691197
CANDIDATE,0,0,0,0,1.204682693,131.90797,0.0,0.0033,0.672,229.7,0.015156,35.11087,1.66,1711.0,2026.81,11.9,1107,5780.0,4.438,1.0,1.0,11.671,32.4,-32.4,0.001489,-0.001404,21.35636,-34.44094,0.0,0.0,12.544,11.63,11.293,14.292,15.576,12.698,14.532,-1,0.5691197
CANDIDATE,0,0,0,0,46.331703,173.2164,0.0,0.1484,4.514,299.9,0.015637,4.31107,1.39,441.0,8.98,9.4,29,5477.0,4.571,0.815,0.907,15.378,34.2,-34.2,0.00106,-0.001167,0.52897,-2.38574,0.52,-0.1,15.998,15.324,15.113,15.035,14.081,13.648,13.526,-1,0.5691197
CANDIDATE,0,0,0,0,29.0728152,136.96988,0.0,0.8801,2.591,479.4,0.023453,2.011,2.67,614.0,33.69,23.3,45,5799.0,4.37,1.042,0.928,14.409,26.1,-26.1,0.000218,-0.003683,13.80666,-0.73583,0.96,-0.39,14.931,14.349,14.185,14.078,13.177,12.823,12.695,-1,0.5691197
CANDIDATE,0,0,0,0,1.151245221,132.64519,0.0,1.669,1.3134,282.2,0.681838,0.14703,68.57,1757.0,2253.09,44.2,1158,6086.0,4.511,0.921,1.003,14.519,9.4,-9.4,0.318071,-0.342158,0.01127,-0.07426,27.85,-6.03,14.968,14.471,14.327,14.252,13.339,13.042,12.949,-1,0.5691197
CANDIDATE,0,0,0,0,2.42087351,133.58069,0.0,0.8999,2.99,268.0,0.01774,0.095,1.7,1324.0,726.98,19.9,535,5982.0,4.535,0.879,0.967,15.61,15.4,-15.4,0.000652,-0.002827,0.77474,-0.0156,0.72,-0.13,16.119,15.575,15.392,15.303,14.415,14.062,13.934,-1,0.5691197
CANDIDATE,0,0,0,0,15.9042292,131.50107,0.0,0.1204,1.926,583.5,0.022191,19.6386,2.13,707.0,59.1,13.3,71,5982.0,4.535,0.879,0.967,15.61,45.2,-45.2,0.001081,-0.001117,2.38388,-8.67423,0.89,-0.17,16.119,15.575,15.392,15.303,14.415,14.062,13.934,-1,0.5691197
CANDIDATE,0,0,0,0,5.2424184,133.22768,0.0,0.2193,6.089,347.2,0.016939,0.19435,3.38,1367.0,825.0,19.5,122,5383.0,3.824,1.829,0.813,15.83,20.7,-20.7,0.000786,-0.000582,0.02507,-0.06052,2.56,-2.04,16.531,15.806,15.53,15.345,14.312,13.891,13.759,-1,0.5691197
CANDIDATE,0,0,0,0,7.227407,134.4715,0.0,0.4656,4.781,180.5,0.012575,0.40812,1.33,967.0,206.77,8.9,131,6075.0,4.486,0.969,1.048,15.832,24.5,-24.5,0.000895,-0.00107,0.36961,-0.39475,0.52,-0.12,16.315,15.794,15.625,15.566,14.753,14.325,14.318,-1,0.5691197
CANDIDATE,0,0,0,0,78.7324395,168.73125,0.0,0.9557,5.108,526.0,0.02649,0.26195,4.35,578.0,26.36,26.8,16,6735.0,4.214,1.505,1.351,13.003,22.8,-22.8,0.000628,-0.005148,8.77356,-0.04004,2.97,-0.84,13.293,12.955,12.878,12.876,12.091,11.916,11.805,-1,0.5691197
CANDIDATE,0,0,0,0,147.280875,148.80226,0.0,0.2007,7.329,503.9,0.020403,3.16047,1.84,311.0,2.2,19.1,8,5593.0,4.543,0.828,0.874,14.685,31.4,-31.4,0.001028,-0.000673,0.52302,-0.88671,0.8,-0.16,15.179,14.589,14.473,14.358,13.476,13.133,13.053,-1,0.5691197
CANDIDATE,0,0,0,0,13.90333669,143.52393,0.0,0.1824,3.25,315.7,0.015984,3.41339,1.43,646.0,41.08,17.7,101,5261.0,4.523,0.819,0.817,14.782,20.1,-20.1,0.000924,-0.000484,0.63064,-1.33999,0.57,-0.14,15.399,14.545,14.518,14.188,13.222,12.782,12.716,-1,0.5691197
CANDIDATE,0,0,0,0,6.35705236,135.47755,0.0,0.5658,1.35,282.5,0.016003,13.10003,1.68,990.0,227.07,16.7,170,5982.0,4.493,0.96,1.047,14.216,21.0,-21.0,0.000293,-0.001192,14.02986,-2.28787,0.69,-0.15,14.675,14.135,14.019,13.922,13.059,12.717,12.667,-1,0.5691197
CANDIDATE,0,0,0,0,16.2708755,145.08957,0.0,1.4544,5.526,508.6,0.473759,0.01223,39.58,651.0,42.39,20.7,67,5811.0,4.596,0.765,0.843,14.94,30.8,-30.8,0.236254,-0.419676,0.00487,-0.00241,14.02,-2.59,15.416,14.895,14.736,14.649,13.773,13.416,13.351,-1,0.5691197
CANDIDATE,0,0,0,0,1.169010265,131.738842,0.0,1.7358,1.1174,174.1,0.745019,0.15813,115.12,2289.0,6487.87,39.5,1145,6514.0,4.17,1.415,1.08,13.579,6.0,-6.0,0.254922,-0.362693,0.00222,-0.08828,54.34,-26.52,13.91,13.546,13.437,13.392,12.586,12.34,12.276,-1,0.32568952
CANDIDATE,0,0,0,0,11.61920445,142.1202,0.0,0.3687,1.9,807.8,0.0264,12.56906,2.42,758.0,78.23,20.4,111,5876.0,4.558,0.84,0.926,15.664,48.3,-48.3,0.000953,-0.001167,5.3404,-3.55827,1.0,-0.19,16.201,15.622,15.433,15.325,14.388,14.047,13.978,-1,0.5691197
CANDIDATE,0,0,0,0,38.2294271,166.00742,0.0,0.5195,3.972,573.9,0.022306,3.51119,1.46,359.0,3.92,24.4,35,4544.0,4.656,0.598,0.592,14.847,27.6,-27.6,0.000191,-0.001387,2.35341,-0.4669,0.13,-0.13,15.772,14.787,14.45,14.239,13.151,12.589,12.484,-1,0.5691197
CANDIDATE,0,0,0,0,2.10082411,132.26406,0.0,0.3243,2.192,181.2,0.012395,1.50303,1.24,1378.0,852.78,14.5,622,5815.0,4.5,0.918,0.974,15.656,14.1,-14.1,0.000706,-0.000517,0.35131,-0.6467,0.52,-0.11,16.22,15.607,15.415,15.366,14.3,13.992,14.076,-1,0.5691197
CANDIDATE,0,0,0,0,5.46748701,133.42705,0.0,0.2168,3.051,90.7,0.008714,1.55639,0.87,1002.0,238.33,10.1,236,5851.0,4.515,0.918,1.007,14.746,10.5,-10.5,0.000578,-0.000608,0.35033,-0.78383,0.35,-0.07,15.249,14.691,14.53,14.459,13.55,13.238,13.175,-1,0.5691197
CANDIDATE,0,0,0,0,2.27049088,133.54621,0.0,0.0586,2.008,94.4,0.00877,2.4321,0.51,903.0,157.05,13.0,586,4671.0,4.721,0.528,0.534,14.363,8.2,-8.2,0.000671,-0.000336,0.43019,-1.17563,0.02,-0.04,15.168,14.347,14.017,13.849,12.855,12.332,12.264,-1,0.5691197
CANDIDATE,0,0,0,0,4.02320508,135.41966,0.0,0.1357,2.391,88.2,0.008477,2.48535,0.49,747.0,73.5,9.8,317,4671.0,4.721,0.528,0.534,14.363,10.0,-10.0,0.000466,-0.000745,0.35419,-1.67524,0.03,-0.04,15.168,14.347,14.017,13.849,12.855,12.332,12.264,-1,0.5691197
CANDIDATE,0,0,0,0,57.3885599,141.62545,0.0,0.1575,3.382,405.8,0.018167,12.73463,1.95,452.0,9.91,11.2,25,5495.0,4.412,0.985,0.912,14.803,40.8,-40.8,0.00128,-0.001035,1.71213,-6.47344,0.71,-0.24,15.426,14.729,14.536,14.402,13.451,13.087,12.965,-1,0.5691197
CANDIDATE,0,0,0,0,27.9038807,154.9473,0.0,0.2534,5.16,303.4,0.016094,1.63291,2.03,694.0,54.69,12.0,36,6308.0,4.353,1.153,1.09,15.212,27.7,-27.7,0.000817,-0.000935,0.31135,-0.69774,1.18,-0.26,15.611,15.145,15.041,14.952,14.156,13.851,13.819,-1,0.5691197
CANDIDATE,0,0,0,0,6.06330298,136.17607,0.0,0.0214,3.275,200.7,0.013024,1.51682,1.64,1153.0,418.4,13.1,139,6308.0,4.353,1.153,1.09,15.212,16.8,-16.8,0.000829,-0.000479,0.0898,-0.74883,0.95,-0.2,15.611,15.145,15.041,14.952,14.156,13.851,13.819,-1,0.5691197
CANDIDATE,0,0,0,0,6.8025094,132.39757,0.0,0.3271,2.497,222.9,0.013808,3.26227,1.23,895.0,151.6,14.3,196,5827.0,4.559,0.817,0.881,15.188,18.0,-18.0,0.0006,-0.000753,0.70399,-1.70787,0.56,-0.1,15.707,15.149,14.966,14.868,13.975,13.578,13.553,-1,0.5691197
CANDIDATE,0,0,0,0,7.5017805,138.8298,0.0,0.004,4.327,120.1,0.010069,0.80714,1.25,1054.0,291.91,9.5,142,6343.0,4.411,1.137,1.213,15.438,16.7,-16.7,0.00122,-0.000361,0.3108,-0.42155,0.76,-0.14,15.87,15.374,15.253,15.196,14.34,14.122,14.354,-1,0.5691197
CANDIDATE,0,0,0,0,47.3644554,175.043,0.0,0.6198,4.955,691.6,0.025136,1.78864,2.48,481.0,12.62,16.1,26,5708.0,4.482,0.902,0.902,15.817,57.5,-57.5,0.000424,-0.002078,2.51851,-0.10188,1.01,-0.26,16.405,15.776,15.565,15.479,14.533,14.052,13.963,-1,0.5691197
CANDIDATE,0,0,0,0,53.3572551,138.39067,0.0,0.7107,6.177,913.2,0.029601,0.78975,3.04,476.0,12.14,24.3,19,5893.0,4.505,0.941,1.033,15.114,42.1,-42.1,0.000463,-0.002522,1.20683,-0.09433,1.26,-0.27,15.632,15.067,14.891,14.85,13.931,13.554,13.52,-1,0.5691197
CANDIDATE,0,0,0,0,0.912340414,131.60622,0.0,0.2467,0.931,122.6,0.01024,9.05564,1.05,1849.0,2762.53,9.2,1227,5893.0,4.505,0.941,1.033,15.114,17.3,-17.3,0.000877,-0.000913,2.0521,-8.93458,0.44,-0.09,15.632,15.067,14.891,14.85,13.931,13.554,13.52,-1,0.5691197
CANDIDATE,0,0,0,0,7.19317988,137.265,0.0,0.354,2.817,128.6,0.010462,2.30529,1.03,909.0,161.53,10.7,176,5772.0,4.486,0.899,0.903,14.834,14.3,-14.3,0.000692,-0.000703,0.81798,-1.29196,0.42,-0.11,15.373,14.794,14.603,14.526,13.603,13.245,13.168,-1,0.5691197
CANDIDATE,0,0,0,0,1.530515949,131.866497,0.0,0.9189,0.6236,744.2,0.03533,5.87492,1.54,712.0,60.83,26.3,873,3565.0,4.859,0.4,0.422,15.63,35.6,-35.6,0.007873,-0.006006,14.38001,-0.39871,0.27,-0.34,15.1345,15.85,14.939,14.471,13.185,12.651,12.423,-1,0.5691197
CANDIDATE,0,0,0,0,0.666826778,133.040723,0.0,0.1684,0.7942,564.3,0.021715,11.64293,1.31,1181.0,460.16,32.7,2005,3990.0,4.694,0.554,0.554,15.745,24.1,-24.1,0.001444,-0.000228,4.09636,-3.56092,0.22,-0.11,17.04,15.714,15.19,14.905,13.726,13.061,12.875,-1,0.5691197
CANDIDATE,0,0,0,0,4.26795346,134.07268,0.0,0.0296,1.2925,131.9,0.01062,17.20111,1.43,1371.0,834.16,22.3,312,6395.0,4.275,1.237,1.048,13.047,7.6,-7.6,0.000566,-0.000216,2.72432,-7.17619,0.75,-0.24,13.413,12.985,12.89,14.292,11.969,11.766,11.707,-1,0.5691197
CANDIDATE,0,0,0,0,7.10394924,136.33344,0.0,0.4859,1.5817,389.4,0.018422,10.86544,1.6,822.0,107.97,17.0,190,5494.0,4.577,0.794,0.868,15.164,28.0,-28.0,0.000693,-0.000999,8.29916,-1.66618,0.59,-0.12,15.77,15.118,14.905,14.778,13.843,13.518,13.373,-1,0.5691197
CANDIDATE,0,0,0,0,15.92104918,147.05576,0.0,1.0525,1.62,805.8,0.094846,0.86793,8.53,647.0,41.34,17.5,82,5583.0,4.559,0.824,0.899,15.523,60.5,-60.5,0.549238,-0.063803,0.23545,-0.3813,3.51,-0.66,16.099,15.481,15.276,15.198,14.326,13.843,13.856,-1,0.5691197
CANDIDATE,0,0,0,0,2.81042295,133.4099,0.0,0.5206,3.867,48.3,0.006499,0.27095,1.21,1602.0,1556.78,18.0,475,5473.0,3.966,1.704,0.98,13.388,3.2,-3.2,0.000138,-0.000418,0.21617,-0.02194,0.73,-0.5,14.009,13.339,13.122,13.015,12.065,11.667,11.582,-1,0.5691197
CANDIDATE,0,0,0,0,4.790915598,132.01491,0.0,0.2239,0.4711,411.1,0.019852,380.63556,1.14,648.0,41.69,21.1,282,4329.0,4.738,0.524,0.548,14.452,26.5,-26.5,0.001657,-0.001542,85.53846,-281.82895,0.1,-0.1,15.479,14.387,14.012,13.809,12.746,12.174,12.039,-1,0.5691197
CANDIDATE,0,0,0,0,2.61090672,133.25349,0.0,0.3262,1.882,232.1,0.013937,2.94212,1.33,1194.0,480.85,9.7,416,5565.0,4.546,0.871,0.974,15.829,27.2,-27.2,0.000553,-0.001459,0.51178,-2.12686,0.52,-0.1,16.475,15.764,15.552,15.422,14.411,14.092,13.937,-1,0.5691197
CANDIDATE,0,0,0,0,17.699719,140.95179,0.0,0.1626,2.661,822.1,0.025404,8.22521,2.04,521.0,17.42,19.1,51,4805.0,4.59,0.736,0.769,15.44,51.9,-51.9,0.001401,-0.001003,1.61008,-3.06855,0.22,-0.15,16.32,15.371,15.063,14.862,13.796,13.244,13.156,-1,0.5691197
CANDIDATE,0,0,0,0,5.42200756,133.46525,0.0,0.0499,2.762,96.6,0.009018,2.22728,1.02,1113.0,362.17,10.7,220,6184.0,4.448,1.038,1.1,13.925,9.0,-9.0,0.000539,-0.000481,0.30041,-1.03925,0.54,-0.09,14.323,13.866,13.755,13.708,12.861,12.569,12.503,-1,0.5691197
CANDIDATE,0,0,0,0,0.827149298,132.08111,0.0,0.4897,1.381,302.1,0.016107,1.95608,1.24,1443.0,1023.93,12.1,1371,4865.0,4.613,0.705,0.745,14.992,27.8,-27.8,0.0008,-0.001152,1.6186,-0.62643,0.16,-0.1,15.753,14.846,14.666,14.461,13.273,12.72,12.658,-1,0.5691197
CANDIDATE,0,0,0,0,18.0243403,144.27814,0.0,0.469,3.538,513.4,0.021197,2.56399,2.11,683.0,51.44,17.3,75,5955.0,4.52,0.91,0.999,15.419,35.0,-35.0,0.000782,-0.001082,1.78413,-0.399,0.85,-0.18,15.923,15.37,15.203,15.11,14.195,13.918,13.858,-1,0.5691197
CANDIDATE,0,0,0,0,16.4793025,142.94704,0.0,0.5,3.184,539.6,0.021456,3.04598,1.71,542.0,20.4,13.3,81,4911.0,4.602,0.73,0.779,15.846,48.8,-48.8,0.000583,-0.001823,1.92359,-0.82008,0.22,-0.13,16.696,15.802,15.483,15.393,14.44,13.804,13.766,-1,0.5691197
CANDIDATE,0,0,0,0,10.27130881,135.17414,0.0,0.2106,2.982,349.9,0.017135,3.22079,0.95,509.0,15.86,15.6,128,4401.0,4.735,0.51,0.514,15.439,24.1,-24.1,0.000743,-0.00081,0.65325,-1.16603,0.07,-0.08,16.409,15.39,15.023,14.8,13.729,13.159,13.038,-1,0.5691197
CANDIDATE,0,0,0,0,18.120884,134.17821,0.0,0.9264,4.414,544.4,0.027182,0.15629,2.3,543.0,20.58,15.8,48,4905.0,4.536,0.774,0.75,15.486,42.0,-42.0,0.00151,-0.006822,2.79977,-0.06491,0.41,-0.21,16.343,15.415,15.118,14.927,13.915,13.287,13.218,-1,0.5691197
CANDIDATE,0,0,0,0,17.6637779,144.2378,0.0,0.0887,5.702,71.2,0.007757,0.81349,0.96,798.0,95.93,10.4,76,6273.0,4.364,1.139,1.092,14.074,8.4,-8.4,0.000592,-0.000435,1.45982,-0.32889,0.55,-0.11,14.456,14.005,13.91,13.865,12.966,12.717,12.602,-1,0.5691197
CANDIDATE,0,0,0,0,8.28163103,136.2513,0.0,0.0506,3.226,148.7,0.011045,2.14481,1.32,934.0,180.21,15.4,158,5730.0,4.357,1.092,0.991,14.273,12.0,-12.0,0.000532,-0.000608,0.23901,-0.94894,0.5,-0.19,14.83,14.199,14.034,13.942,13.002,12.643,12.572,-1,0.5691197
CANDIDATE,0,0,0,0,0.826284195,132.26999,0.0,0.2608,0.9629,140.2,0.010791,7.37416,0.92,1584.0,1487.43,25.1,1619,5203.0,4.587,0.781,0.86,14.434,7.3,-7.3,0.000539,-0.000339,1.87807,-2.86468,0.2,-0.06,15.108,14.359,14.146,14.032,13.061,12.556,12.532,-1,0.5691197
CANDIDATE,0,0,0,0,6.37706089,136.9131,0.0,0.075,1.945,534.3,0.020866,7.71725,2.2,935.0,181.03,17.2,181,5672.0,4.502,0.966,1.079,15.522,37.4,-37.4,0.001144,-0.000885,0.82623,-4.24964,0.74,-0.18,16.063,15.387,15.29,15.22,14.273,13.93,13.876,-1,0.5691197
CANDIDATE,0,0,0,0,1.347512247,132.128167,0.0,1.6096,1.956,3167.4,0.667793,0.2328,49.95,1346.0,775.18,114.6,842,5316.0,4.585,0.685,0.658,15.894,32.4,-32.4,0.332171,-0.218035,0.02245,-0.07724,9.12,-4.74,16.59,15.89,15.596,15.411,14.417,13.977,13.792,-1,0.5691197
CANDIDATE,0,0,0,0,18.55578977,132.07222,0.0,0.7686,5.51,602.4,0.024492,0.29185,3.56,898.0,153.83,32.3,72,6810.0,4.296,1.332,1.287,13.506,22.4,-22.4,0.000109,-0.002058,0.65022,-0.08876,2.09,-0.54,13.723,13.434,13.382,13.389,12.594,12.388,12.367,-1,0.5691197
CANDIDATE,0,0,0,0,13.33092674,133.78766,0.0,0.9363,1.296,733.9,0.030971,4.16109,3.51,815.0,104.37,20.3,102,5991.0,4.394,1.039,0.976,14.847,50.6,-50.6,0.012443,-0.003784,15.82005,-0.45457,1.34,-0.44,15.313,14.794,14.647,14.592,13.595,13.287,13.247,-1,0.5691197
CANDIDATE,0,0,0,0,10.30139354,134.89313,0.0,0.7737,3.721,202.8,0.01426,0.4784,1.66,922.0,171.07,13.8,113,6190.0,4.393,1.068,1.025,15.147,15.0,-15.0,0.002545,-0.00133,1.30955,-0.05068,0.79,-0.18,15.605,15.11,14.951,14.887,13.994,13.71,13.714,-1,0.5691197
CANDIDATE,0,0,0,0,7.87840906,138.58909,0.0,0.1861,3.814,55.8,0.006912,1.16268,1.06,1194.0,481.13,12.5,162,6474.0,4.188,1.403,1.104,13.455,4.7,-4.7,0.000326,-0.000399,0.2488,-0.45223,0.53,-0.24,13.791,13.421,13.311,13.31,12.414,12.151,12.121,-1,0.5691197
CANDIDATE,0,0,0,0,22.7888975,134.4798,0.0,0.6448,9.281,45.8,0.006532,0.11149,1.18,893.0,150.47,17.0,61,6440.0,4.081,1.655,1.204,11.638,2.9,-2.9,6.4e-05,-0.000441,0.13585,-0.00964,0.62,-0.34,11.931,11.583,11.513,11.5,10.661,10.452,10.406,-1,0.5691197
CANDIDATE,0,0,0,0,175.605703,202.3604,0.0,0.0794,7.969,514.2,0.02084,3.08556,2.3,347.0,3.42,14.8,7,6208.0,4.462,1.009,1.072,15.054,40.2,-40.2,0.00124,-0.000783,0.51362,-1.29719,0.97,-0.22,15.474,15.003,14.874,14.816,13.926,13.646,13.62,-1,0.5691197
CANDIDATE,0,0,0,0,29.2253605,143.99004,0.0,0.1757,5.196,172.0,0.012019,1.73965,1.32,614.0,33.69,15.0,45,6049.0,4.461,1.008,1.069,14.162,12.9,-12.9,0.000571,-0.000559,0.19047,-0.69136,0.61,-0.12,14.625,14.111,13.964,13.94,13.054,12.824,12.781,-1,0.5691197
CANDIDATE,0,0,0,0,25.3247209,138.4857,0.0,3.7737,44.481,816.3,2.794919,0.00213,203.88,484.0,12.94,97.3,27,5128.0,4.6,0.668,0.647,14.856,9.9,-9.9,0.593196,-0.714845,0.00079,-0.00112,88.2,-17.7,15.542,14.831,14.562,14.428,13.408,12.943,12.868,-1,0.5691197
CANDIDATE,0,0,0,0,73.711634,202.78,0.0,0.0319,9.877,135.6,0.010737,0.66541,1.57,547.0,21.2,20.6,17,6431.0,4.241,1.336,1.134,12.643,8.2,-8.2,0.00038,-0.000454,0.04288,-0.23088,0.84,-0.32,13.076,12.587,12.457,14.292,11.65,11.411,11.359,-1,0.5691197
CANDIDATE,0,0,0,0,14.43344076,143.60785,0.0,1.6057,2.763,595.1,0.6281,0.11636,48.56,559.0,23.01,14.5,91,4902.0,4.621,0.708,0.77,15.323,51.1,-51.1,0.371733,-0.313433,0.05233,-0.08496,6.11,-3.63,16.105,15.246,14.988,14.81,13.762,13.182,13.128,-1,0.5691197
CANDIDATE,0,0,0,0,0.754458321,134.982626,0.0,0.1207,0.5656,261.1,0.015271,36.21463,1.49,1932.0,3290.65,35.2,1772,5883.0,4.53,0.892,0.985,14.482,14.9,-14.9,0.000846,-0.000707,1.07909,-26.75848,0.54,-0.12,14.95,14.43,14.282,14.238,13.364,13.041,12.995,-1,0.562149
CANDIDATE,0,0,0,0,24.1071656,145.9459,0.0,0.4974,10.351,103.6,0.009607,0.12472,2.64,1065.0,304.22,21.5,58,6585.0,3.813,2.517,1.502,12.605,5.3,-5.3,0.000152,-0.000499,0.07575,-0.018,0.69,-1.04,12.969,12.547,12.449,14.292,11.529,11.34,11.271,-1,0.5691197
CANDIDATE,0,0,0,0,115.229503,176.6398,0.0,0.2003,15.776,158.5,0.011657,0.24141,3.2,632.0,37.8,19.0,13,6585.0,3.813,2.517,1.502,12.605,8.3,-8.3,0.000461,-0.000396,0.03248,-0.08381,0.85,-1.26,12.969,12.547,12.449,14.292,11.529,11.34,11.271,-1,0.5691197
CANDIDATE,0,0,0,0,7.57306383,131.93939,0.0,0.714,2.598,30.1,0.005389,1.29692,0.54,870.0,135.57,10.9,128,5461.0,4.423,0.924,0.824,11.83,3.0,-3.0,0.001869,-0.000508,2.26635,-1.21021,0.22,-0.07,12.363,11.766,11.602,11.529,10.615,10.275,10.185,-1,0.5691197
CANDIDATE,0,0,0,0,51.5738714,158.06799,0.0,0.453,2.852,999.7,0.029174,14.80445,2.59,416.0,7.11,15.0,26,5377.0,4.581,0.814,0.921,15.96,82.2,-82.2,0.00135,-0.001885,10.29346,-4.30434,0.86,-0.17,16.628,15.892,15.674,15.576,14.543,14.119,14.029,-1,0.5691197
CANDIDATE,0,0,0,0,4.0266532,134.3946,0.0,0.189,3.917,29.8,0.005048,0.54849,0.64,1353.0,792.66,7.5,313,6528.0,4.384,1.155,1.177,13.383,4.1,-4.1,0.000393,-0.000409,0.14709,-0.2774,0.39,-0.07,13.672,13.318,13.26,13.23,12.412,12.134,12.075,-1,0.5691197
CANDIDATE,0,0,0,0,5.1777226,133.5044,0.0,0.025,8.275,41.7,0.005867,0.0802,0.63,1050.0,287.44,6.1,235,5854.0,4.469,0.979,1.03,12.32,6.1,-6.1,0.009348,-0.001467,28.47704,-0.05186,0.12,-0.04,12.745,12.263,12.138,14.292,10.986,10.775,10.666,-1,0.5691197
CANDIDATE,0,0,0,0,3.98863276,134.83382,0.0,0.6443,3.525,103.6,0.009806,0.3686,1.02,1167.0,437.72,12.3,341,6045.0,4.494,0.955,1.038,15.016,9.7,-9.7,8.5e-05,-0.001166,0.55684,-0.03175,0.43,-0.09,15.475,14.968,14.82,14.79,13.857,13.488,13.483,-1,0.5691197
CANDIDATE,0,0,0,0,25.1080579,146.4406,0.0,0.1397,7.73,340.7,0.016931,0.46904,2.06,690.0,53.73,6.9,19,6133.0,4.367,1.112,1.049,15.527,43.0,-43.0,0.000861,-0.001585,0.15253,-0.24279,1.06,-0.26,15.986,15.489,15.33,15.317,14.402,14.073,14.017,-1,0.5691197
CANDIDATE,0,0,0,0,3.55559864,132.75132,0.0,0.1252,3.207,69.3,0.007597,0.91549,0.9,1270.0,615.03,16.3,382,5839.0,4.337,1.082,0.926,13.845,4.9,-4.9,0.000322,-0.000357,0.12514,-0.34125,0.3,-0.15,14.346,13.8,13.63,13.565,12.713,12.329,12.306,-1,0.5691197
CANDIDATE,0,0,0,0,6.77360963,138.0914,0.0,0.2164,3.602,157.9,0.011622,1.18293,1.31,1063.0,302.32,14.6,196,6363.0,4.444,1.035,1.083,15.024,12.1,-12.1,0.00059,-0.000508,0.23433,-0.53014,0.64,-0.11,15.418,14.976,14.855,14.797,13.929,13.649,13.654,-1,0.5691197
CANDIDATE,0,0,0,0,5.22404435,132.85136,0.0,0.0874,2.648,47.4,0.006246,2.39566,0.52,899.0,154.54,14.3,257,5511.0,4.597,0.758,0.828,12.869,4.1,-4.1,0.000525,-0.000164,0.51939,-1.22278,0.14,-0.04,13.369,12.812,12.655,12.578,11.652,11.287,11.236,-1,0.5691197
CANDIDATE,0,0,0,0,64.035738,159.0299,0.0,0.9381,8.605,654.5,0.029212,0.06444,2.5,411.0,6.72,15.7,17,5691.0,4.561,0.783,0.814,15.341,51.4,-51.4,0.002852,-0.006944,1.2963,-0.00394,1.16,-0.2,15.872,15.298,15.113,15.005,14.08,13.729,13.609,-1,0.5691197
CANDIDATE,0,0,0,0,237.7872077,196.97088,0.0,0.9503,10.393,1663.7,0.0471,0.15183,5.78,342.0,3.25,94.5,6,6400.0,4.358,1.123,1.044,13.46,30.7,-30.7,0.000739,-0.000974,0.01197,-0.01385,2.99,-0.69,13.798,13.411,13.315,13.273,12.397,12.157,12.137,-1,0.5691197
CANDIDATE,0,0,0,0,110.7557326,144.8031,0.0,0.9053,6.751,8226.0,0.099713,0.73887,12.58,448.0,9.53,51.0,11,6528.0,4.384,1.155,1.177,13.455,199.0,-199.0,0.486622,-0.004848,0.0126,-0.29272,7.43,-1.46,13.764,13.379,13.322,13.277,12.397,12.101,12.113,-1,0.5691197
CANDIDATE,0,0,0,0,14.40792604,142.02779,0.0,0.9386,2.352,3285.0,0.067959,1.23902,5.44,626.0,36.39,56.6,91,5433.0,4.607,0.733,0.793,14.599,112.0,-112.0,0.048268,-0.009386,1.15229,-0.46173,1.45,-0.39,15.18,14.556,14.35,14.251,13.286,12.935,12.851,-1,0.5691197
CANDIDATE,0,0,0,0,126.4465454,166.4958,0.0,0.0733,16.736,3470.7,0.053408,0.26404,4.69,325.0,2.62,100.6,11,5635.0,4.569,0.804,0.876,15.5,37.0,-37.0,0.000929,-0.000232,0.00754,-0.04568,1.47,-0.37,16.036,15.44,15.27,15.167,14.245,13.851,13.766,-1,0.5691197
CANDIDATE,0,0,0,0,165.3450738,174.29312,0.0,36.4409,3.336,5319.0,35.500751,343.80054,3147.87,301.0,1.93,52.1,8,5594.0,4.52,0.812,0.798,15.548,190.0,-190.0,27.11302,-27.91167,418.95258,-304.14017,1388.0,-317.9,16.021,15.505,15.346,15.26,14.296,13.895,13.853,-1,0.5691197
CANDIDATE,0,0,0,0,97.4467732,204.82796,0.0,0.7328,7.247,2176.8,0.04623,0.89909,3.47,283.0,1.53,68.2,12,4728.0,4.623,0.688,0.724,14.981,37.7,-37.7,0.006846,-0.004469,1.47164,-0.0556,0.42,-0.27,15.892,14.91,14.591,14.379,13.332,12.786,12.69,-1,0.5691197
CANDIDATE,0,0,0,0,1.257688763,132.504177,0.0,0.0006,0.8489,1065.6,0.030119,19.02511,2.6,1520.0,1260.52,53.8,1062,5676.0,4.564,0.792,0.838,15.522,27.5,-27.5,0.000838,-0.000467,0.40434,-6.557,1.19,-0.21,16.094,15.486,15.278,15.169,14.198,13.828,13.676,-1,0.5691197
CANDIDATE,0,0,0,0,2.503431903,131.945353,0.0,1.9223,1.5171,1346.6,0.956733,0.37663,87.76,1146.0,408.12,46.5,416,5174.0,4.483,0.84,0.782,15.601,39.3,-39.3,0.043129,-0.583287,0.18779,-0.09856,54.43,-9.09,16.355,15.536,15.278,15.108,14.088,13.564,13.417,-1,0.5691197
CANDIDATE,0,0,0,0,96.4561033,214.75038,0.0,0.7809,11.209,932.2,0.030583,0.17582,5.56,589.0,28.49,75.9,11,7030.0,4.143,1.666,1.411,12.998,13.8,-13.8,0.001819,-0.002108,0.41238,-0.0143,3.4,-1.18,13.172,12.94,12.901,12.947,12.188,12.032,11.95,-1,0.5691197
CANDIDATE,0,0,0,0,44.5645251,143.43011,0.0,0.7457,7.61,354.5,0.018639,0.28538,3.39,762.0,79.76,41.8,24,7030.0,4.143,1.666,1.411,12.998,10.5,-10.5,3e-06,-0.001408,0.51402,-0.24088,2.07,-0.72,13.172,12.94,12.901,12.947,12.188,12.032,11.95,-1,0.5691197
CANDIDATE,0,0,0,0,0.910020015,131.99312,0.0,1.0,2.533,410.6,0.038444,0.047,2.27,1137.0,395.07,52.8,1466,4296.0,4.711,0.54,0.546,15.381,12.6,-12.6,0.137296,-0.014429,0.00922,-0.00672,0.2,-0.22,16.441,15.298,14.927,14.694,13.578,12.993,12.84,-1,0.5691197
CANDIDATE,0,0,0,0,3.097587634,131.55449,0.0,0.0423,4.6298,88.0,0.008653,0.27467,1.8,1830.0,2652.5,57.5,434,6491.0,4.024,1.9,1.39,10.268,1.9,-1.9,0.000264,-0.000119,0.00212,-0.11504,0.06,-0.07,10.497,10.186,10.169,10.141,9.381,9.181,9.109,-1,0.5691197
CANDIDATE,0,0,0,0,7.50784391,138.71064,0.0,0.2372,5.3137,151.6,0.0114,0.40315,1.64,1164.0,433.55,42.1,144,6450.0,4.261,1.32,1.159,11.125,4.3,-4.3,0.000264,-0.000243,0.048,-0.10596,0.96,-0.3,11.39,11.066,11.011,11.036,10.186,9.963,9.948,-1,0.5691197
CANDIDATE,0,0,0,0,106.260935,132.23883,0.0,0.2223,6.561,466.8,0.019146,3.12273,1.72,303.0,1.99,14.0,14,4827.0,4.508,0.823,0.796,15.141,35.5,-35.5,0.001019,-0.001137,0.47259,-1.3358,3.54,-0.15,16.055,15.082,14.749,14.564,13.472,12.944,12.834,-1,0.5691197
CANDIDATE,0,0,0,0,6.57158198,132.74755,0.0,0.299,3.158,58.1,0.007061,1.56901,1.2,1242.0,561.96,29.9,203,6109.0,4.136,1.55,1.19,10.338,2.2,-2.2,0.000265,-0.000157,0.46894,-0.38448,0.03,-0.05,10.677,10.288,10.193,10.188,9.309,9.023,8.996,-1,0.5691197
CANDIDATE,0,0,0,0,16.5339099,135.41124,0.0,0.0619,3.981,96.9,0.009091,2.25938,1.21,871.0,135.75,16.6,74,6522.0,4.325,1.215,1.14,13.268,6.2,-6.2,0.000461,-0.00033,0.21814,-1.02687,0.68,-0.17,13.567,13.221,13.14,13.127,12.303,12.082,11.993,-1,0.5691197
CANDIDATE,0,0,0,0,0.587471324,131.49735,0.0,1.0656,2.3607,206.9,0.083378,0.08006,24.28,3438.0,33039.47,61.5,2276,5787.0,3.678,2.667,1.236,13.744,4.3,-4.3,0.363816,-0.026706,0.09949,-0.00518,10.01,-13.1,14.354,13.719,13.482,13.323,12.355,12.072,11.988,-1,5.0998885e-08
CANDIDATE,0,0,0,0,24.5607763,146.7955,0.0,0.5311,8.73,56.9,0.007111,0.19556,0.86,684.0,51.89,14.1,48,6086.0,4.389,1.111,1.102,12.805,4.2,-4.2,0.000244,-0.000395,0.19401,-0.00786,0.15,-0.06,13.129,12.743,12.666,12.635,11.83,11.575,11.537,-1,0.5691197
CANDIDATE,0,0,0,0,7.09559216,134.9973,0.0,0.5221,3.826,105.0,0.009605,0.69317,1.01,916.0,166.45,10.5,183,5754.0,4.498,0.96,1.057,15.017,12.5,-12.5,0.000459,-0.000814,0.81158,-0.22707,0.43,-0.09,15.575,14.922,14.778,14.653,13.757,13.423,13.302,-1,0.5691197
CANDIDATE,0,0,0,0,11.6153141,131.9759,0.0,0.4248,2.78,184.5,0.012587,3.54503,1.1,719.0,63.08,10.4,112,5649.0,4.573,0.797,0.868,15.162,23.0,-23.0,0.000974,-0.000857,3.06048,-1.83922,0.39,-0.09,15.694,15.101,14.933,14.837,13.886,13.521,13.406,-1,0.5691197
CANDIDATE,0,0,0,0,174.639617,184.51737,0.0,0.7068,15.969,2765.8,0.051474,0.17067,6.56,370.0,4.42,42.3,8,6299.0,4.401,1.167,1.249,15.905,86.1,-86.1,0.004694,-0.003179,0.23987,-0.03346,3.46,-0.79,16.348,15.823,15.715,15.661,14.87,14.487,14.57,-1,0.5691197
CANDIDATE,0,0,0,0,5.06993245,135.836,0.0,0.3584,3.241,93.6,0.00895,1.05908,0.92,1053.0,291.11,11.6,238,5957.0,4.506,0.937,1.026,14.758,9.9,-9.9,0.000404,-0.00075,0.24206,-0.64797,0.33,-0.09,15.241,14.702,14.551,14.476,13.563,13.279,13.24,-1,0.5691197
CANDIDATE,0,0,0,0,253.355007,235.79107,0.0,0.9359,25.057,1114.3,0.039111,0.01252,25.41,555.0,22.41,99.4,6,5177.0,3.216,5.949,2.122,11.893,18.0,-18.0,0.000406,-0.000706,0.00172,-0.00085,8.95,-12.58,12.643,11.833,11.572,11.419,10.376,9.964,9.839,-1,0.5691197
CANDIDATE,0,0,0,0,1.078084397,132.03693,0.0,0.0267,0.917,155.8,0.011214,12.25627,0.99,1435.0,1002.89,22.7,992,4973.0,4.511,0.809,0.774,14.288,9.4,-9.4,0.000758,-0.000286,2.05947,-5.83641,1.53,-0.09,15.076,14.229,13.95,13.814,12.808,12.286,12.228,-1,0.5691197
CANDIDATE,0,0,0,0,2.2529737,132.24033,0.0,0.0609,1.623,522.0,0.020454,4.71923,1.23,773.0,84.23,22.1,502,3952.0,4.716,0.55,0.572,15.794,25.3,-25.3,0.00092,-0.000694,0.35143,-2.14966,0.2,-0.11,17.134,15.788,15.22,14.868,13.666,12.997,12.87,-1,0.5691197
CANDIDATE,0,0,0,0,11.833458,137.553,0.0,0.0378,2.75,268.2,0.014836,5.00977,1.39,730.0,66.99,13.3,110,5653.0,4.551,0.857,0.952,15.228,48.5,-48.5,0.00138,-0.002211,1.30544,-4.03831,0.53,-0.11,15.769,15.146,14.995,14.912,13.908,13.527,13.477,-1,0.5691197
CANDIDATE,0,0,0,0,205.38445,284.19564,0.0,0.0931,8.602,1464.7,0.033542,2.96856,2.31,201.0,0.39,25.6,7,4400.0,4.645,0.631,0.642,15.558,60.9,-60.9,0.001374,-0.000951,0.16903,-1.01065,0.21,-0.23,16.612,15.521,15.107,14.882,13.766,13.175,13.052,-1,0.5691197
CANDIDATE,0,0,0,0,17.57706436,137.73018,0.0,0.028,1.519,682.9,0.023831,45.30231,2.34,672.0,48.33,21.0,61,5653.0,4.442,0.901,0.819,14.94,42.4,-42.4,0.001772,-0.000386,4.24764,-25.02236,1.01,-0.3,15.486,14.892,14.705,14.596,13.69,13.306,13.186,-1,0.5691197
CANDIDATE,0,0,0,0,0.526888071,131.86442,0.0,0.4148,0.9653,155.9,0.011384,4.05935,0.82,1448.0,1038.43,33.2,2540,4266.0,4.614,0.657,0.646,14.694,8.7,-8.7,0.000367,-0.000624,1.63691,-1.29606,0.04,-0.08,15.926,14.691,14.167,13.879,12.663,12.018,11.883,-1,0.46466458
CANDIDATE,0,0,0,0,4.14245284,132.90441,0.0,0.3131,2.307,64.5,0.007495,2.50674,1.44,1756.0,2250.03,21.1,323,6788.0,3.961,1.755,1.027,11.056,4.2,-4.2,0.000424,-0.000183,0.80934,-0.71294,0.5,-0.52,11.232,10.997,10.932,10.936,10.172,9.981,9.945,-1,0.5691197
CANDIDATE,0,0,0,0,0.86811809,131.83612,0.0,0.1301,1.5469,262.4,0.014854,2.07506,1.8,2079.0,4419.42,23.8,1305,6173.0,4.429,1.108,1.202,15.8,13.3,-13.3,0.000704,-0.000367,0.30707,-0.7725,0.95,-0.19,16.293,15.74,15.589,15.539,14.609,14.241,14.183,-1,0.5668114
CANDIDATE,0,0,0,0,3.37571832,134.21319,0.0,1.4958,1.735,187.2,0.506082,0.04528,67.64,1442.0,1022.2,19.5,395,6303.0,4.303,1.224,1.093,13.91,11.6,-11.6,0.184752,-0.465949,0.01506,-0.01344,44.55,-10.28,14.303,13.852,13.742,13.662,12.828,12.584,12.537,-1,0.5691197
CANDIDATE,0,0,0,0,0.698461548,131.8511,0.0,0.0486,0.7866,135.1,0.01065,12.5862,0.73,1566.0,1420.69,17.6,1909,5143.0,4.638,0.624,0.616,13.586,11.3,-11.3,0.00077,-0.000476,1.65866,-7.52975,2.18,-0.06,14.228,13.561,13.311,13.169,12.121,11.613,11.514,-1,0.5691197
CANDIDATE,0,0,0,0,1.545392765,132.6272,0.0,0.5279,3.062,54.5,0.006953,0.3073,0.59,1427.0,979.13,20.8,690,5770.0,4.585,0.776,0.847,13.529,3.1,-3.1,0.000123,-0.000426,0.22284,-0.03939,0.22,-0.04,13.975,13.478,13.338,13.276,12.404,12.093,12.028,-1,0.5691197
CANDIDATE,0,0,0,0,79.2455988,161.56349,0.0,0.2339,5.326,1839.4,0.039076,4.59152,3.91,404.0,6.33,19.9,15,5648.0,4.464,0.917,0.892,15.302,97.7,-97.7,0.001409,-0.001527,0.5891,-1.44703,1.58,-0.42,15.891,15.254,15.049,14.951,14.023,13.627,13.522,-1,0.5691197
CANDIDATE,0,0,0,0,1.791876873,132.87521,0.0,0.2097,1.216,46.7,0.00631,8.04841,1.25,2077.0,4402.69,12.8,743,6085.0,3.981,1.815,1.15,12.599,4.7,-4.7,0.00032,-0.000474,1.77096,-4.88836,0.48,-0.46,13.042,12.552,12.409,12.356,11.428,11.181,11.123,-1,0.5691197
CANDIDATE,0,0,0,0,3.67934645,134.99267,0.0,0.1582,3.622,87.3,0.008519,0.65132,0.79,1112.0,361.27,19.6,362,5676.0,4.474,0.848,0.781,13.884,5.3,-5.3,0.000495,-0.000222,0.12553,-0.25132,0.36,-0.1,14.401,13.84,13.663,13.563,12.658,12.314,12.261,-1,0.5691197
CANDIDATE,0,0,0,0,7.446473,137.3416,0.0,0.4508,4.114,74.5,0.00803,0.66406,0.74,879.0,141.12,12.7,165,5676.0,4.474,0.848,0.781,13.884,7.1,-7.1,0.000357,-0.000544,0.40212,-0.22445,0.34,-0.08,14.401,13.84,13.663,13.563,12.658,12.314,12.261,-1,0.5691197
CANDIDATE,0,0,0,0,1.239355549,131.85231,0.0,0.1068,1.431,154.8,0.011253,3.67252,1.11,1553.0,1373.81,10.4,876,5485.0,4.49,0.906,0.923,15.472,18.4,-18.4,0.000851,-0.000773,0.18199,-3.53749,0.43,-0.1,16.117,15.397,15.196,15.088,14.068,13.67,13.556,-1,0.5691197
CANDIDATE,0,0,0,0,1.407019914,131.60906,0.0,0.3141,1.3815,190.2,0.012533,4.05842,1.14,1369.0,831.23,18.6,948,5179.0,4.519,0.83,0.832,14.946,12.8,-12.8,0.000634,-0.000554,1.03243,-1.73913,0.29,-0.1,15.656,14.876,14.642,14.525,13.507,13.033,13.001,-1,0.5691197
CANDIDATE,0,0,0,0,1.400752463,132.0233,0.0,0.0513,1.0658,152.0,0.011207,10.10197,0.97,1401.0,909.99,20.4,956,5450.0,4.577,0.791,0.863,14.456,9.4,-9.4,0.000634,-0.00035,1.69691,-4.50412,0.36,-0.08,15.044,14.4,14.205,14.114,13.14,12.734,12.706,-1,0.5691197
CANDIDATE,0,0,0,0,4.28884513,132.38164,0.0,0.165,2.625,63.6,0.00724,1.96792,0.57,944.0,187.43,12.5,261,5374.0,4.555,0.721,0.68,13.851,6.1,-6.1,0.000599,-0.000235,0.71095,-0.76748,0.17,-0.06,14.42,13.809,13.606,13.499,12.536,12.123,12.052,-1,0.5691197
CANDIDATE,0,0,0,0,5.43099314,134.421,0.0,0.503,2.604,76.0,0.008177,1.73729,0.64,873.0,137.1,11.5,217,5374.0,4.555,0.721,0.68,13.851,6.9,-6.9,0.000234,-0.000672,1.12979,-0.4457,0.2,-0.06,14.42,13.809,13.606,13.499,12.536,12.123,12.052,-1,0.5691197
CANDIDATE,0,0,0,0,24.575302,144.17961,0.0,0.8479,2.267,989.2,0.033267,3.66342,1.79,321.0,2.51,15.8,45,3759.0,4.754,0.494,0.505,15.907,69.4,-69.4,0.004409,-0.005292,14.66711,-0.67977,0.19,-0.21,17.355,16.031,15.286,14.872,13.656,12.976,12.762,-1,0.5691197
CANDIDATE,0,0,0,0,75.8580337,165.5562,0.0,0.8938,5.051,1298.6,0.040446,0.75057,2.71,281.0,1.46,25.6,12,4467.0,4.67,0.614,0.642,15.398,83.8,-83.8,0.001037,-0.008889,6.16342,-0.38542,0.3,-0.24,16.408,15.336,14.966,14.788,13.685,13.066,12.971,-1,0.5691197
CANDIDATE,0,0,0,0,0.584310405,132.013006,0.0,1.2435,2.1604,831.0,0.274443,0.14584,26.37,2052.0,4190.91,92.7,2291,5783.0,4.539,0.88,0.977,15.361,11.0,-11.0,0.420567,-0.133443,0.16897,-0.03607,11.75,-2.01,15.941,15.314,15.112,14.986,14.116,13.752,13.748,-1,0.27196854
CANDIDATE,0,0,0,0,5.77207901,134.93027,0.0,0.0723,2.606,361.9,0.017189,2.87947,1.61,915.0,165.58,13.5,183,5591.0,4.559,0.86,0.977,15.703,32.1,-32.1,0.001026,-0.000897,0.30765,-1.45426,0.5,-0.12,16.279,15.63,15.457,15.35,14.444,14.049,14.085,-1,0.5691197
CANDIDATE,0,0,0,0,46.1511567,147.81209,0.0,0.6755,5.287,822.9,0.027769,1.22493,2.33,423.0,7.59,21.0,18,5204.0,4.525,0.769,0.723,15.266,42.6,-42.6,0.004557,-0.002088,1.53748,-0.99775,4.37,-0.25,16.001,15.235,14.951,14.805,13.796,13.305,13.23,-1,0.5691197
CANDIDATE,0,0,0,0,21.1181538,133.59269,0.0,0.1322,9.541,100.2,0.009242,0.2058,1.54,886.0,145.83,30.6,66,6469.0,4.143,1.525,1.179,12.199,4.5,-4.5,0.00028,-0.000333,0.01888,-0.05763,0.86,-0.39,12.486,12.141,12.076,12.054,11.239,11.041,11.006,-1,0.5691197
CANDIDATE,0,0,0,0,5.06093645,134.47101,0.0,0.3047,2.455,73.5,0.007903,2.56536,1.07,1214.0,513.38,15.9,257,5941.0,4.251,1.236,0.993,13.346,5.6,-5.6,0.000391,-0.000376,0.5635,-0.91077,0.46,-0.21,13.534,13.3,14.368,14.292,12.33,11.986,11.956,-1,0.5691197
CANDIDATE,0,0,0,0,0.306937507,131.63639,0.0,0.3263,0.461,141.5,0.0118,23.82437,0.95,2147.0,5019.53,30.5,2175,5088.0,4.58,0.741,0.762,14.409,6.4,-6.4,0.000327,-0.001142,0.0676,-12.02696,0.16,-0.07,15.114,14.355,14.107,13.993,12.936,12.503,12.402,-1,0.08837538
CANDIDATE,0,0,0,0,16.6146255,137.333,0.0,0.3203,2.696,353.4,0.017104,6.43794,1.49,604.0,31.48,11.0,65,5295.0,4.548,0.8,0.825,15.46,40.5,-40.5,0.001284,-0.001159,1.85447,-3.6254,0.46,-0.12,16.116,15.389,15.179,15.019,14.042,13.658,13.495,-1,0.5691197
CANDIDATE,0,0,0,0,5.83892283,136.90419,0.0,0.1789,1.1187,254.9,0.014485,35.03527,1.21,829.0,111.68,16.1,228,5274.0,4.6,0.762,0.854,14.628,21.1,-21.1,0.001119,-0.000416,12.59583,-14.67912,0.31,-0.09,15.264,14.561,14.356,14.234,13.232,12.811,12.731,-1,0.5691197
CANDIDATE,0,0,0,0,0.71653139,131.72199,0.0,1.2656,0.815,84.6,0.274014,0.15223,30.82,2036.0,4063.57,19.5,1867,5552.0,4.349,1.03,0.863,13.458,5.8,-5.8,0.406736,-0.22755,0.44051,-0.06849,11.46,-4.97,14.017,13.385,13.218,13.106,12.151,11.801,11.729,-1,0.2557494
CANDIDATE,0,0,0,0,24.4360041,134.8193,0.0,0.0172,6.371,531.6,0.021157,0.84878,2.39,674.0,48.81,17.0,47,6197.0,4.449,1.035,1.096,15.849,35.4,-35.4,0.000941,-0.000844,0.32055,-0.29138,0.92,-0.23,16.302,15.798,15.655,15.595,14.769,14.33,14.308,-1,0.5691197
CANDIDATE,0,0,0,0,119.0839741,163.55841,0.0,1.9104,2.781,3356.0,0.970932,5.31723,66.8,241.0,0.8,18.5,11,4412.0,4.65,0.63,0.646,15.823,229.0,-229.0,0.02879,-0.602537,0.50999,-2.22885,6.36,-6.37,16.811,15.813,15.4,15.179,14.05,13.47,13.328,-1,0.5691197
CANDIDATE,0,0,0,0,27.8800341,134.54042,0.0,0.095,6.36,210.6,0.013398,0.93925,1.54,681.0,50.86,18.5,46,6434.0,4.414,1.055,1.048,13.603,12.4,-12.4,0.000647,-0.000409,0.10108,-0.38105,0.72,-0.16,13.949,13.565,13.454,13.414,12.589,12.36,12.367,-1,0.5691197
CANDIDATE,0,0,0,0,13.84303063,139.95254,0.0,0.0493,4.225,687.2,0.023828,1.65744,2.17,697.0,55.82,19.4,59,5735.0,4.559,0.833,0.915,15.48,40.2,-40.2,0.000934,-0.001036,0.2002,-0.58206,0.84,-0.18,16.034,15.43,15.242,15.132,14.229,13.868,13.705,-1,0.5691197
CANDIDATE,0,0,0,0,10.1749173,132.3397,0.0,0.1504,4.454,58.9,0.007056,0.96089,1.37,1169.0,441.81,13.7,102,6197.0,4.011,1.782,1.187,13.313,5.2,-5.2,0.000417,-0.000364,0.01633,-0.5423,0.58,-0.48,13.728,13.264,13.135,13.079,12.222,11.973,11.903,-1,0.5691197
CANDIDATE,0,0,0,0,3.75032103,134.80146,0.0,0.3007,3.258,39.3,0.005803,0.81544,1.13,1630.0,1669.84,11.2,259,6197.0,4.011,1.782,1.187,13.313,4.0,-4.0,0.000227,-0.000478,0.24096,-0.34775,0.47,-0.4,13.728,13.264,13.135,13.079,12.222,11.973,11.903,-1,0.5691197
CANDIDATE,0,0,0,0,4.64490693,133.67344,0.0,0.3997,2.51,107.1,0.009427,1.98015,0.67,798.0,95.91,12.1,289,4871.0,4.626,0.654,0.659,14.48,11.3,-11.3,0.000371,-0.000884,1.15368,-0.78854,0.08,-0.05,15.251,14.458,14.15,14.017,12.971,12.421,12.321,-1,0.5691197
CANDIDATE,0,0,0,0,31.6083858,134.68357,0.0,0.4855,3.731,333.7,0.017198,3.66552,1.94,634.0,38.1,19.1,44,6341.0,4.446,1.033,1.083,14.756,21.6,-21.6,0.000529,-0.000885,2.49168,-0.20345,0.88,-0.19,15.138,14.721,14.592,14.565,13.708,13.45,13.391,-1,0.5691197
CANDIDATE,0,0,0,0,16.1560143,140.22186,0.0,1.4933,3.844,989.9,0.522846,0.06616,30.26,455.0,10.1,18.7,70,4504.0,4.713,0.53,0.528,15.771,79.8,-79.8,0.345175,-0.379477,0.23323,-0.03401,2.06,-2.51,16.782,15.739,15.338,15.092,13.981,13.402,13.25,-1,0.5691197
CANDIDATE,0,0,0,0,2.17291192,131.73577,0.0,0.4022,2.049,82.8,0.008477,1.70454,0.97,1507.0,1220.49,14.6,497,6164.0,4.446,1.045,1.109,14.229,6.9,-6.9,0.000368,-0.0005,0.63235,-0.71921,0.44,-0.09,14.66,14.186,14.044,14.013,13.184,12.913,12.832,-1,0.5691197
CANDIDATE,0,0,0,0,7.35099992,133.63922,0.0,0.2807,2.638,111.4,0.009768,3.0855,1.1,1012.0,247.91,13.4,176,6241.0,4.45,1.031,1.088,14.544,11.1,-11.1,0.000718,-0.000413,1.00453,-1.37832,0.54,-0.1,14.962,14.507,14.365,14.326,13.492,13.194,13.173,-1,0.5691197
CANDIDATE,0,0,0,0,10.16430077,136.43419,0.0,0.0077,5.851,38.3,0.005708,0.43663,0.75,1018.0,253.64,22.2,131,6387.0,4.28,1.198,0.997,11.912,2.2,-2.2,0.000226,-0.000187,0.03167,-0.14705,0.3,-0.13,11.906,11.845,14.368,14.292,10.543,10.349,10.293,-1,0.5691197
CANDIDATE,0,0,0,0,6.0960013,134.5866,0.0,0.5449,5.222,64.2,0.007587,0.22291,0.85,1083.0,324.96,21.8,222,6234.0,4.433,1.028,1.038,12.742,3.7,-3.7,0.000104,-0.000458,0.19703,-0.01325,0.4,-0.08,13.104,12.694,12.586,12.559,11.774,11.512,11.438,-1,0.5691197
CANDIDATE,0,0,0,0,13.2512227,141.1734,0.0,0.3309,4.892,290.3,0.015705,0.84696,1.67,779.0,87.22,16.4,84,5937.0,4.466,0.976,1.014,15.085,21.0,-21.0,0.000631,-0.000779,0.15057,-0.34393,0.7,-0.16,15.578,15.019,14.873,14.775,13.845,13.543,13.464,-1,0.5691197
CANDIDATE,0,0,0,0,21.61319434,137.02237,0.0,0.9696,2.02,1077.8,0.04344,1.26891,2.99,502.0,15.03,17.0,62,5254.0,4.678,0.631,0.69,15.862,76.8,-76.8,0.007871,-0.012713,15.75068,-0.94006,0.42,-0.16,16.485,15.829,15.595,15.473,14.517,14.077,13.93,-1,0.5691197
CANDIDATE,0,0,0,0,11.4554284,136.32339,0.0,0.0455,4.887,72.4,0.007797,0.84586,1.02,930.0,176.74,14.9,118,6015.0,4.256,1.2,0.947,13.066,5.7,-5.7,0.000539,-0.000209,0.18196,-0.29333,0.37,-0.2,13.516,13.034,12.873,12.821,11.972,11.718,11.637,-1,0.5691197
CANDIDATE,0,0,0,0,82.6604944,152.66399,0.0,0.9664,4.303,1707.1,0.055595,0.67074,3.34,233.0,0.69,18.3,14,3952.0,4.716,0.55,0.572,15.995,77.8,-77.8,0.001762,-0.021683,16.54612,-0.22551,0.48,-0.3,17.333,15.99,15.421,15.085,13.906,13.206,13.039,-1,0.5691197
CANDIDATE,0,0,0,0,7.03967764,137.41491,0.0,0.0481,3.258,285.5,0.01545,1.79563,1.89,1043.0,279.99,10.3,46,6086.0,4.38,1.122,1.101,14.935,31.3,-31.3,0.001125,-0.00092,0.21382,-0.9971,1.03,-0.23,15.392,14.869,14.739,14.657,13.848,13.525,13.489,-1,0.5691197
CANDIDATE,0,0,0,0,11.19164311,138.04606,0.0,0.1424,2.118,173.4,0.012044,9.99573,1.2,794.0,93.91,12.1,120,5896.0,4.518,0.916,1.008,14.528,17.6,-17.6,0.000694,-0.000758,0.78792,-6.12166,0.5,-0.1,15.0,14.473,14.326,14.282,13.361,13.049,12.917,-1,0.5691197
CANDIDATE,0,0,0,0,3.765613537,131.75547,0.0,0.0559,0.9115,252.7,0.014603,43.62345,1.36,1086.0,328.8,16.0,354,5751.0,4.552,0.854,0.945,14.698,20.5,-20.5,0.000865,-0.00069,6.26713,-26.26863,0.54,-0.1,15.208,14.643,14.479,14.403,13.501,13.155,13.132,-1,0.5691197
CANDIDATE,0,0,0,0,2.46288711,132.80209,0.0,0.2119,2.051,46.3,0.006256,2.3077,0.66,1390.0,883.43,12.0,544,5893.0,4.395,0.967,0.848,13.308,4.8,-4.8,0.000532,-0.000213,1.11507,-0.96325,0.25,-0.1,13.762,13.272,13.114,13.063,12.144,11.826,11.757,-1,0.5691197
CANDIDATE,0,0,0,0,10.91917313,134.27193,0.0,0.0923,4.462,93.3,0.008891,1.05282,1.15,959.0,200.12,19.5,122,6174.0,4.278,1.181,0.965,13.534,5.9,-5.9,0.000457,-0.000253,0.04552,-0.45027,0.44,-0.21,13.947,13.503,13.357,13.322,12.408,12.088,12.019,-1,0.5691197
CANDIDATE,0,0,0,0,18.9762163,134.83525,0.0,0.2546,2.407,412.3,0.018427,11.01027,1.94,651.0,42.33,13.8,69,5472.0,4.408,0.966,0.87,14.948,33.7,-33.7,0.001162,-0.000812,4.16553,-3.82763,0.75,-0.25,15.606,14.899,14.666,14.574,13.599,13.162,13.149,-1,0.5691197
CANDIDATE,0,0,0,0,6.34728429,132.99791,0.0,0.8479,3.271,176.4,0.013965,0.26763,1.47,937.0,182.23,11.8,209,5472.0,4.408,0.966,0.87,14.948,16.2,-16.2,5e-05,-0.002643,1.28003,-0.17263,0.57,-0.19,15.606,14.899,14.666,14.574,13.599,13.162,13.149,-1,0.5691197
CANDIDATE,0,0,0,0,7.64807008,137.21911,0.0,0.0723,2.289,207.0,0.013044,5.55596,1.22,844.0,119.97,12.0,170,5653.0,4.551,0.857,0.952,15.267,19.9,-19.9,0.000714,-0.00082,1.0102,-2.64213,0.48,-0.09,15.832,15.203,15.025,14.932,13.995,13.59,13.655,-1,0.5691197
CANDIDATE,0,0,0,0,31.020851,138.01742,0.0,0.904,2.096,918.1,0.033652,3.57857,1.92,314.0,2.29,15.3,42,3903.0,4.735,0.523,0.541,15.572,76.2,-76.2,0.013265,-0.004876,15.17632,-0.86934,0.37,-0.18,16.951,15.585,14.981,14.629,13.452,12.774,12.609,-1,0.5691197
CANDIDATE,0,0,0,0,21.3419702,134.094,0.0,0.633,25.388,149.3,0.011762,0.0056,1.69,818.0,105.86,29.1,62,6324.0,4.219,1.314,1.042,13.87,5.9,-5.9,0.001613,-0.000491,0.00443,-0.00459,0.84,-0.36,14.279,13.833,13.695,13.622,12.738,12.492,12.447,-1,0.5691197
CANDIDATE,0,0,0,0,5.46542874,133.5888,0.0,0.2997,3.257,245.8,0.014344,1.21932,1.3,929.0,175.85,14.5,247,5614.0,4.561,0.827,0.908,15.861,20.7,-20.7,0.000589,-0.000916,0.21114,-0.61752,0.53,-0.1,16.442,15.795,15.612,15.485,14.459,14.116,13.951,-1,0.5691197
CANDIDATE,0,0,0,0,4.80999283,133.00517,0.0,0.1523,1.999,310.4,0.016151,5.16025,1.65,1077.0,317.8,13.3,239,5988.0,4.507,0.934,1.021,15.667,25.8,-25.8,0.000853,-0.000713,1.05645,-1.87631,0.52,-0.15,16.139,15.611,15.464,15.409,14.545,14.084,13.987,-1,0.5691197
CANDIDATE,0,0,0,0,5.08287001,134.00647,0.0,0.4523,2.482,118.2,0.010193,2.07339,1.21,1183.0,462.96,12.2,215,6217.0,4.375,1.083,1.011,14.207,10.8,-10.8,0.000306,-0.000795,1.25835,-0.47461,0.54,-0.15,14.629,14.153,14.026,13.917,13.114,12.771,12.712,-1,0.5691197
CANDIDATE,0,0,0,0,31.0255794,158.5726,0.0,0.0756,5.491,407.0,0.018472,1.65619,1.95,595.0,29.67,13.0,45,6075.0,4.486,0.969,1.048,15.959,38.9,-38.9,0.001166,-0.00099,0.03679,-0.91056,0.66,-0.18,16.45,15.912,15.751,15.699,14.835,14.506,14.479,-1,0.5691197
CANDIDATE,0,0,0,0,3.08941419,134.2148,0.0,0.1932,2.608,91.6,0.008801,1.43585,0.82,1204.0,496.74,11.6,434,5959.0,4.549,0.856,0.945,14.829,9.3,-9.3,0.000521,-0.000571,0.20358,-0.86758,0.28,-0.06,15.273,14.777,14.638,14.577,13.684,13.31,13.278,-1,0.5691197
CANDIDATE,0,0,0,0,1.242640863,131.88051,0.0,0.2121,1.736,197.2,0.012758,1.98367,1.14,1481.0,1138.27,15.6,1068,5504.0,4.572,0.819,0.918,15.33,15.0,-15.0,0.000788,-0.000459,0.55089,-0.70519,0.39,-0.09,15.929,15.261,15.073,14.979,14.046,13.571,13.55,-1,0.5691197
CANDIDATE,0,0,0,0,11.682369,134.8311,0.0,0.6987,2.71,234.5,0.014968,1.97976,1.45,802.0,97.62,11.2,81,6089.0,4.527,0.889,0.971,15.276,26.3,-26.3,0.000115,-0.001732,5.98492,-0.2369,0.58,-0.11,15.736,15.243,15.079,15.014,14.125,13.745,13.666,-1,0.5691197
CANDIDATE,0,0,0,0,10.12960534,135.99872,0.0,0.3769,3.239,95.2,0.008953,2.0632,0.92,800.0,96.89,13.6,132,5466.0,4.401,0.946,0.821,13.573,7.7,-7.7,0.000391,-0.000521,0.87313,-0.91528,0.39,-0.12,14.151,13.516,13.325,13.239,12.262,11.849,11.767,-1,0.5691197
CANDIDATE,0,0,0,0,9.4768043,134.7115,0.0,0.0107,4.465,255.7,0.014582,0.93934,1.46,841.0,118.13,9.4,133,5911.0,4.519,0.914,1.006,15.761,30.4,-30.4,0.001143,-0.000856,0.36212,-0.39433,0.57,-0.13,16.303,15.723,15.529,15.447,14.507,14.172,14.081,-1,0.5691197
CANDIDATE,0,0,0,0,77.919533,160.8606,0.0,0.2014,6.326,267.3,0.014623,2.55285,1.36,362.0,4.08,10.3,18,5120.0,4.478,0.853,0.797,14.316,24.8,-24.8,0.000861,-0.000912,0.29904,-1.22231,1.5,-0.13,15.062,14.252,13.997,13.863,12.852,12.359,12.232,-1,0.5691197
CANDIDATE,0,0,0,0,0.896384959,132.29541,0.0,0.3095,1.066,148.3,0.011371,5.6637,1.05,1808.0,2524.81,13.7,700,5837.0,4.502,0.843,0.824,14.603,14.1,-14.1,0.000723,-0.000582,2.66406,-2.64456,0.46,-0.11,15.117,14.565,14.383,14.276,13.353,13.025,12.99,-1,0.5691197
CANDIDATE,0,0,0,0,3.91679363,133.60116,0.0,0.2054,2.141,205.0,0.012777,3.29214,0.96,851.0,123.94,13.2,349,4886.0,4.636,0.689,0.763,14.976,15.3,-15.3,0.000254,-0.001202,0.97811,-1.63903,0.13,-0.07,15.758,14.928,14.641,14.49,13.477,12.907,12.831,-1,0.5691197
CANDIDATE,0,0,0,0,6.65169435,137.68402,0.0,0.053,2.659,148.9,0.01082,3.07313,0.81,713.0,61.2,9.5,189,4886.0,4.636,0.689,0.763,14.976,18.6,-18.6,0.000902,-0.000741,1.54565,-1.53836,0.11,-0.06,15.758,14.928,14.641,14.49,13.477,12.907,12.831,-1,0.5691197
CANDIDATE,0,0,0,0,43.1032912,140.1153,0.0,0.1418,7.013,315.5,0.016104,1.07383,1.93,539.0,19.96,14.7,31,5741.0,4.365,1.097,1.017,14.914,25.8,-25.8,0.000699,-0.000917,0.08784,-0.44852,0.78,-0.27,15.517,14.849,14.656,14.543,13.689,13.277,13.188,-1,0.5691197
CANDIDATE,0,0,0,0,24.3366659,154.37667,0.0,0.9328,2.953,670.9,0.03015,0.66715,2.65,526.0,18.07,14.9,56,5141.0,4.505,0.806,0.758,15.581,60.5,-60.5,0.001574,-0.00761,13.99758,-0.32163,0.66,-0.27,16.311,15.516,15.268,15.102,14.078,13.57,13.537,-1,0.5691197
CANDIDATE,0,0,0,0,7.40986806,138.18026,0.0,0.1374,1.0712,232.5,0.013858,51.54623,1.26,813.0,103.05,16.4,182,5463.0,4.575,0.83,0.944,14.449,19.3,-19.3,0.000725,-0.000747,3.89332,-30.60416,0.47,-0.09,15.047,14.388,14.192,14.149,13.204,12.794,12.679,-1,0.5691197
CANDIDATE,0,0,0,0,7.55839292,138.0001,0.0,0.1455,2.835,477.1,0.019326,2.87689,1.57,694.0,54.85,10.4,154,4791.0,4.577,0.742,0.759,15.958,51.0,-51.0,0.001186,-0.001419,15.58707,-1.14386,0.14,-0.12,16.871,15.896,15.567,15.379,14.246,13.735,13.697,-1,0.5691197
CANDIDATE,0,0,0,0,10.18316272,133.21436,0.0,0.2576,3.041,52.9,0.006686,2.81856,0.68,833.0,113.74,12.0,130,5942.0,4.506,0.938,1.028,12.857,4.6,-4.6,0.000356,-0.000344,0.44506,-1.28608,0.29,-0.05,13.281,12.793,12.675,12.642,11.74,11.449,11.401,-1,0.5691197
CANDIDATE,0,0,0,0,174.732103,252.5332,0.0,0.0491,8.251,1334.6,0.032995,2.88251,2.73,277.0,1.39,17.2,5,5463.0,4.594,0.759,0.828,15.707,87.9,-87.9,0.001598,-0.001167,0.00821,-1.2739,1.06,-0.2,16.342,15.65,15.435,15.271,14.293,13.88,13.913,-1,0.5691197
CANDIDATE,0,0,0,0,0.85854531,132.14695,0.0,0.356,0.382,174.8,0.01443,111.39902,1.36,1672.0,1846.35,12.6,1323,5269.0,4.491,0.864,0.843,15.247,17.6,-17.6,0.003713,-0.001738,230.87206,-109.86147,0.48,-0.13,15.927,15.164,14.956,14.803,13.77,13.382,13.28,-1,0.5691197
CANDIDATE,0,0,0,0,1.236865633,132.17967,0.0,0.3117,0.7692,227.1,0.014023,20.68732,1.34,1569.0,1432.96,14.0,1075,5618.0,4.515,0.878,0.92,15.388,21.3,-21.3,0.000659,-0.001205,2.74715,-9.33963,0.56,-0.11,15.983,15.336,15.133,15.054,14.04,13.683,13.566,-1,0.5691197
CANDIDATE,0,0,0,0,4.2123434,132.9276,0.0,0.2167,5.821,131.7,0.010338,0.1764,0.79,887.0,146.4,12.9,313,5116.0,4.591,0.7,0.698,15.277,13.0,-13.0,0.000542,-0.000828,0.7975,-0.06308,0.12,-0.07,15.981,15.238,14.975,14.848,13.849,13.36,13.262,-1,0.5691197
CANDIDATE,0,0,0,0,10.76798991,138.50592,0.0,0.0708,3.475,68.1,0.007556,2.1989,1.64,1183.0,463.3,15.5,121,6070.0,3.924,1.984,1.206,12.863,4.9,-4.9,0.000341,-0.00032,0.27162,-0.78673,0.52,-0.67,13.339,12.827,12.659,12.613,11.691,11.433,11.353,-1,0.5691197
CANDIDATE,0,0,0,0,4.32849536,132.51268,0.0,0.0315,2.731,39.5,0.005759,1.82699,1.25,1604.0,1563.85,12.9,301,6070.0,3.924,1.984,1.206,12.863,3.7,-3.7,0.000268,-0.00037,0.03024,-1.05254,0.4,-0.51,13.339,12.827,12.659,12.613,11.691,11.433,11.353,-1,0.5691197
CANDIDATE,0,0,0,0,2.11889425,132.80613,0.0,0.2902,0.629,344.8,0.017433,66.61542,1.51,1230.0,541.88,12.6,534,5494.0,4.577,0.794,0.868,15.855,41.5,-41.5,0.005303,-0.000213,208.83698,-63.72064,0.62,-0.11,16.367,15.749,15.636,15.596,14.581,14.135,14.085,-1,0.5691197
CANDIDATE,0,0,0,0,7.49134125,135.31196,0.0,0.3292,6.4,36.1,0.005571,0.20847,0.59,987.0,224.22,15.8,180,6177.0,4.449,0.976,0.976,12.277,2.4,-2.4,0.000241,-0.000247,0.04578,-0.07622,0.23,-0.06,12.626,12.23,12.127,12.103,11.32,11.051,10.964,-1,0.5691197
CANDIDATE,0,0,0,0,6.06671508,136.13456,0.0,0.1243,1.997,78.9,0.008092,6.43874,1.19,1160.0,427.39,15.4,224,5705.0,4.143,1.344,0.915,13.163,6.2,-6.2,0.000448,-0.000372,0.42853,-3.68324,0.47,-0.33,13.692,13.116,12.937,12.871,11.958,11.576,11.508,-1,0.5691197
CANDIDATE,0,0,0,0,2.184435501,133.67527,0.0,0.2069,1.0192,2074.0,0.041683,18.55746,1.26,539.0,19.99,17.8,351,3382.0,4.979,0.277,0.266,16.946,126.0,-126.0,0.002202,-0.001536,3.89044,-6.97153,0.23,-0.23,18.695,17.254,16.196,15.684,14.377,13.838,13.539,-1,0.5691197
CANDIDATE,0,0,0,0,15.2311831,143.72899,0.0,0.7179,4.016,282.3,0.016504,0.74079,1.79,774.0,84.64,13.3,91,6170.0,4.472,0.992,1.063,15.029,25.0,-25.0,0.002607,-0.001288,1.26036,-0.68229,0.67,-0.17,15.483,14.986,14.835,14.766,13.877,13.615,13.507,-1,0.5691197
CANDIDATE,0,0,0,0,21.2360486,149.88165,0.0,0.2005,3.932,111.4,0.009708,2.85541,1.36,782.0,88.42,15.9,64,6099.0,4.235,1.281,1.03,13.371,8.0,-8.0,0.000453,-0.000414,0.3913,-1.19155,0.7,-0.28,13.782,13.315,13.196,14.292,12.236,11.995,11.9,-1,0.5691197
CANDIDATE,0,0,0,0,1.332039553,131.58112,0.0,0.0415,1.541,140.4,0.010729,3.19695,0.87,1366.0,822.38,12.4,997,5359.0,4.611,0.741,0.823,15.682,14.1,-14.1,0.000752,-0.000606,0.7562,-1.65948,0.19,-0.07,16.292,15.634,15.421,15.317,14.379,13.961,13.825,-1,0.5691197
CANDIDATE,0,0,0,0,27.9431634,136.8668,0.0,0.1032,5.494,394.3,0.018278,1.4783,2.48,714.0,61.31,12.2,50,6449.0,4.367,1.241,1.306,15.243,34.4,-34.4,0.000863,-0.001125,0.07692,-0.83494,1.49,-0.34,15.646,15.193,15.07,15.044,14.318,14.013,13.951,-1,0.5691197
CANDIDATE,0,0,0,0,0.977310396,131.70626,0.0,0.0533,1.592,278.0,0.014776,2.1773,1.15,1355.0,796.55,15.1,1277,4812.0,4.607,0.713,0.751,15.689,19.7,-19.7,0.000806,-0.000703,0.42032,-0.97225,0.12,-0.09,16.554,15.617,15.319,15.128,14.058,13.46,13.358,-1,0.5691197
CANDIDATE,0,0,0,0,0.761122372,131.68515,0.0,0.2564,1.028,965.0,0.029103,5.95601,4.77,2981.0,18660.94,10.5,1500,6911.0,4.038,1.501,0.897,7.899,163.0,-163.0,0.012019,-0.006842,69.44036,-5.7133,2.04,-1.53,8.006,7.863,7.835,7.886,7.185,7.029,6.945,-1,0.000794891
CANDIDATE,0,0,0,0,94.2245418,196.17373,0.0,0.0221,29.181,48861.0,0.205094,0.05599,33.62,597.0,30.09,207.8,15,6911.0,4.038,1.501,0.897,7.899,226.0,-226.0,0.001122,-2.8e-05,0.00026,-0.00112,14.35,-10.82,8.006,7.863,7.835,7.886,7.185,7.029,6.945,-1,4.2530587e-07
CANDIDATE,0,0,0,0,6.09409446,133.65324,0.0,1.3841,2.132,2846.0,0.440615,0.35102,80.64,1422.0,965.36,8.6,222,6790.0,4.159,1.676,1.474,9.58,556.0,-556.0,0.559382,-0.356903,11.17812,-0.31665,53.02,-15.88,9.96,9.589,14.368,14.292,8.913,8.779,8.753,-1,0.5691197
CANDIDATE,0,0,0,0,4.11755272,132.78981,0.0,0.2689,4.415,33.7,0.005388,0.37139,1.09,1641.0,1716.05,21.9,323,6422.0,4.023,1.85,1.33,10.335,1.8,-1.8,0.000172,-0.000212,0.08148,-0.10745,0.03,-0.05,10.602,10.296,10.221,10.248,9.445,9.239,9.191,-1,0.5691197
CANDIDATE,0,0,0,0,56.34811,163.3768,0.0,0.6305,8.688,48.2,0.006667,0.35048,1.16,606.0,31.96,15.8,24,5968.0,4.088,1.59,1.13,10.455,3.6,-3.6,6.5e-05,-0.000534,0.46061,-0.00277,0.04,-0.05,10.846,10.415,10.288,10.283,9.424,9.119,9.033,-1,0.5691197
CANDIDATE,0,0,0,0,4.02024687,134.83098,0.0,0.1194,3.808,17.5,0.003805,0.61269,0.57,1337.0,754.66,10.5,334,5788.0,4.178,1.376,1.039,11.158,1.8,-1.8,0.000339,-0.00012,0.21921,-0.25379,0.11,-0.09,11.805,11.219,14.368,14.292,10.118,9.858,9.792,-1,0.5691197
CANDIDATE,0,0,0,0,8.95296799,134.33557,0.0,0.0982,2.916,42.6,0.006015,3.05905,0.73,1004.0,240.52,13.3,153,6280.0,4.35,1.116,1.012,11.458,3.9,-3.9,0.000372,-0.000278,0.32818,-1.58321,0.35,-0.09,12.275,11.427,11.109,14.292,11.254,11.0,10.956,-1,0.5691197
CANDIDATE,0,0,0,0,32.6121746,144.55019,0.0,1.188,3.007,1392.4,0.219603,0.21344,23.98,570.0,24.92,18.5,29,5780.0,4.438,1.0,1.0,11.486,96.0,-96.0,0.456765,-0.186666,0.1144,-0.12031,0.0,0.0,11.847,11.413,11.331,14.292,15.458,14.764,14.689,-1,0.5691197
CANDIDATE,0,0,0,0,10.81311864,131.66164,0.0,1.0779,1.656,95.0,0.088373,0.07093,14.77,1102.0,348.37,17.2,101,6531.0,4.184,1.53,1.302,11.487,6.9,-6.9,0.407237,-0.077462,0.02491,-0.03013,8.43,-3.59,11.737,11.413,11.38,11.375,10.611,10.402,10.346,-1,0.5691197
CANDIDATE,0,0,0,0,4.96064303,135.31523,0.0,0.1661,2.846,21.0,0.004235,1.7692,0.64,1357.0,800.55,14.5,272,6422.0,4.234,1.392,1.21,11.525,1.8,-1.8,0.000235,-0.000206,0.36857,-0.7302,0.4,-0.13,11.806,11.467,11.405,11.424,10.547,10.335,10.276,-1,0.5691197
CANDIDATE,0,0,0,0,6.88298548,134.16533,0.0,0.474,1.774,32.3,0.005351,7.25856,0.81,1216.0,517.46,13.4,183,6422.0,4.234,1.392,1.21,11.525,3.1,-3.1,0.000236,-0.000361,4.42127,-3.29214,0.51,-0.17,11.806,11.467,11.405,11.424,10.547,10.335,10.276,-1,0.5691197
CANDIDATE,0,0,0,0,22.59921,152.936,0.0,0.4561,40.97,149.0,0.011463,0.00214,1.93,865.0,132.2,3.2,59,6335.0,4.098,1.539,1.084,11.531,21.9,-21.9,0.000163,-0.001593,0.01972,-0.00093,0.93,-0.56,11.852,11.49,11.393,11.388,10.545,10.299,10.253,-1,0.5691197
CANDIDATE,0,0,0,0,96.8172233,136.55422,0.0,0.43,10.22,183.5,0.012757,0.58981,2.12,587.0,28.08,28.0,16,7095.0,4.134,1.523,1.151,11.816,6.8,-6.8,0.000155,-0.000487,0.21198,-0.09097,0.94,-0.47,11.97,11.765,11.728,11.75,11.002,10.848,10.82,-1,0.5691197
CANDIDATE,0,0,0,0,15.1516864,133.9239,0.0,0.3666,4.925,171.4,0.013094,0.90215,1.43,736.0,69.25,11.4,91,5780.0,4.438,1.0,1.0,11.843,18.2,-18.2,0.000671,-0.000733,0.62036,-0.29652,0.0,0.0,12.405,11.791,11.601,14.292,15.567,13.828,13.591,-1,0.5691197
CANDIDATE,0,0,0,0,0.954391636,132.4424,0.0,0.9906,7.19,75.5,0.011317,0.02135,2.63,3040.0,20201.13,60.7,1410,7056.0,3.992,2.128,1.62,11.872,7.6,-7.6,0.00078,-0.00115,9e-05,-4e-05,1.36,-0.65,12.045,11.814,11.794,11.823,11.055,10.909,10.865,-1,0.00038308886
CANDIDATE,0,0,0,0,2.131661909,133.1357,0.0,0.5412,1.815,37.8,0.005805,1.85789,1.26,1941.0,3357.38,17.9,500,5884.0,3.96,1.986,1.313,11.893,2.6,-2.6,7.9e-05,-0.000434,1.70489,-0.01221,0.36,-0.51,12.15,11.826,11.784,14.292,11.046,10.717,10.661,-1,0.5691197
CANDIDATE,0,0,0,0,11.91260013,143.1564,0.0,0.0569,6.032,122.9,0.010257,0.4709,1.31,980.0,218.2,28.2,112,6603.0,4.317,1.171,1.037,11.915,4.7,-4.7,0.000339,-0.00019,0.02865,-0.14519,0.51,-0.19,12.125,11.845,11.778,11.798,11.02,10.75,10.745,-1,0.5691197
CANDIDATE,0,0,0,0,14.1605995,133.8533,0.0,0.6736,16.562,53.9,0.007154,0.01148,2.93,1910.0,3145.0,26.6,100,8753.0,3.668,3.746,2.385,11.98,2.0,-2.0,0.000677,-0.000352,0.01208,-0.00938,0.78,-1.11,12.015,11.969,12.037,12.015,11.359,11.318,11.286,-1,0.5691197
CANDIDATE,0,0,0,0,25.0898366,138.5145,0.0,0.1973,8.087,41.5,0.005919,0.3843,2.02,1075.0,315.46,13.7,52,6036.0,3.623,3.132,1.502,12.014,3.4,-3.4,0.000301,-0.000291,0.03541,-0.17128,0.78,-1.1,12.494,11.974,11.809,11.737,10.865,10.617,10.521,-1,0.5691197
CANDIDATE,0,0,0,0,3.43862245,132.6812,0.0,0.6775,1.299,45.8,0.006592,5.48622,0.56,1029.0,265.32,13.1,387,5431.0,4.582,0.779,0.847,12.192,4.8,-4.8,0.001691,-0.000588,8.13853,-0.88661,0.2,-0.04,12.728,12.135,11.962,11.902,10.883,10.517,10.462,-1,0.5691197
CANDIDATE,0,0,0,0,4.87543387,133.29923,0.0,0.2501,1.941,36.6,0.005498,5.2038,0.82,1214.0,512.94,9.1,273,5511.0,4.133,1.366,0.924,12.207,4.9,-4.9,0.000589,-0.000283,3.00073,-3.38021,0.36,-0.24,12.768,12.137,11.966,11.901,10.947,10.552,10.501,-1,0.5691197
CANDIDATE,0,0,0,0,7.1304571,135.59071,0.0,0.556,2.652,33.5,0.005505,1.90069,0.68,1097.0,342.55,12.5,190,6435.0,4.386,1.128,1.124,12.31,3.2,-3.2,0.000165,-0.000458,1.96251,-0.30154,0.39,-0.08,12.608,12.26,12.183,12.183,11.319,11.081,11.047,-1,0.5691197
CANDIDATE,0,0,0,0,58.34506902,169.8240094,0.0,0.4711,20.56,507.1,0.023196,1.0851,2.41,941.0,185.17,33.5,24,5806.0,4.466,0.962,0.965,12.33,19.3,-19.3,0.000832,-0.000914,0.22037,-0.18209,0.88,-0.26,12.776,12.246,12.138,12.035,11.137,10.857,10.798,-1,0.5691197
CANDIDATE,0,0,0,0,214.7181473,275.38444,0.0,0.457,19.122,3069.0,0.050925,0.21956,11.65,393.0,5.62,145.2,7,5033.0,3.734,2.095,0.868,12.391,23.3,-23.3,0.000114,-0.001712,0.08763,-0.01072,9.25,-7.33,13.114,12.33,12.081,11.907,10.797,10.281,10.176,-1,0.5691197
CANDIDATE,0,0,0,0,6.91261747,132.15708,0.0,0.1338,2.298,36.5,0.0055,4.76134,0.65,995.0,231.63,12.7,193,5680.0,4.321,1.077,0.885,12.419,3.4,-3.4,0.00036,-0.000239,0.46261,-2.51105,0.1,-0.09,12.838,12.355,12.24,12.196,11.289,10.98,10.892,-1,0.5691197
CANDIDATE,0,0,0,0,40.3510178,153.41618,0.0,0.1892,3.848,589.7,0.022017,6.04961,1.96,478.0,12.37,11.8,31,5658.0,4.567,0.815,0.895,15.676,62.9,-62.9,0.001383,-0.001675,1.85709,-2.75235,0.62,-0.15,16.212,15.625,15.447,15.37,14.456,14.067,13.954,-1,0.5691197
CANDIDATE,0,0,0,0,72.9333382,198.11396,0.0,0.323,3.839,843.0,0.026444,10.05571,2.19,363.0,4.12,10.9,17,5376.0,4.604,0.758,0.849,15.679,88.5,-88.5,0.001567,-0.001814,3.53215,-3.79446,0.54,-0.16,16.307,15.622,15.41,15.296,14.259,13.875,13.778,-1,0.5691197
CANDIDATE,0,0,0,0,76.87935073,146.882635,0.0,0.8483,2.37,23342.0,0.16594,24.92365,6.89,190.0,0.31,124.6,14,3587.0,4.888,0.38,0.407,15.949,285.0,-285.0,0.026608,-0.012149,8.05169,-3.62269,0.9,-1.09,17.525,16.118,15.273,14.854,13.558,12.886,12.726,-1,0.004837034
CANDIDATE,0,0,0,0,13.0152127,134.74314,0.0,0.6577,3.491,415.1,0.019606,1.22256,1.38,556.0,22.6,12.9,103,4794.0,4.622,0.643,0.632,15.961,36.1,-36.1,0.006849,-0.001513,1.43153,-1.14082,0.14,-0.13,16.804,15.922,15.6,15.416,14.324,13.735,13.66,-1,0.5691197
CANDIDATE,0,0,0,0,11.52480925,134.08234,0.0,1.8452,1.675,621.9,0.866063,0.4552,84.36,756.0,77.15,15.5,113,5592.0,4.472,0.892,0.862,15.595,50.7,-50.7,0.070819,-0.597391,0.19179,-0.31921,34.24,-8.98,16.212,15.547,15.33,15.199,14.237,13.856,13.711,-1,0.5691197
CANDIDATE,0,0,0,0,7.41842544,133.50913,0.0,0.1717,2.72,244.0,0.014336,3.11061,1.14,799.0,96.32,11.1,182,5548.0,4.602,0.729,0.776,15.717,25.0,-25.0,0.000792,-0.000972,0.67335,-1.53211,0.41,-0.08,16.314,15.688,15.461,15.349,14.386,13.914,13.908,-1,0.5691197
CANDIDATE,0,0,0,0,88.181186,209.14935,0.0,0.0196,5.0285,1301.7,0.032444,6.43388,2.94,356.0,3.79,92.8,16,5463.0,4.575,0.83,0.944,14.71,41.4,-41.4,0.001172,-0.000528,0.20422,-1.99242,0.99,-0.19,15.299,14.635,14.457,14.353,13.447,13.039,12.977,-1,0.5691197
CANDIDATE,0,0,0,0,20.5719613,142.7979,0.0,0.7491,3.511,395.6,0.019847,1.33008,1.56,503.0,15.18,13.9,67,4944.0,4.614,0.721,0.786,15.322,38.6,-38.6,0.008837,-0.002269,3.41296,-1.28275,0.2,-0.12,16.108,15.254,14.986,14.834,13.752,13.226,13.138,-1,0.5691197
CANDIDATE,0,0,0,0,20.7104915,140.9021,0.0,0.1848,2.54,153.0,0.01125,10.47128,1.11,625.0,36.18,10.6,62,5631.0,4.478,0.901,0.89,14.18,17.2,-17.2,0.000865,-0.000618,3.0435,-5.89603,0.45,-0.11,14.727,14.125,13.945,13.883,12.904,12.532,12.507,-1,0.5691197
CANDIDATE,0,0,0,0,10.50729529,139.6564,0.0,0.2793,2.768,339.8,0.016704,3.9053,1.58,737.0,69.76,12.4,121,5290.0,4.46,0.865,0.788,15.654,30.4,-30.4,0.000896,-0.00107,1.22884,-1.55316,0.73,-0.19,16.371,15.616,15.346,15.24,14.216,13.759,13.673,-1,0.5691197
CANDIDATE,0,0,0,0,71.05454653,134.734974,0.0,0.1616,1.9271,5138.7,0.064654,97.58094,6.11,390.0,5.45,97.6,18,5290.0,4.46,0.865,0.788,14.71,66.2,-66.2,0.001289,-0.000777,7.01531,-21.82418,5.72,-0.73,15.41,14.651,14.41,14.26,13.233,12.785,12.691,-1,0.5691197
CANDIDATE,0,0,0,0,20.5512897,141.08231,0.0,0.1311,3.775,194.9,0.012627,3.263,1.23,613.0,33.48,18.0,65,5624.0,4.529,0.894,0.986,13.55,12.9,-12.9,0.000594,-0.000557,0.51526,-1.33977,0.51,-0.09,14.084,13.478,13.321,13.278,12.297,11.953,11.855,-1,0.5691197
CANDIDATE,0,0,0,0,18.0939472,139.01469,0.0,0.3894,3.297,520.1,0.021156,3.58506,2.0,664.0,45.86,11.8,63,5903.0,4.546,0.864,0.955,15.739,54.0,-54.0,0.001025,-0.001624,1.44057,-1.5528,0.71,-0.16,16.21,15.683,15.537,15.454,14.563,14.202,14.156,-1,0.5691197
CANDIDATE,0,0,0,0,34.9525184,163.52007,0.0,1.3322,1.553,764.5,0.362569,1.84064,30.96,430.0,8.09,14.7,37,4916.0,4.584,0.782,0.855,14.767,62.7,-62.7,0.322811,-0.318846,1.18036,-0.68738,3.37,-1.74,15.589,14.671,14.415,14.28,13.216,12.657,12.598,-1,0.5691197
CANDIDATE,0,0,0,0,25.6973403,144.21892,0.0,0.0237,3.317,1155.8,0.031083,6.50629,3.58,658.0,44.27,12.5,13,6031.0,4.407,1.056,1.035,15.842,89.5,-89.5,0.001696,-0.001354,0.88866,-2.8983,1.54,-0.42,16.426,15.814,15.592,15.508,14.521,14.175,14.039,-1,0.5691197
CANDIDATE,0,0,0,0,85.06239161,149.221057,0.0,52.0494,4.6993,47565.0,51.279797,822.02753,4899.78,355.0,3.74,497.3,14,5223.0,4.52,0.875,0.923,15.954,144.0,-144.0,7.799545,-16.59388,177.96906,-357.88629,1501.0,-380.8,16.727,15.883,15.623,15.495,14.435,13.974,13.835,-1,2.8090922e-12
CANDIDATE,0,0,0,0,14.319638,134.16315,0.0,0.572,3.87,217.0,0.013954,1.22446,1.37,716.0,62.18,12.1,78,5810.0,4.526,0.898,0.989,15.076,21.4,-21.4,0.000478,-0.001128,1.41257,-0.06559,0.57,-0.11,15.62,15.025,14.842,14.742,13.876,13.499,13.453,-1,0.5691197
CANDIDATE,0,0,0,0,12.6875322,136.1592,0.0,0.0039,4.47,317.3,0.01638,1.25921,1.84,844.0,119.93,12.7,88,6241.0,4.45,1.031,1.088,15.813,32.9,-32.9,0.001606,-0.000402,1.06648,-0.81534,0.86,-0.17,16.26,15.752,15.622,15.517,14.645,14.347,14.308,-1,0.5691197
CANDIDATE,0,0,0,0,95.178316689,224.5967917,0.0,0.7365,3.61191,132980.0,0.398705,28.64556,28.43,272.0,1.29,2429.5,15,4523.0,4.615,0.653,0.641,14.401,167.0,-167.0,0.006373,-0.006825,0.07395,-0.09811,2.53,-2.66,15.391,14.341,13.977,13.708,12.545,11.972,11.841,-1,0.0
CANDIDATE,0,0,0,0,11.1662508,134.96817,0.0,0.5496,3.402,408.1,0.019005,1.5135,1.74,726.0,65.67,13.4,120,5547.0,4.556,0.839,0.922,15.927,33.7,-33.7,0.000112,-0.00192,1.48275,-0.06562,0.65,-0.13,16.544,15.863,15.663,15.55,14.6,14.075,14.106,-1,0.5691197
CANDIDATE,0,0,0,0,23.13345,154.45359,0.0,0.8771,3.087,516.7,0.024173,0.98235,2.46,638.0,39.2,22.1,60,5712.0,4.382,0.932,0.763,14.656,28.1,-28.1,0.00011,-0.003979,6.52683,-0.34555,1.37,-0.43,15.222,14.626,14.413,14.3,13.331,12.965,12.901,-1,0.5691197
CANDIDATE,0,0,0,0,8.9539813,132.8436,0.0,0.4914,4.915,77.9,0.008304,0.43633,0.86,923.0,171.51,11.6,143,6168.0,4.452,0.947,0.925,13.776,7.1,-7.1,0.000339,-0.000555,0.40989,-0.092,0.32,-0.1,14.165,13.739,13.609,13.562,12.722,12.454,12.403,-1,0.5691197
CANDIDATE,0,0,0,0,13.7280953,143.54891,0.0,0.3614,5.292,107.9,0.009658,0.65601,1.0,800.0,97.06,17.5,97,6168.0,4.452,0.947,0.925,13.776,7.7,-7.7,0.000369,-0.000537,0.20123,-0.23691,0.37,-0.11,14.165,13.739,13.609,13.562,12.722,12.454,12.403,-1,0.5691197
CANDIDATE,0,0,0,0,27.0968975,139.3369,0.0,0.1712,8.324,201.2,0.013033,0.39474,1.58,673.0,48.61,16.3,52,6202.0,4.395,1.11,1.113,14.886,14.0,-14.0,0.000603,-0.000532,0.06153,-0.1502,0.95,-0.17,15.341,14.83,14.692,14.625,13.75,13.465,13.394,-1,0.5691197
CANDIDATE,0,0,0,0,11.5474155,139.9823,0.0,0.7712,6.514,117.0,0.010817,0.09972,1.31,895.0,151.42,9.7,112,6202.0,4.395,1.11,1.113,14.886,11.1,-11.1,0.002926,-0.001052,0.22825,-0.07868,0.79,-0.14,15.341,14.83,14.692,14.625,13.75,13.465,13.394,-1,0.5691197
CANDIDATE,0,0,0,0,83.266321,194.23922,0.0,0.3058,2.888,716.6,0.024693,27.26353,2.58,421.0,7.45,14.0,17,5996.0,4.489,0.956,1.027,14.97,55.9,-55.9,0.001075,-0.001335,7.39451,-9.0215,1.06,-0.24,15.462,14.901,14.759,14.633,13.733,13.41,13.334,-1,0.5691197
CANDIDATE,0,0,0,0,208.55037,230.9798,0.0,0.313,9.826,580.9,0.022271,1.70858,2.06,299.0,1.89,9.9,4,5881.0,4.481,0.848,0.794,15.254,69.6,-69.6,0.001091,-0.002012,0.58769,-0.65843,0.92,-0.23,15.746,15.227,15.043,14.959,14.037,13.69,13.604,-1,0.5691197
CANDIDATE,0,0,0,0,17.7192432,138.7934,0.0,0.4771,4.386,191.9,0.012956,1.26472,1.62,770.0,83.1,9.8,76,6057.0,4.367,1.147,1.118,15.246,22.6,-22.6,0.000704,-0.001054,1.33175,-0.45489,0.92,-0.21,15.77,15.201,15.022,14.958,14.027,13.709,13.621,-1,0.5691197
CANDIDATE,0,0,0,0,11.5706098,136.28552,0.0,0.328,3.071,250.3,0.014546,2.9844,1.43,771.0,83.39,10.6,73,5718.0,4.479,0.9,0.89,15.089,26.2,-26.2,0.000714,-0.001075,0.9907,-1.14907,0.59,-0.15,15.629,15.033,14.858,14.765,13.704,13.326,13.227,-1,0.5691197
CANDIDATE,0,0,0,0,16.2953209,144.8001,0.0,0.2397,4.879,239.3,0.014275,1.13395,1.58,773.0,84.23,13.2,72,6187.0,4.432,1.013,1.007,15.11,21.8,-21.8,0.000722,-0.000781,0.44562,-0.45844,0.66,-0.17,15.535,15.047,14.927,14.837,13.932,13.605,13.523,-1,0.5691197
CANDIDATE,0,0,0,0,52.802757686,167.270416,0.0,0.8936,5.6284,55022.0,0.297164,2.07734,29.01,470.0,11.52,1331.0,23,5830.0,4.498,0.894,0.918,15.193,81.6,-81.6,0.010122,-0.0122,0.01806,-0.02845,12.2,-2.76,15.728,15.159,14.964,14.895,13.931,13.587,13.534,-1,3.3150167e-09
CANDIDATE,0,0,0,0,10.104038395,132.893349,0.0,0.9045,0.8867,1350.5,0.041361,16.80039,3.82,759.0,78.54,62.6,137,5529.0,4.522,0.845,0.867,14.031,33.6,-33.6,0.001218,-0.001996,7.68178,-3.9956,1.53,-0.35,14.59,13.966,13.792,13.691,12.727,12.32,12.295,-1,0.5691197
CANDIDATE,0,0,0,0,25.3734282,151.87828,0.0,0.0565,2.743,430.0,0.019084,10.91915,2.01,653.0,42.92,12.5,44,6195.0,4.47,0.966,0.998,15.056,44.0,-44.0,0.001234,-0.001056,1.9316,-6.02546,0.82,-0.19,15.503,15.015,14.865,14.783,13.881,13.541,13.524,-1,0.5691197
CANDIDATE,0,0,0,0,10.08536606,140.96988,0.0,0.6242,1.678,252.6,0.015275,9.24849,1.58,843.0,119.67,11.7,104,5947.0,4.487,0.945,1.0,14.889,27.5,-27.5,0.000328,-0.001582,11.41193,-0.9428,0.63,-0.15,15.369,14.829,14.684,14.583,13.701,13.339,13.284,-1,0.5691197
CANDIDATE,0,0,0,0,24.352254,147.2002,0.0,0.4672,2.51,382.6,0.017954,9.60965,1.56,499.0,14.66,14.2,52,4922.0,4.521,0.795,0.765,14.779,30.5,-30.5,0.000481,-0.001455,5.62588,-2.53727,1.91,-0.14,15.593,14.698,14.43,14.316,13.181,12.696,12.603,-1,0.5691197
CANDIDATE,0,0,0,0,34.1082415,158.424,0.0,0.8098,7.618,165.7,0.013071,0.14716,1.45,612.0,33.2,14.2,41,6328.0,4.456,1.013,1.069,14.44,12.0,-12.0,0.0018,-0.001287,0.53528,-0.11788,0.63,-0.14,14.834,14.411,14.272,14.24,13.397,13.12,13.077,-1,0.5691197
CANDIDATE,0,0,0,0,10.01003165,131.61419,0.0,0.2733,1.453,424.2,0.019135,26.07724,1.06,507.0,15.57,13.5,131,4339.0,4.731,0.508,0.507,15.318,39.6,-39.6,0.001169,-0.000906,8.22512,-11.37391,0.08,-0.1,16.349,15.281,14.876,14.587,13.493,12.89,12.763,-1,0.5691197
CANDIDATE,0,0,0,0,10.54842565,139.06067,0.0,0.4719,1.35,105.7,0.009653,25.73761,1.15,897.0,152.96,12.8,118,6053.0,4.396,1.09,1.074,13.204,11.4,-11.4,0.000459,-0.000748,18.66167,-12.90571,0.21,-0.09,13.66,13.153,13.008,12.941,12.022,11.757,11.724,-1,0.5691197
CANDIDATE,0,0,0,0,54.061326157,181.788131,0.0,1.347,4.484,83878.0,0.748494,7.00941,90.89,514.0,16.51,923.2,21,5786.0,4.318,1.112,0.937,15.231,157.0,-157.0,0.119504,-0.163159,0.47514,-0.81441,31.8,-15.45,15.822,15.191,14.978,14.861,13.918,13.605,13.508,-1,3.9885014e-22
CANDIDATE,0,0,0,0,34.525999972,150.102182,0.0,0.8469,4.47649,72458.0,0.319112,3.35903,36.17,604.0,31.4,1118.9,33,6122.0,4.406,1.038,1.0,15.142,137.0,-137.0,0.009605,-0.008123,0.01312,-0.0422,15.02,-4.25,15.617,15.09,14.938,14.803,13.969,13.57,13.572,-1,2.630701e-16
CANDIDATE,0,0,0,0,29.7682825,155.4933,0.0,0.7141,9.664,185.5,0.013355,0.10375,1.37,594.0,29.49,13.0,47,6022.0,4.49,0.941,0.997,14.564,15.1,-15.1,0.002145,-0.001082,0.16564,-0.09375,0.56,-0.13,15.036,14.52,14.362,14.275,13.478,13.101,13.024,-1,0.5691197
CANDIDATE,0,0,0,0,36.7660458,157.1404,0.0,0.4755,2.892,699.4,0.024234,9.57077,1.43,336.0,3.02,13.3,37,4342.0,4.699,0.54,0.531,15.903,71.0,-71.0,0.00117,-0.001875,6.67328,-2.51937,0.11,-0.14,16.972,15.872,15.445,15.192,14.01,13.432,13.219,-1,0.5691197
CANDIDATE,0,0,0,0,15.5763812,135.9501,0.0,0.5645,5.313,306.2,0.016608,0.53061,1.93,785.0,89.59,14.0,83,6167.0,4.444,1.064,1.149,15.491,23.9,-23.9,0.000179,-0.00134,0.46731,-0.00628,0.94,-0.18,15.931,15.439,15.303,15.255,14.351,14.076,13.961,-1,0.5691197
CANDIDATE,0,0,0,0,10.0051616,136.8264,0.0,0.937,3.975,144.9,0.013648,0.07959,1.38,848.0,122.48,11.6,135,5912.0,4.453,0.924,0.884,14.634,15.1,-15.1,0.000175,-0.003093,1.5492,-0.04586,0.54,-0.16,15.123,14.603,14.424,14.362,13.461,13.144,13.047,-1,0.5691197
CANDIDATE,0,0,0,0,5.0395851,133.828,0.0,0.1968,4.556,70.1,0.007685,0.43736,0.78,1067.0,306.35,9.6,263,5912.0,4.453,0.924,0.884,14.634,9.5,-9.5,0.000421,-0.000804,0.10516,-0.32914,0.3,-0.1,15.123,14.603,14.424,14.362,13.461,13.144,13.047,-1,0.5691197
CANDIDATE,0,0,0,0,36.2586639,146.8309,0.0,0.2056,5.931,414.5,0.018601,1.45573,1.73,515.0,16.59,13.5,31,5804.0,4.553,0.85,0.939,15.553,36.8,-36.8,0.001259,-0.000777,0.49396,-0.52102,0.6,-0.14,16.066,15.504,15.334,15.254,14.345,14.007,13.985,-1,0.5691197
CANDIDATE,0,0,0,0,35.8755847,147.5074,0.0,0.1569,4.0,337.8,0.016997,4.79535,2.17,652.0,42.61,11.2,34,6495.0,4.379,1.168,1.19,15.353,35.7,-35.7,0.000948,-0.001119,4.60279,-2.13656,1.29,-0.25,15.712,15.302,15.199,15.147,14.329,14.09,14.003,-1,0.5691197
CANDIDATE,0,0,0,0,17.9558884,139.02816,0.0,0.1789,4.596,128.4,0.010376,1.53502,1.21,745.0,72.65,11.2,60,5896.0,4.343,1.072,0.924,14.388,14.1,-14.1,0.000801,-0.00055,0.23131,-0.75439,0.42,-0.19,14.899,14.348,14.169,14.089,13.2,12.816,12.732,-1,0.5691197
CANDIDATE,0,0,0,0,65.427387,176.2753,0.0,0.1413,9.559,308.4,0.016121,0.64383,1.63,453.0,9.94,14.7,21,6014.0,4.504,0.926,0.998,14.821,25.0,-25.0,0.000731,-0.000858,0.03114,-0.26445,0.67,-0.15,15.291,14.767,14.62,14.525,13.658,13.292,13.219,-1,0.5691197
CANDIDATE,0,0,0,0,26.837720081,158.125218,0.0,0.9232,1.6278,8897.2,0.11384,12.70466,13.23,655.0,43.38,234.7,39,6167.0,4.444,1.064,1.149,14.426,69.2,-69.2,0.022304,-0.011741,0.07051,-3.14948,7.24,-1.27,14.847,14.367,14.246,14.267,13.349,13.049,12.956,-1,0.5691197
CANDIDATE,0,0,0,0,49.612754673,165.9985335,0.0,0.9028,7.09555,138490.0,0.505138,2.04694,56.87,536.0,19.46,1922.4,21,6241.0,4.45,1.031,1.088,15.217,131.0,-131.0,0.019299,-0.026406,0.02162,-0.02402,27.64,-5.35,15.672,15.179,15.021,14.939,14.088,13.772,13.692,-1,0.0
CANDIDATE,0,0,0,0,27.00980709,141.2897412,0.0,1.5615,1.9573,83780.0,0.958599,50.22445,56.21,331.0,2.83,699.6,25,3900.0,4.726,0.537,0.559,15.483,227.0,-227.0,1.153271,-0.270638,46.55956,-8.82887,9.42,-5.23,16.885,15.538,14.883,14.531,13.372,12.674,12.517,-1,4.5092562e-26
CANDIDATE,0,0,0,0,11.8236074,139.4366,0.0,0.3904,7.605,223.8,0.013761,0.18669,1.21,705.0,58.29,12.7,114,5559.0,4.572,0.806,0.883,15.353,20.6,-20.6,0.000535,-0.000974,0.07734,-0.06615,0.38,-0.09,15.916,15.304,15.112,15.029,14.082,13.729,13.708,-1,0.5691197
CANDIDATE,0,0,0,0,58.585057128,140.7997021,0.0,1.4606,3.58461,76465.0,0.829306,14.33619,120.63,590.0,28.68,2294.2,23,6391.0,4.226,1.332,1.085,13.061,77.9,-77.9,0.077313,-0.135988,0.70407,-1.24645,67.74,-24.36,13.404,13.014,12.914,12.86,12.067,11.827,11.739,-1,6.4013338e-15
CANDIDATE,0,0,0,0,5.7745081,134.51351,0.0,0.4598,3.471,204.7,0.013377,0.86225,1.46,1053.0,290.38,10.7,225,6063.0,4.47,1.001,1.079,15.589,19.9,-19.9,0.000627,-0.000911,0.56876,-0.21309,0.49,-0.14,16.077,15.54,15.38,15.335,14.415,14.085,13.982,-1,0.5691197
CANDIDATE,0,0,0,0,12.5015232,142.5579,0.0,0.0547,3.958,274.0,0.015144,1.77268,1.66,813.0,103.51,11.3,107,6063.0,4.47,1.001,1.079,15.589,25.8,-25.8,0.000847,-0.000858,0.19969,-0.7833,0.55,-0.16,16.077,15.54,15.38,15.335,14.415,14.085,13.982,-1,0.5691197
CANDIDATE,0,0,0,0,40.6507123,164.5592,0.0,0.8102,11.315,125.8,0.011389,0.05272,1.6,646.0,41.29,21.5,35,6535.0,4.348,1.283,1.339,13.935,8.1,-8.1,0.001635,-0.001071,0.18348,-0.04388,1.08,-0.25,14.265,13.872,13.793,13.76,12.952,12.761,12.649,-1,0.5691197
CANDIDATE,0,0,0,0,40.1438531,133.75498,0.0,0.9577,6.56,261.0,0.018607,0.05036,15.53,1700.0,1973.2,26.9,37,7945.0,3.124,7.645,2.836,13.201,11.7,-11.7,0.000368,-0.003867,1.66647,-0.00825,3.19,-6.24,13.641,13.135,13.012,12.896,12.053,11.711,11.666,-1,0.5691197
CANDIDATE,0,0,0,0,7.64362322,137.88725,0.0,0.3845,2.604,61.7,0.007301,2.95219,1.59,1334.0,748.7,12.0,145,6120.0,3.934,2.0,1.251,13.266,7.1,-7.1,0.000383,-0.000573,1.50074,-1.05414,0.53,-0.63,13.985,13.232,12.957,14.292,11.897,11.61,11.514,-1,0.5691197
CANDIDATE,0,0,0,0,58.7700093,174.7761,0.0,0.1419,7.135,263.8,0.014948,1.38553,1.65,508.0,15.78,13.6,21,6158.0,4.397,1.013,0.934,14.324,20.8,-20.8,0.00063,-0.000834,0.18243,-0.60525,0.59,-0.22,14.765,14.292,14.135,14.054,13.174,12.861,12.882,-1,0.5691197
CANDIDATE,0,0,0,0,15.8276349,144.4279,0.0,0.5791,3.109,280.6,0.0159,2.5858,1.73,736.0,69.54,10.7,70,5878.0,4.442,0.998,1.003,15.364,33.7,-33.7,0.000729,-0.001387,4.73992,-0.87862,0.71,-0.19,15.926,15.324,15.123,15.058,14.134,13.756,13.699,-1,0.5691197
CANDIDATE,0,0,0,0,13.9247298,142.0532,0.0,0.3936,4.987,193.7,0.012802,0.77083,0.91,590.0,28.65,10.5,100,5267.0,4.66,0.652,0.71,15.712,23.3,-23.3,0.000795,-0.001006,0.3634,-0.264,0.14,-0.06,16.354,15.673,15.438,15.296,14.328,13.926,13.817,-1,0.5691197
CANDIDATE,0,0,0,0,34.08431117,152.06741,0.0,1.9063,1.3831,3843.0,0.971341,13.77042,97.8,506.0,15.46,33.3,31,5252.0,4.428,0.922,0.83,15.417,139.0,-139.0,0.028407,-0.626936,0.34276,-4.63459,85.17,-12.41,16.135,15.354,15.109,15.001,13.945,13.527,13.344,-1,0.5691197
CANDIDATE,0,0,0,0,10.2855824,141.21125,0.0,0.1051,2.961,143.2,0.010998,3.40079,1.27,918.0,167.59,10.5,134,6180.0,4.399,1.056,1.017,14.951,17.1,-17.1,0.0009,-0.000651,1.76895,-1.66967,0.57,-0.14,15.402,14.912,14.758,14.672,13.865,13.568,13.542,-1,0.5691197
CANDIDATE,0,0,0,0,24.2159316,133.4544,0.0,0.3102,4.055,320.7,0.01642,2.77862,1.59,596.0,29.84,12.0,44,5659.0,4.473,0.885,0.849,15.259,31.5,-31.5,0.000946,-0.000964,0.33802,-1.42135,0.66,-0.18,15.681,15.207,15.078,14.924,13.953,13.242,13.149,-1,0.5691197
CANDIDATE,0,0,0,0,34.7496654,158.68447,0.0,0.474,3.506,201.3,0.013328,4.88569,1.33,575.0,25.82,11.0,37,6033.0,4.436,0.917,0.837,14.606,22.6,-22.6,0.000735,-0.000931,4.64543,-1.39264,0.53,-0.16,15.056,14.577,14.414,14.333,13.476,13.149,13.03,-1,0.5691197
CANDIDATE,0,0,0,0,58.940262,159.627,0.0,0.9591,5.826,819.0,0.033945,0.14504,3.08,439.0,8.82,10.3,16,5853.0,4.555,0.83,0.902,15.606,100.0,-100.0,0.000125,-0.009379,7.21717,-0.00873,1.32,-0.26,16.153,15.565,15.371,15.259,14.284,13.914,13.81,-1,0.5691197
CANDIDATE,0,0,0,0,12.67140393,137.51209,0.0,0.3206,2.384,201.6,0.012606,6.99084,0.82,437.0,8.63,14.7,107,3842.0,4.664,0.598,0.6,13.693,16.1,-16.1,0.000878,-0.000579,2.71562,-2.63428,0.05,-0.1,15.377,13.979,12.971,12.453,11.166,10.523,10.309,-1,0.5691197
CANDIDATE,0,0,0,0,60.32665084,145.057958,0.0,1.384,1.7072,3386.0,0.455997,9.46329,29.78,260.0,1.08,63.5,21,3842.0,4.664,0.598,0.6,13.693,65.5,-65.5,0.391857,-0.208029,1.97662,-0.77333,1.54,-3.79,15.377,13.979,12.971,12.453,11.166,10.523,10.309,-1,0.5691197
CANDIDATE,0,0,0,0,2.63597899,132.31006,0.0,0.0113,1.644,92.5,0.008401,5.15089,0.55,738.0,70.28,12.2,498,3842.0,4.664,0.598,0.6,13.693,9.2,-9.2,0.000753,-0.000402,1.49964,-2.83797,0.03,-0.07,15.377,13.979,12.971,12.453,11.166,10.523,10.309,-1,0.5691197
CANDIDATE,0,0,0,0,32.5105998,136.6319,0.0,0.2054,3.276,381.5,0.018077,7.73086,1.94,614.0,33.54,11.4,41,6315.0,4.472,0.982,1.043,14.863,38.9,-38.9,0.001244,-0.000847,1.9358,-2.99548,0.62,-0.19,15.239,14.821,14.701,14.662,13.82,13.557,13.476,-1,0.5691197
CANDIDATE,0,0,0,0,62.12765716,172.066527,0.0,1.169,5.26683,39643.0,0.455801,2.34369,40.17,402.0,6.15,1000.2,19,5344.0,4.494,0.807,0.74,14.822,59.4,-59.4,0.062519,-0.075578,0.04851,-0.07277,46.19,-4.78,15.467,14.777,14.546,14.409,13.442,12.985,12.916,-1,0.00010900464
CANDIDATE,0,0,0,0,10.90751111,136.60923,0.0,0.2853,2.805,187.9,0.012716,3.82767,1.6,959.0,200.01,11.4,28,6426.0,4.373,1.154,1.145,14.056,19.1,-19.1,0.000691,-0.000832,1.20389,-1.42141,0.96,-0.2,14.392,13.994,13.911,13.845,13.053,12.726,12.706,-1,0.5691197
CANDIDATE,0,0,0,0,14.0546718,133.09103,0.0,0.0134,4.036,320.2,0.016264,1.89399,1.56,711.0,60.49,11.9,80,5783.0,4.539,0.88,0.977,15.802,29.3,-29.3,0.000811,-0.001001,0.15589,-0.97496,0.65,-0.12,16.336,15.726,15.573,15.452,14.448,14.131,13.983,-1,0.5691197
CANDIDATE,0,0,0,0,62.596366,186.017,0.0,0.1425,12.494,194.5,0.012809,0.27301,1.19,445.0,9.28,15.3,19,5951.0,4.523,0.851,0.88,14.451,17.0,-17.0,0.001035,-0.00029,0.05675,-0.09973,0.52,-0.11,14.921,14.412,14.25,14.171,13.263,12.928,12.892,-1,0.5691197
CANDIDATE,0,0,0,0,12.4327236,142.1046,0.0,0.5214,7.829,292.7,0.01608,0.14595,1.61,767.0,81.69,11.3,86,5896.0,4.518,0.916,1.008,15.916,27.1,-27.1,0.000554,-0.001267,0.09272,-0.04317,0.62,-0.14,16.462,15.866,15.682,15.572,14.646,14.287,14.347,-1,0.5691197
CANDIDATE,0,0,0,0,30.9904663,141.4182,0.0,0.448,8.492,328.9,0.016885,0.32513,1.69,565.0,24.16,9.7,34,5896.0,4.518,0.916,1.008,15.916,39.7,-39.7,0.000708,-0.001647,0.22484,-0.08618,0.65,-0.14,16.462,15.866,15.682,15.572,14.646,14.287,14.347,-1,0.5691197
CANDIDATE,0,0,0,0,32.5475298,133.6719,0.0,0.273,6.781,152.6,0.011387,0.81348,1.32,618.0,34.42,10.2,42,6068.0,4.384,1.061,0.995,14.564,17.0,-17.0,0.000711,-0.000765,0.26325,-0.37667,0.53,-0.17,15.046,14.511,14.358,14.206,13.378,13.056,12.951,-1,0.5691197
CANDIDATE,0,0,0,0,60.5331174,134.57452,0.0,0.5554,7.053,538.3,0.021862,0.91849,2.02,421.0,7.41,24.3,17,5632.0,4.553,0.846,0.932,14.196,24.9,-24.9,0.003956,-0.000967,0.73883,-0.02877,0.86,-0.15,14.744,14.138,13.961,13.888,12.928,12.599,12.469,-1,0.5691197
CANDIDATE,0,0,0,0,15.0619058,140.104,0.0,0.5528,6.416,242.3,0.014728,0.2974,1.65,777.0,86.21,13.0,74,6077.0,4.445,1.027,1.068,15.386,18.6,-18.6,0.000163,-0.001268,0.25244,-0.00346,0.77,-0.16,15.831,15.318,15.196,15.134,14.2,13.864,13.887,-1,0.5691197
CANDIDATE,0,0,0,0,10.43003261,133.29819,0.0,0.4265,2.2,130.8,0.010707,6.35726,1.21,906.0,159.58,10.5,130,6277.0,4.449,1.031,1.085,14.412,14.0,-14.0,0.000298,-0.001055,4.57492,-2.12117,0.49,-0.12,14.797,14.366,14.248,14.207,13.379,13.104,12.991,-1,0.5691197
CANDIDATE,0,0,0,0,27.63714437,143.93366,0.0,31.3338,2.3166,767.8,30.353176,28.89753,8044.45,816.0,104.6,28.2,47,5214.0,3.766,2.427,1.254,13.851,33.4,-33.4,50.04897,-27.31032,134.73299,-27.57744,4024.0,-4611.0,14.607,13.798,13.527,13.361,12.341,11.929,11.821,-1,0.0098226
CANDIDATE,0,0,0,0,11.9382003,133.2246,0.0,0.4411,4.765,277.3,0.015424,0.7136,1.25,673.0,48.36,9.8,91,5465.0,4.605,0.741,0.807,15.954,36.0,-36.0,0.000986,-0.001398,0.64212,-0.38458,0.34,-0.09,16.56,15.92,15.695,15.59,14.622,14.236,14.15,-1,0.5691197
CANDIDATE,0,0,0,0,32.716371,135.9077,0.0,0.6141,10.166,133.0,0.011066,0.13642,1.01,558.0,22.92,14.8,39,6099.0,4.555,0.838,0.92,14.462,13.1,-13.1,0.000364,-0.000842,0.19947,-0.01335,0.44,-0.07,14.877,14.426,14.284,14.228,13.342,13.047,13.016,-1,0.5691197
CANDIDATE,0,0,0,0,82.331714,133.0842,0.0,0.4073,8.454,300.2,0.016178,0.92758,1.75,445.0,9.26,12.4,18,6233.0,4.472,0.988,1.054,14.872,31.1,-31.1,0.000656,-0.00127,0.44248,-0.33978,0.67,-0.16,15.28,14.834,14.698,14.662,13.829,13.508,13.486,-1,0.5691197
CANDIDATE,0,0,0,0,19.070429,145.6734,0.0,0.5415,9.94,159.9,0.011862,0.10292,1.15,627.0,36.63,17.4,71,5418.0,4.436,0.889,0.788,14.371,14.9,-14.9,0.000238,-0.001961,0.09606,-0.00335,0.83,-0.15,15.015,14.334,14.095,13.962,13.023,12.641,12.513,-1,0.5691197
CANDIDATE,0,0,0,0,89.739710178,205.264848,0.0,1.0129,3.25847,85489.0,0.467602,26.20942,38.3,364.0,4.16,1184.0,12,5791.0,4.607,0.75,0.835,14.294,147.0,-147.0,0.098504,-0.056361,1.38716,-0.49601,15.47,-2.45,14.768,14.252,14.09,14.003,13.135,12.792,12.678,-1,3.3851907e-22
CANDIDATE,0,0,0,0,17.6063423,147.1902,0.0,0.4502,5.768,151.4,0.01147,0.57598,0.93,611.0,32.85,11.0,72,5650.0,4.605,0.74,0.804,15.135,16.6,-16.6,0.000401,-0.001054,0.29714,-0.18833,0.28,-0.06,15.644,15.093,14.917,14.831,13.902,13.506,13.42,-1,0.5691197
CANDIDATE,0,0,0,0,8.5435876,137.9726,0.0,1.5091,7.01,76.7,0.514597,0.00187,94.69,1260.0,595.97,9.6,151,6602.0,4.108,1.685,1.333,13.932,8.9,-8.9,0.485277,-0.268891,0.00117,-0.00087,50.23,-26.3,14.291,13.87,13.778,14.292,12.713,12.544,12.471,-1,0.5691197
CANDIDATE,0,0,0,0,12.6253041,140.05963,0.0,1.0945,3.146,39641.0,0.386931,2.12044,77.91,1214.0,514.08,42.7,108,6878.0,4.012,1.844,1.278,12.933,1152.0,-1152.0,0.473463,-0.045098,0.59291,-0.17649,33.09,-24.29,13.214,12.906,12.812,12.798,11.978,11.816,11.712,-1,0.0012858099
CANDIDATE,0,0,0,0,190.799332,236.045,0.0,0.2678,8.235,281.5,0.015553,2.7085,1.68,345.0,3.34,13.2,8,6362.0,4.462,0.992,1.04,14.322,25.0,-25.0,0.000648,-0.000962,0.54746,-0.88398,0.75,-0.16,14.701,14.293,14.159,14.137,13.28,12.991,12.9,-1,0.5691197
CANDIDATE,0,0,0,0,82.13760666,196.1225177,0.0,2.2538,5.5528,189360.0,1.830554,20.32176,241.28,507.0,15.67,2407.3,16,6395.0,4.285,1.207,1.023,12.261,3233.0,-3233.0,0.504902,-0.267092,6.33996,-3.70348,111.1,-38.98,12.566,12.209,12.13,12.113,11.243,10.974,10.943,-1,0.0
CANDIDATE,0,0,0,0,135.58604834,177.928507,0.0,0.5109,5.59222,374830.0,0.626463,24.07534,72.72,383.0,5.11,6513.6,0,6074.0,4.391,1.063,1.014,13.674,345.0,-345.0,0.005378,-0.007724,0.11931,-0.1661,31.06,-8.41,14.117,13.624,13.484,13.414,12.619,12.362,12.29,-1,0.0
CANDIDATE,0,0,0,0,241.07151271,223.991228,0.0,86.2169,11.0083,78332.0,85.506981,544.82556,21093.1,631.0,37.51,2957.9,6,9541.0,4.096,2.259,2.319,10.656,83.1,-83.1,2.893378,-44.39867,10.88882,-379.59869,10330.0,-5098.0,10.531,10.697,10.905,10.986,10.358,10.363,10.348,-1,5.5493455e-23
CANDIDATE,0,0,0,0,76.819845615,188.1257888,0.0,0.7156,5.11819,240670.0,0.561529,12.91996,48.14,382.0,5.05,3954.2,16,5668.0,4.579,0.785,0.855,14.063,113.0,-113.0,0.011881,-0.009649,0.09689,-0.09168,19.56,-3.62,14.557,14.009,13.852,13.771,12.888,12.527,12.474,-1,0.0
CANDIDATE,0,0,0,0,165.40575209,141.5761544,0.0,1.0962,13.6481,67215.0,0.479611,0.53872,114.44,515.0,16.56,6518.5,8,6061.0,3.759,2.185,0.999,12.724,15.8,-15.8,0.016573,-0.026886,0.00307,-0.00689,49.28,-55.05,13.12,12.667,12.555,14.292,11.182,10.938,10.842,-1,0.003892315
CANDIDATE,0,0,0,0,70.582861334,190.4998138,0.0,0.8703,8.82229,154990.0,0.515201,1.65478,50.86,435.0,8.45,6519.4,20,5973.0,4.516,0.904,0.98,14.624,52.8,-52.8,0.030962,-0.016699,0.02023,-0.02116,20.59,-4.39,15.101,14.585,14.419,14.361,13.513,13.159,13.105,-1,1.1812355e-38
CANDIDATE,0,0,0,0,156.51655149,278.137444,0.0,0.983,12.2541,117000.0,0.518242,1.1114,61.35,367.0,4.31,2226.1,9,6002.0,4.354,1.084,0.969,13.375,411.0,-411.0,0.055245,-0.044802,0.03445,-0.03036,22.92,-9.0,14.127,13.343,13.051,14.292,12.143,11.866,11.773,-1,2.715978e-32
CANDIDATE,0,0,0,0,421.4296796,262.287943,0.0,45.1984,9.3151,109360.0,44.56646,849.88147,8312.25,335.0,2.97,1726.5,4,6235.0,4.034,1.708,1.152,13.769,374.0,-374.0,3.845105,-13.9401,149.94348,-294.06403,3757.0,-2808.0,14.094,13.705,13.63,14.292,12.624,12.356,12.315,-1,1.0630756e-35
CANDIDATE,0,0,0,0,1.092066425,132.1028708,0.0,0.4414,3.01295,439680.0,0.66403,1.50608,41.77,1163.0,432.44,2700.2,0,4556.0,4.67,0.576,0.566,15.896,227.0,-227.0,0.003887,-0.002508,0.00813,-0.00478,3.62,-3.48,16.89,15.884,15.47,15.233,14.116,13.47,13.356,-1,0.0
CANDIDATE,0,0,0,0,394.67821504,346.1399612,0.0,0.6555,6.09018,273760.0,0.574194,43.20501,52.04,235.0,0.72,2075.7,0,5780.0,4.505,0.83,0.803,15.207,266.0,-266.0,0.012847,-0.013109,0.38537,-0.36949,23.52,-5.45,15.721,15.174,14.986,14.893,14.024,13.614,13.557,-1,0.0
CANDIDATE,0,0,0,0,243.82131572,159.495632,0.0,0.9645,10.8992,57616.0,0.348532,1.32977,45.02,352.0,3.63,2534.1,6,6462.0,4.311,1.183,1.041,13.297,46.3,-46.3,0.012558,-0.022149,0.00686,-0.00641,21.89,-6.5,13.62,13.247,13.158,13.126,12.245,11.985,11.946,-1,1.3108291e-06
CANDIDATE,0,0,0,0,1.501760175,131.5670244,0.0,0.5175,5.85656,389850.0,0.649121,0.28694,70.1,1850.0,2770.81,2752.4,320,6466.0,4.333,0.989,0.769,11.825,286.0,-286.0,0.00165,-0.00225,0.00095,-0.00079,24.74,-13.68,12.133,11.771,11.693,11.687,10.851,10.595,10.599,-1,0.0
CANDIDATE,0,0,0,0,2.637574199,131.5755522,0.0,1.1499,5.93954,173780.0,0.774938,0.29959,81.07,1246.0,569.55,5846.3,435,5640.0,4.503,0.958,1.067,15.902,62.2,-62.2,0.012616,-0.018924,0.00318,-0.00586,30.8,-6.6,16.517,15.809,15.638,15.557,14.554,14.216,14.116,-1,0.0
CANDIDATE,0,0,0,0,1.824653352,132.8831959,0.0,0.8276,4.3089,185010.0,0.542827,0.47072,55.78,1679.0,1880.22,2804.6,380,6413.0,4.372,0.941,0.76,15.048,116.0,-116.0,0.003978,-0.004926,0.00149,-0.00225,21.64,-9.72,15.52,15.022,14.846,14.767,13.841,13.539,13.62,-1,0.0
CANDIDATE,0,0,0,0,43.562245779,153.2708617,0.0,1.5574,3.67602,52588.0,0.849407,7.34401,112.79,625.0,35.99,1305.4,29,6403.0,4.301,1.216,1.072,13.676,65.4,-65.4,0.065719,-0.140497,0.32216,-0.60891,64.74,-16.97,14.011,13.614,13.532,13.483,12.586,12.316,12.287,-1,2.595582e-07
CANDIDATE,0,0,0,0,210.30632474,285.1278804,0.0,1.1796,6.67332,46754.0,0.482088,4.31183,106.18,525.0,17.94,1592.0,5,7591.0,4.05,2.017,1.665,12.504,46.3,-46.3,0.070376,-0.075655,0.12505,-0.15425,53.23,-21.37,12.638,12.46,12.463,12.471,11.728,11.563,11.516,-1,0.009519176
CANDIDATE,0,0,0,0,249.36251313,279.657735,0.0,2.1102,8.278,36129.0,1.328312,3.5326,147.95,308.0,2.14,900.6,6,5940.0,4.352,1.02,0.853,13.867,58.3,-58.3,0.593477,-0.429122,1.25236,-0.82218,50.92,-25.09,14.312,13.823,13.676,13.607,12.675,12.358,12.265,-1,0.011066434
CANDIDATE,0,0,0,0,178.26787073,255.352061,0.0,1.1059,5.88342,47470.0,0.431986,5.5592,32.83,256.0,1.02,1039.9,8,5126.0,4.578,0.696,0.668,14.16,73.7,-73.7,0.066495,-0.057634,0.15086,-0.10042,5.99,-3.06,14.83,14.113,13.872,13.739,12.724,12.235,12.139,-1,6.115036e-08
CANDIDATE,0,0,0,0,2.181558785,133.48564,0.0,1.263,4.40583,88286.0,0.680564,0.34487,103.52,1821.0,2596.7,3400.5,43,6570.0,4.239,1.393,1.23,14.182,44.6,-44.6,0.043581,-0.050415,0.01312,-0.01329,56.93,-21.47,14.498,14.123,14.046,14.003,13.155,12.918,12.884,-1,1.432477e-16
CANDIDATE,0,0,0,0,244.83269984,285.7026682,0.0,1.1152,4.35145,40056.0,0.407526,15.87061,44.19,307.0,2.09,1077.6,6,6105.0,4.443,0.993,0.997,13.556,51.1,-51.1,0.143259,-0.06447,0.99721,-0.28994,17.0,-4.67,13.951,13.499,13.386,13.342,12.427,12.079,12.034,-1,0.0018323412
CANDIDATE,0,0,0,0,10.44334043,133.629166,0.0,1.7684,3.91125,167720.0,1.325495,5.10123,145.47,891.0,149.21,1569.6,60,6137.0,4.421,1.005,0.972,16.51,222.0,-222.0,0.135556,-0.118558,0.43383,-0.42472,56.01,-17.37,16.989,16.475,16.305,16.198,15.38,14.918,14.899,-1,0.0
CANDIDATE,0,0,0,0,46.698195279,167.6985634,0.0,1.0789,3.58492,58981.0,0.442621,7.50929,36.54,468.0,11.31,927.4,23,5772.0,4.518,0.756,0.687,15.267,90.9,-90.9,0.166303,-0.035754,0.5921,-0.16366,21.75,-3.77,15.772,15.25,15.05,14.945,14.059,13.637,13.583,-1,7.0786714e-12
CANDIDATE,0,0,0,0,44.14578525,167.392399,0.0,0.6862,4.08595,259730.0,0.573692,15.50587,56.01,504.0,15.19,528.6,16,5881.0,4.496,0.894,0.913,16.442,723.0,-723.0,0.018901,-0.029869,0.20166,-0.3249,23.49,-5.64,16.97,16.41,16.215,16.129,15.157,14.874,14.676,-1,0.0
CANDIDATE,0,0,0,0,8.52999071,137.65482,0.0,4.2,3.90806,21236.0,3.344967,1.79343,361.98,940.0,184.92,788.1,93,6185.0,4.472,0.991,1.06,15.232,34.6,-34.6,7.230451,-0.554759,6.53342,-0.70407,142.1,-35.06,15.688,15.196,15.037,14.987,14.11,13.74,13.755,-1,0.5691197
CANDIDATE,0,0,0,0,2.682766142,131.571256,0.0,0.3685,4.35647,494480.0,0.723968,1.34139,79.06,1310.0,695.41,1129.8,235,5780.0,4.438,1.0,1.0,17.743,756.0,-756.0,0.003479,-0.003484,0.00701,-0.00809,0.0,0.0,18.439,17.711,17.444,14.292,13.284,12.882,12.79,-1,0.0
CANDIDATE,0,0,0,0,2.446735716,133.968878,0.0,0.2615,5.01712,599350.0,0.785028,0.93488,85.73,1351.0,788.17,1885.2,256,5780.0,4.438,1.0,1.0,17.991,534.0,-534.0,0.00299,-0.002589,0.00418,-0.00409,0.0,0.0,18.823,17.979,17.632,14.292,16.231,16.089,16.975,-1,0.0
CANDIDATE,0,0,0,0,178.41297276,218.225174,0.0,2.1563,2.9226,38194.0,1.381155,62.11351,119.75,303.0,2.0,672.3,8,5934.0,4.577,0.794,0.868,13.944,97.4,-97.4,2.04355,-0.474503,84.66286,-15.46372,50.83,-8.44,14.375,13.899,13.76,13.693,12.821,12.502,12.438,-1,0.0006358921
CANDIDATE,0,0,0,0,16.371887772,140.019726,0.0,1.054,3.45274,73382.0,0.469651,3.60999,72.57,840.0,117.9,657.3,40,5642.0,4.114,1.415,0.95,15.879,182.0,-182.0,0.10819,-0.10018,0.21642,-0.16123,32.93,-21.08,16.578,15.845,15.58,15.429,14.431,14.025,13.923,-1,1.560797e-18
CANDIDATE,0,0,0,0,10.148722578,136.026493,0.0,0.9138,5.6129,133390.0,0.502532,0.82732,71.12,1044.0,281.19,530.7,127,6366.0,4.239,1.296,1.059,16.798,292.0,-292.0,0.06057,-0.056669,0.0252,-0.02334,37.48,-13.99,17.28,16.778,16.592,16.355,15.494,14.926,15.159,-1,0.0
CANDIDATE,0,0,0,0,174.7697201,172.472159,0.0,6.1993,2.3108,73088.0,5.505023,914.39502,482.12,294.0,1.76,110.3,9,5693.0,4.574,0.802,0.88,15.549,1050.0,-1050.0,0.319303,-2.297729,85.58087,-389.39603,199.0,-36.67,16.099,15.494,15.314,15.181,14.258,13.886,13.773,-1,8.795913e-20
CANDIDATE,0,0,0,0,175.0659015,179.04357,0.0,1.1288,4.5577,48376.0,0.447068,11.57804,40.28,313.0,2.27,280.0,8,6024.0,4.566,0.825,0.911,15.62,233.0,-233.0,0.189117,-0.100016,1.0892,-0.50818,17.91,-3.08,16.123,15.597,15.404,15.324,14.409,14.045,13.952,-1,2.2377165e-08
CANDIDATE,0,0,0,0,20.8392118,133.49789,0.0,0.8264,2.3316,210470.0,0.595086,35.22021,52.77,584.0,27.45,168.3,4,5378.0,4.488,0.812,0.741,16.583,1890.0,-1890.0,0.141134,-0.14574,4.69396,-3.41428,31.45,-6.24,17.279,16.545,16.284,16.087,15.053,14.672,14.403,-1,0.0
CANDIDATE,0,0,0,0,208.86908637,273.692529,0.0,0.9961,4.5461,22146.0,0.237206,7.40866,25.57,316.0,2.34,393.0,7,5914.0,4.421,0.987,0.938,14.461,70.5,-70.5,0.084511,-0.027086,0.74944,-0.27946,9.45,-3.19,14.952,14.417,14.25,14.179,13.233,12.947,12.815,-1,0.5691197
CANDIDATE,0,0,0,0,5.24090453,136.02553,0.0,0.6814,3.405,8745.6,0.091164,0.70041,13.15,1325.0,728.91,405.9,16,6429.0,4.227,1.321,1.073,14.014,28.2,-28.2,0.00054,-0.000575,0.05022,-0.06229,6.86,-2.63,14.368,13.982,13.862,13.871,12.971,12.694,12.627,-1,0.5691197
CANDIDATE,0,0,0,0,12.893019175,141.611097,0.0,1.3126,3.29854,16962.0,0.477413,0.95101,73.4,1004.0,240.5,438.1,56,6387.0,4.178,1.408,1.086,15.517,46.1,-46.1,0.273296,-0.146635,0.14823,-0.05982,37.8,-17.46,15.958,15.489,15.328,15.228,14.386,14.205,14.012,-1,0.5691197
CANDIDATE,0,0,0,0,1.160153329,132.145466,0.0,1.2698,2.1302,12189.0,0.411069,0.33586,62.04,2183.0,5363.78,310.0,1051,6200.0,4.161,1.382,1.009,15.149,31.3,-31.3,0.09944,-0.126426,0.02464,-0.03037,29.94,-15.36,15.674,15.124,14.923,14.766,13.877,13.574,13.521,-1,0.5691197
CANDIDATE,0,0,0,0,181.8521027,251.877973,0.0,1.091,5.7965,30324.0,0.348652,3.92561,38.53,333.0,2.91,319.0,7,6063.0,4.476,1.012,1.117,15.684,135.0,-135.0,0.132721,-0.127407,0.23272,-0.07377,17.28,-3.35,16.184,15.632,15.47,15.412,14.5,14.179,14.135,-1,0.13206163
CANDIDATE,0,0,0,0,2.99025143,133.110983,0.0,1.0547,7.6444,400000.0,1.061064,0.35081,115.87,1264.0,603.02,857.1,0,5780.0,4.438,1.0,1.0,17.9,1016.0,-1016.0,0.060313,-0.049332,0.01907,-0.02009,0.0,0.0,18.616,17.866,17.592,14.292,16.578,16.152,16.224,-1,0.0
CANDIDATE,0,0,0,0,205.5832937,234.746494,0.0,1.1965,6.0481,26201.0,0.417409,3.43945,41.71,323.0,2.58,268.3,7,6328.0,4.516,0.915,1.0,15.247,117.0,-117.0,0.316946,-0.062673,0.59534,-0.1101,16.86,-3.47,15.659,15.221,15.07,15.024,14.15,13.844,13.763,-1,0.5691197
CANDIDATE,0,0,0,0,227.6625544,232.2423,0.0,1.2943,5.5015,14613.0,0.447119,3.12824,49.17,319.0,2.46,164.9,6,6124.0,4.414,1.007,0.959,14.984,120.0,-120.0,0.343273,-0.163537,0.57091,-0.16189,18.21,-5.96,15.426,14.947,14.794,14.736,13.824,13.49,13.525,-1,0.5691197
CANDIDATE,0,0,0,0,213.3990721,274.209465,0.0,0.9803,6.5065,14139.0,0.177163,1.80855,28.34,423.0,7.59,304.2,7,6953.0,4.23,1.465,1.342,13.381,58.7,-58.7,0.026639,-0.024708,0.03319,-0.17845,18.3,-5.11,13.59,13.311,13.261,13.261,12.451,12.266,12.21,-1,0.5691197
CANDIDATE,0,0,0,0,6.40804274,134.07132,0.0,1.2057,2.9382,7970.3,0.320688,0.34338,41.81,1157.0,424.01,223.8,15,6261.0,4.293,1.194,1.017,14.078,48.7,-48.7,0.457995,-0.018988,0.08791,-0.0027,20.49,-6.86,14.479,14.025,13.906,13.793,12.944,12.653,12.637,-1,0.5691197
CANDIDATE,0,0,0,0,115.99435335,139.571548,0.0,0.0209,2.4524,43621.0,0.183088,109.78936,14.7,265.0,1.16,229.6,10,4530.0,4.566,0.735,0.725,15.852,247.0,-247.0,0.001724,-0.00077,0.52736,-10.40738,0.83,-1.18,16.901,15.858,15.403,15.117,13.932,13.301,13.167,-1,2.2848727e-09
CANDIDATE,0,0,0,0,0.668483776,132.156095,0.0,0.8475,2.2414,180900.0,0.551113,1.35159,60.18,2082.0,4439.53,323.1,0,5780.0,4.438,1.0,1.0,18.792,812.0,-812.0,0.107081,-0.056388,0.12731,-0.06322,0.0,0.0,19.409,18.757,18.526,14.292,13.284,12.882,12.79,-1,0.0
CANDIDATE,0,0,0,0,8.096941332,132.64628,0.0,0.9691,3.512,125320.0,0.527427,2.60707,81.67,1195.0,481.48,245.7,76,6572.0,4.208,1.418,1.19,17.637,1002.0,-1002.0,0.120834,-0.100557,0.19075,-0.14281,42.56,-18.03,18.085,17.591,14.368,17.337,16.36,15.747,15.351,-1,1.2043954e-38
CANDIDATE,0,0,0,0,0.642348692,131.910957,0.0,1.113,2.09744,44415.0,0.430442,0.66328,37.18,1830.0,2653.37,463.3,1214,5441.0,4.553,0.791,0.814,16.639,126.0,-126.0,0.188178,-0.065627,0.1373,-0.05544,15.04,-3.29,17.302,16.593,16.355,16.176,15.022,14.546,14.541,-1,1.4992223e-07
CANDIDATE,0,0,0,0,0.656201004,132.0994979,0.0,1.5686,4.15662,188030.0,1.178534,0.75575,128.57,2155.0,5094.25,1841.3,1732,6025.0,4.472,0.999,1.08,15.168,143.0,-143.0,0.038878,-0.067987,0.03268,-0.06354,51.48,-12.23,15.675,15.108,14.951,14.849,14.008,13.662,13.572,-1,0.0
CANDIDATE,0,0,0,0,18.577356,141.9371,0.0,0.0849,26.48,136.8,0.010796,0.00878,1.59,879.0,140.97,13.2,50,6432.0,4.207,1.345,1.06,13.306,32.8,-32.8,0.000744,-0.000517,0.34839,-0.00778,0.77,-0.34,13.669,13.274,13.151,13.11,12.309,12.101,12.058,-1,0.5691197
CANDIDATE,0,0,0,0,1.412523974,131.70444,0.0,0.8275,5.75,197010.0,0.562446,0.19399,69.71,1930.0,3279.01,1936.8,806,6609.0,4.391,1.135,1.155,14.964,77040.0,-77040.0,0.079078,-0.125349,0.0452,-0.01904,32.55,-7.37,15.294,14.916,14.823,14.777,13.94,13.722,13.652,-1,1.084019e-33
CANDIDATE,0,0,0,0,10.72730401,132.89917,0.0,0.9813,1.7183,63168.0,0.390003,17.0316,9.58,292.0,1.71,178.8,10,3311.0,5.05,0.225,0.208,16.415,466.0,-466.0,0.354522,-0.060535,3.41231,-0.69179,2.13,-4.68,18.226,16.786,15.638,15.075,13.726,13.068,12.972,-1,1.1879257e-19
CANDIDATE,0,0,0,0,6.471754334,136.351274,0.0,0.0015,7.1255,6359.8,0.073276,0.18848,13.48,1338.0,757.69,481.3,69,6318.0,4.079,1.685,1.242,14.35,16.4,-16.4,0.000175,-8e-05,0.00012,-0.00504,6.84,-4.16,15.1345,14.35,13.82,14.292,13.832,13.605,13.5,-1,0.5691197
CANDIDATE,0,0,0,0,6.714251076,134.316597,0.0,0.5167,3.3685,40651.0,0.188446,1.8229,16.46,808.0,100.94,215.3,92,5159.0,4.508,0.8,0.752,17.376,220.0,-220.0,0.001047,-0.002827,0.22319,-0.11858,6.05,-1.79,15.1345,17.327,17.011,16.628,15.654,15.166,14.894,-1,7.333641e-07
CANDIDATE,0,0,0,0,2.60721348,131.84671,0.0,0.6966,2.6856,3315.1,0.056273,0.58557,7.48,1545.0,1346.2,191.5,35,6357.0,4.37,1.217,1.267,14.103,21.4,-21.4,0.000115,-0.002937,0.74391,-0.01478,5.54,-1.02,14.516,14.062,13.925,13.902,13.132,12.885,12.835,-1,0.5691197
CANDIDATE,0,0,0,0,1.103978001,131.573418,0.0,25.0042,1.38578,96054.0,24.365004,731.16797,1112.16,818.0,105.8,209.5,563,3605.0,4.83,0.418,0.432,17.362,446.0,-446.0,2.394505,-10.07493,195.85895,-434.02032,199.5,-295.3,17.909,17.319,17.126,14.292,15.003,14.282,13.996,-1,5.4129366e-33
CANDIDATE,0,0,0,0,27.9614771,133.16458,0.0,1.4663,3.9419,6499.8,0.553894,0.52599,82.32,796.0,94.86,131.2,4,6770.0,4.249,1.361,1.204,14.069,57.2,-57.2,0.33768,-0.151148,0.07165,-0.05687,42.64,-15.06,14.358,14.027,13.946,13.923,13.07,12.826,12.787,-1,0.5691197
CANDIDATE,0,0,0,0,186.517042,169.646287,0.0,0.9609,3.1768,5828.1,0.10907,8.33378,35.61,452.0,9.82,152.9,5,5018.0,3.639,2.99,1.421,13.529,54.9,-54.9,0.030953,-0.021483,0.17958,-1.82541,16.74,-11.44,14.371,13.467,13.169,13.003,11.929,11.445,11.351,-1,0.5691197
CANDIDATE,0,0,0,0,197.1455277,300.177303,0.0,1.1972,2.1172,5716.0,0.292092,20.12804,61.72,498.0,14.53,42.1,6,7214.0,4.093,1.935,1.69,12.962,140.0,-140.0,0.285623,-0.168427,3.42561,-1.00172,44.65,-10.08,13.249,12.899,12.84,14.292,12.181,12.059,12.009,-1,0.5691197
CANDIDATE,0,0,0,0,23.870663,136.9579,0.0,1.3664,3.4935,6688.5,0.462061,0.66713,58.83,711.0,60.38,101.1,4,6022.0,4.308,1.166,1.007,14.219,73.9,-73.9,0.295827,-0.22902,0.12037,-0.04669,26.39,-9.53,14.683,14.17,14.02,13.961,13.076,12.753,12.707,-1,0.5691197
CANDIDATE,0,0,0,0,141.7340273,167.34605,0.0,14.6708,1.6346,8240.4,13.750893,989.59656,1650.26,380.0,4.93,122.1,8,5993.0,4.355,1.099,0.996,13.891,85.3,-85.3,0.113413,-6.585742,10.39404,-506.99817,666.7,-225.2,14.35,13.837,13.694,13.63,12.757,12.425,12.363,-1,0.5691197
CANDIDATE,0,0,0,0,0.890745321,131.884467,0.0,0.9109,1.8754,146110.0,0.526555,2.30972,57.5,1890.0,3015.62,285.6,699,5780.0,4.438,1.0,1.0,18.59,757.0,-757.0,0.231475,-0.112214,0.4319,-0.15225,0.0,0.0,19.388,18.565,18.246,14.292,13.284,12.882,12.79,-1,0.0
CANDIDATE,0,0,0,0,288.3130099,374.7994,0.0,0.5552,5.505,12823.0,0.106868,12.7978,11.26,269.0,1.24,100.6,5,5825.0,4.504,0.965,1.083,15.999,145.0,-145.0,0.005359,-0.003291,7.89434,-1.04343,4.53,-0.86,16.577,15.928,15.752,15.665,14.725,14.314,14.188,-1,0.5691197
CANDIDATE,0,0,0,0,56.69948268,146.144184,0.0,1.2818,7.4884,9747.1,0.412584,0.23867,704.51,1325.0,728.13,239.7,19,4831.0,2.488,15.637,2.744,11.356,55.4,-55.4,0.370783,-0.096223,0.04929,-0.01055,179.1,-380.9,12.283,11.286,10.958,10.73,9.602,8.998,8.886,-1,0.5691197
CANDIDATE,0,0,0,0,1.013777428,131.95732,0.0,1.3391,1.2961,38287.0,0.614232,3.18893,26.16,828.0,111.07,133.1,88,3644.0,4.872,0.39,0.412,16.758,440.0,-440.0,0.272824,-0.162098,0.52805,-0.44832,3.35,-3.35,18.273,16.865,16.109,15.692,14.425,13.817,13.557,-1,1.06440075e-08
CANDIDATE,0,0,0,0,290.1402448,307.250296,0.0,0.9177,2.1317,4805.0,0.07832,45.86089,6.53,245.0,0.85,82.8,5,5551.0,4.518,0.763,0.7,13.906,106.0,-106.0,0.014604,-0.007329,49.49797,-11.47315,3.35,-0.71,14.429,13.864,13.681,13.58,12.64,12.259,12.166,-1,0.5691197
CANDIDATE,0,0,0,0,4.8591993,132.6571,0.0,0.9288,3.8235,2451.6,0.055227,0.09773,6.99,1270.0,614.6,87.4,19,6517.0,4.382,1.159,1.181,14.113,41.3,-41.3,0.000791,-0.000927,0.00836,-0.01374,4.56,-0.78,14.463,14.074,13.963,13.929,13.108,12.916,12.906,-1,0.5691197
CANDIDATE,0,0,0,0,4.742556359,133.137472,0.0,0.9195,1.2438,3561.8,0.067512,3.33453,7.84,1166.0,437.15,74.1,243,6167.0,4.444,1.064,1.149,15.432,78.7,-78.7,0.000442,-0.009364,15.00586,-0.49658,4.19,-0.73,15.894,15.378,15.235,15.208,14.31,14.013,14.063,-1,0.5691197
CANDIDATE,0,0,0,0,202.117533,292.04898,0.0,0.8965,4.6168,2820.6,0.057855,3.06733,5.5,293.0,1.74,88.3,7,5817.0,4.544,0.87,0.965,13.922,38.9,-38.9,0.000729,-0.001053,0.39301,-0.47985,2.26,-0.43,14.399,13.864,13.718,13.653,12.769,12.446,12.382,-1,0.5691197
CANDIDATE,0,0,0,0,7.4413025,137.3474,0.0,1.3331,2.8439,2189.1,0.382244,0.13975,49.59,1140.0,399.01,63.4,12,6540.0,4.314,1.188,1.057,14.114,40.1,-40.1,0.334089,-0.266912,0.03276,-0.00744,22.91,-7.26,14.434,14.078,13.977,13.965,13.106,12.818,12.823,-1,0.5691197
CANDIDATE,0,0,0,0,21.51307173,132.46474,0.0,93.4041,3.1452,1191.3,92.429123,128.69711,48558.7,1173.0,448.25,68.5,31,5081.0,3.265,4.811,1.554,10.63,35.6,-35.6,7.458115,-69.87985,31.70941,-87.46088,23420.0,-18370.0,11.345,10.573,10.323,10.196,9.158,8.619,8.511,-1,9.4357224e-23
CANDIDATE,0,0,0,0,1.191049246,132.076234,0.0,8.795,1.3496,1582.6,7.826691,13.92909,592.29,1349.0,781.99,47.1,1124,5089.0,4.58,0.693,0.666,15.637,40.1,-40.1,1.035768,-5.054555,1.76213,-12.38128,100.0,-55.55,16.374,15.616,15.321,15.14,14.019,13.566,13.444,-1,0.5691197
CANDIDATE,0,0,0,0,0.546248176,131.585385,0.0,0.9037,2.0272,177340.0,0.584527,1.59556,63.83,2228.0,5820.72,281.6,1133,5780.0,4.438,1.0,1.0,18.55,756.0,-756.0,0.207925,-0.137582,0.38052,-0.17986,0.0,0.0,19.292,18.523,18.233,14.292,13.284,12.882,12.79,-1,0.0
CANDIDATE,0,0,0,0,1.811966641,132.27874,0.0,1.8093,3.7104,385.1,0.824335,0.047,301.38,2573.0,10360.38,55.4,744,5904.0,3.602,3.348,1.635,13.493,8.0,-8.0,0.530276,-0.712898,0.04771,-0.03184,136.2,-160.3,14.131,13.465,13.22,13.124,12.167,11.867,11.748,-1,0.0500346
CANDIDATE,0,0,0,0,8.870417153,137.480622,0.0,79.8876,1.2289,877.0,78.907173,481.10516,13045.6,1151.0,414.26,47.1,72,6022.0,4.027,1.514,0.888,13.579,24.6,-24.6,21.05759,-33.97884,132.14777,-395.80127,6325.0,-4360.0,14.18,13.529,13.321,14.292,12.309,12.015,11.954,-1,0.00028685626
CANDIDATE,0,0,0,0,15.3573379,132.60199,0.0,73.9602,2.236,126.4,72.96579,54.63458,7983.8,766.0,81.2,11.8,70,5900.0,4.379,1.002,0.876,12.72,15.6,-15.6,27.03086,-13.05835,27.00795,-54.3652,2852.0,-1187.0,13.157,12.668,12.532,12.459,11.622,11.324,11.263,-1,0.08560501
CANDIDATE,0,0,0,0,1.803701324,131.51123,0.0,0.3466,1.5146,75.3,0.008102,3.74592,1.03,1782.0,2385.75,27.8,740,6438.0,4.33,1.166,1.054,10.762,3.2,-3.2,0.000216,-0.000268,1.39113,-0.80743,0.55,-0.14,11.082,10.759,14.368,14.292,9.792,9.579,9.549,-1,0.5691197
CANDIDATE,0,0,0,0,5.56650633,133.03225,0.0,0.8132,8.911,598.7,0.025326,0.01837,34.67,2663.0,11894.76,122.3,243,4781.0,2.562,12.536,2.088,9.837,6.9,-6.9,8.2e-05,-0.002918,0.04495,-0.00548,6.09,-10.86,10.706,9.782,9.465,9.288,8.159,7.638,7.475,-1,0.026648436
CANDIDATE,0,0,0,0,152.8277,197.41219,0.0,0.166,22.146,1939.3,0.039328,0.12819,32.24,734.0,68.47,93.3,9,4991.0,2.933,7.506,1.761,13.226,37.1,-37.1,0.00089,-0.00061,0.00959,-0.02391,3.4,-7.51,14.069,13.188,12.865,12.677,11.575,10.998,10.889,-1,0.5691197
CANDIDATE,0,0,0,0,47.1098136,144.12873,0.0,97.0946,5.876,653.8,96.11116,26.91737,29177.0,751.0,75.4,39.9,29,5258.0,3.597,2.78,1.115,13.731,21.3,-21.3,3.880394,-32.75438,0.29326,-18.3936,15190.0,-7903.0,14.455,13.707,13.421,13.266,12.295,11.761,11.668,-1,1.69822e-12
CANDIDATE,0,0,0,0,28.643308,141.23221,0.0,1.9375,1.33,611.8,0.956654,2.10145,166.0,829.0,111.84,15.8,46,6498.0,4.081,1.589,1.11,12.642,65.6,-65.6,0.043162,-0.652769,1.67023,-1.6252,76.57,-47.64,12.966,12.604,12.504,12.472,11.519,11.264,11.178,-1,0.5691197
CANDIDATE,0,0,0,0,247.860005,133.9512,0.0,0.9173,19.474,1037.0,0.035269,0.03133,3.55,305.0,2.06,35.9,6,6351.0,4.513,0.921,1.008,14.948,37.4,-37.4,0.001833,-0.005173,0.32737,-0.01378,1.39,-0.3,15.329,14.915,14.784,14.732,13.883,13.608,13.596,-1,0.5691197
CANDIDATE,0,0,0,0,0.582895567,131.620981,0.0,0.0957,0.7706,602.7,0.022919,11.52312,2.53,2345.0,7152.6,86.5,2295,6263.0,4.46,1.009,1.068,14.972,9.7,-9.7,0.000582,-0.000354,0.28964,-4.63371,0.99,-0.25,15.371,14.914,14.8,14.747,13.86,13.517,13.462,-1,0.0855451
CANDIDATE,0,0,0,0,158.3223602,251.75243,0.0,1.7469,2.331,5288.0,0.823594,15.11751,51.44,211.0,0.47,32.1,6,4340.0,4.67,0.572,0.557,15.557,233.0,-233.0,0.176132,-0.459851,1.04345,-4.35557,4.32,-5.21,16.609,15.475,15.106,14.818,13.723,13.179,12.99,-1,0.5691197
CANDIDATE,0,0,0,0,141.6088561,190.27276,0.0,0.2227,7.506,1228.6,0.031305,2.8838,2.89,290.0,1.68,42.7,10,5083.0,4.512,0.844,0.844,13.336,35.3,-35.3,0.001048,-0.000732,0.30537,-0.84082,0.68,-0.23,14.063,13.257,13.025,12.909,11.882,11.457,11.289,-1,0.5691197
CANDIDATE,0,0,0,0,6.63431777,134.070388,0.0,0.4711,9.97,507.1,0.023196,1.0851,2.41,941.0,185.17,33.5,165,5806.0,4.466,0.962,0.965,12.842,19.3,-19.3,0.000832,-0.000914,0.22037,-0.18209,0.88,-0.26,13.154,12.794,12.709,12.673,11.879,11.666,11.609,-1,0.5691197
CANDIDATE,0,0,0,0,1.570590666,131.531,0.0,0.0778,0.571,235.7,0.014528,73.68995,1.1,1347.0,779.25,16.9,678,5565.0,4.576,0.693,0.66,13.14,21.6,-21.6,0.003014,-0.00076,123.00417,-69.82858,1.57,-0.09,13.647,13.115,12.922,12.83,11.901,11.503,11.409,-1,0.5691197
CANDIDATE,0,0,0,0,11.492897,133.3012,0.0,1.3482,7.891,298.9,0.362752,0.00248,39.97,860.0,129.57,19.9,116,6208.0,4.462,1.009,1.072,15.472,21.1,-21.1,0.237789,-0.342774,0.00154,-0.00037,16.6,-3.84,15.932,15.433,15.275,15.201,14.319,13.965,13.978,-1,0.5691197
CANDIDATE,0,0,0,0,77.79068,190.1709,0.0,0.0794,5.285,261.4,0.014833,4.60259,1.78,473.0,11.81,8.0,18,6210.0,4.4,1.1,1.106,15.245,45.1,-45.1,0.001747,-0.001187,1.54444,-4.48057,0.95,-0.19,15.665,15.189,15.065,15.024,14.122,13.829,13.751,-1,0.5691197
CANDIDATE,0,0,0,0,7.23532906,133.12065,0.0,0.2042,3.207,107.3,0.00966,1.79269,2.04,1531.0,1298.7,18.1,182,7232.0,4.043,1.937,1.509,13.166,6.4,-6.4,0.000343,-0.000405,0.35367,-0.57483,1.03,-0.51,12.924,13.247,12.513,12.747,11.797,11.538,11.487,-1,0.5691197
CANDIDATE,0,0,0,0,4.93209467,132.45034,0.0,0.26,3.4,67.7,0.007686,0.98174,1.63,1740.0,2167.4,13.9,262,7232.0,4.043,1.937,1.509,13.166,5.2,-5.2,0.000279,-0.000454,0.16414,-0.42862,0.81,-0.41,12.924,13.247,12.513,12.747,11.797,11.538,11.487,-1,0.5691197
CANDIDATE,0,0,0,0,7.23522108,135.2332,0.0,0.4762,2.631,51.7,0.006679,2.34263,0.78,948.0,191.14,15.5,138,5574.0,4.354,1.065,0.933,12.639,4.5,-4.5,0.000273,-0.000418,1.64657,-0.62154,0.12,-0.09,13.122,12.586,12.432,12.373,11.421,11.034,10.989,-1,0.5691197
CANDIDATE,0,0,0,0,11.6089854,142.73441,0.0,98.0414,1.705,191.2,97.048454,216.76669,14805.0,1024.0,259.86,8.7,81,6602.0,4.302,1.397,1.425,13.487,24.5,-24.5,2.950157,-30.38477,46.06009,-153.51102,8044.0,-2628.0,13.788,13.406,13.358,13.381,12.538,12.327,12.291,-1,8.283606e-05
CANDIDATE,0,0,0,0,8.8110622,136.4579,0.0,1.4045,4.819,24831.0,0.574988,0.2482,62.79,881.0,142.58,24.1,52,5780.0,4.438,1.0,1.0,18.533,1159.0,-1159.0,0.252269,-0.330534,0.05955,-0.04455,0.0,0.0,18.69,18.477,18.465,14.292,13.284,12.882,12.79,-1,0.5691197
CANDIDATE,0,0,0,0,215.959931,271.3492,0.0,0.941,9.5,359.2,0.021367,0.13306,3.14,387.0,5.29,27.2,7,6532.0,4.255,1.344,1.185,12.853,17.0,-17.0,4.1e-05,-0.004068,2.69388,-0.05895,1.81,-0.59,13.167,12.812,12.718,12.692,11.91,11.672,11.625,-1,0.5691197
CANDIDATE,0,0,0,0,225.262123,224.9902,0.0,0.4545,14.591,460.9,0.020098,0.46585,1.96,296.0,1.82,27.3,7,5984.0,4.508,0.892,0.937,13.841,17.7,-17.7,0.000252,-0.000967,0.21807,-0.09169,0.8,-0.18,14.278,13.789,13.653,13.589,12.664,12.346,12.295,-1,0.5691197
CANDIDATE,0,0,0,0,10.72900793,134.68026,0.0,0.2652,0.696,404.3,0.018606,255.31165,1.78,722.0,64.33,10.1,126,5375.0,4.541,0.876,0.972,15.188,55.5,-55.5,0.00404,-0.000738,360.38794,-176.38976,0.6,-0.12,15.855,15.093,14.901,14.766,13.791,13.372,13.271,-1,0.5691197
CANDIDATE,0,0,0,0,8.1961838,135.10054,0.0,0.2293,1.828,192.4,0.012513,10.86595,1.2,790.0,92.08,9.1,161,5375.0,4.541,0.876,0.972,15.188,26.6,-26.6,0.000826,-0.001298,0.67397,-10.53408,0.4,-0.08,15.855,15.093,14.901,14.766,13.791,13.372,13.271,-1,0.5691197
CANDIDATE,0,0,0,0,4.44905545,131.7496,0.0,0.4837,1.739,91.6,0.0088,4.96677,0.6,708.0,59.42,12.9,223,4358.0,4.662,0.62,0.643,13.435,8.4,-8.4,0.000436,-0.000632,4.64275,-1.18388,0.05,-0.06,14.531,13.374,12.965,12.733,11.614,10.958,10.841,-1,0.5691197
CANDIDATE,0,0,0,0,1.121732561,131.56874,0.0,0.1274,0.95,88.8,0.008494,11.12072,2.38,2384.0,7641.15,15.7,1191,5023.0,3.682,2.571,1.157,13.875,7.9,-7.9,0.000713,-0.000321,2.0853,-6.47366,1.33,-0.65,14.694,13.833,13.524,13.374,12.453,11.904,11.785,-1,0.07308632
CANDIDATE,0,0,0,0,14.2372486,140.4759,0.0,0.0106,2.631,198.2,0.012755,6.84707,0.94,591.0,28.76,7.4,94,5220.0,4.631,0.677,0.714,14.838,30.8,-30.8,0.001223,-0.001097,2.44912,-4.59572,0.16,-0.07,15.485,14.8,14.561,14.413,13.504,13.005,12.881,-1,0.5691197
CANDIDATE,0,0,0,0,0.655937713,132.10204,0.0,0.386,1.2768,76.6,0.007985,2.25308,1.53,2411.0,7986.43,18.4,2036,4968.0,3.924,1.755,0.944,14.511,4.9,-4.9,0.000281,-0.000481,0.9186,-0.74731,1.15,-0.85,15.351,14.443,14.151,13.964,12.952,12.423,12.369,-1,0.022105917
CANDIDATE,0,0,0,0,0.783258387,131.74358,0.0,0.2514,2.2926,328.5,0.016344,0.57132,1.28,1559.0,1395.69,28.5,1447,5067.0,4.565,0.715,0.686,15.729,14.6,-14.6,0.000756,-0.000487,0.10064,-0.1778,0.3,-0.13,16.495,15.693,15.401,15.273,14.206,13.658,13.565,-1,0.5691197
CANDIDATE,0,0,0,0,110.458419,147.5584,0.0,0.0701,12.365,316.7,0.016384,0.51378,1.84,414.0,6.96,17.1,12,6297.0,4.448,1.031,1.084,15.092,25.9,-25.9,0.000931,-0.000717,0.07541,-0.20001,0.96,-0.15,15.475,15.037,14.927,14.864,14.013,13.69,13.644,-1,0.5691197
CANDIDATE,0,0,0,0,44.623031,137.9316,0.0,0.9028,12.52,130.8,0.012378,0.0186,1.67,613.0,33.39,21.2,28,6198.0,4.252,1.239,0.998,13.519,7.7,-7.7,0.001033,-0.001845,0.17545,-0.01333,0.78,-0.31,13.934,13.48,13.341,13.283,12.407,12.165,12.098,-1,0.5691197
CANDIDATE,0,0,0,0,2.43142974,133.83385,0.0,0.2234,2.713,146.6,0.011101,0.99681,1.17,1378.0,852.0,10.7,554,5750.0,4.364,0.965,0.785,14.539,16.8,-16.8,0.00055,-0.001007,0.25067,-0.58738,0.49,-0.21,15.082,14.506,14.307,14.198,13.203,12.852,12.779,-1,0.5691197
CANDIDATE,0,0,0,0,2.31482215,133.05003,0.0,0.002,2.181,65.0,0.0072,1.93631,0.73,1238.0,554.4,16.5,578,5240.0,4.428,0.923,0.833,13.506,4.9,-4.9,0.00036,-0.000391,0.41075,-0.87153,0.4,-0.09,14.17,13.423,13.221,13.103,12.046,11.628,11.58,-1,0.5691197
CANDIDATE,0,0,0,0,2.41749255,133.80986,0.0,0.1075,4.267,66.1,0.007404,0.27115,0.69,1264.0,602.92,15.4,559,5770.0,4.552,0.853,0.943,13.955,4.6,-4.6,0.000354,-0.000349,0.01103,-0.13516,0.29,-0.05,14.437,13.901,13.749,13.699,12.812,12.473,12.416,-1,0.5691197
CANDIDATE,0,0,0,0,4.03358484,134.2304,0.0,0.6638,5.651,66.9,0.0079,0.08685,0.74,1065.0,304.33,14.8,279,5770.0,4.552,0.853,0.943,13.955,5.2,-5.2,0.001756,-0.000543,0.10833,-0.07579,0.31,-0.06,14.437,13.901,13.749,13.699,12.812,12.473,12.416,-1,0.5691197
CANDIDATE,0,0,0,0,0.975309246,132.16872,0.0,0.0288,1.0911,120.2,0.010091,6.58958,1.13,1932.0,3292.75,17.6,1368,6096.0,4.455,1.022,1.088,14.374,8.4,-8.4,0.000418,-0.0005,1.59316,-3.09081,0.53,-0.11,14.833,14.326,14.177,14.123,13.313,13.001,12.969,-1,0.5691197
CANDIDATE,0,0,0,0,3.25428479,133.502,0.0,0.466,5.413,82.2,0.008422,0.12917,0.81,1136.0,393.34,16.8,411,5618.0,4.515,0.878,0.92,14.359,5.8,-5.8,0.000297,-0.000471,0.07238,-0.02051,0.33,-0.07,14.899,14.273,14.128,13.986,13.107,12.718,12.604,-1,0.5691197
CANDIDATE,0,0,0,0,9.54698999,140.16289,0.0,0.0059,4.844,162.8,0.011685,0.73506,1.61,1005.0,241.56,18.4,111,6271.0,4.34,1.259,1.266,14.718,8.0,-8.0,0.002145,-0.000702,0.03854,-0.32882,1.15,-0.25,14.718,14.536,14.121,14.082,13.257,13.01,12.942,-1,0.5691197
CANDIDATE,0,0,0,0,14.7087355,133.84986,0.0,0.0646,4.996,166.3,0.011815,1.02521,1.62,871.0,135.8,12.0,68,6271.0,4.34,1.259,1.266,14.718,11.9,-11.9,0.000491,-0.000592,0.09021,-0.47613,1.17,-0.24,14.718,14.536,14.121,14.082,13.257,13.01,12.942,-1,0.5691197
CANDIDATE,0,0,0,0,5.2157634,133.4016613,0.0,0.4711,1.19,507.1,0.023196,1.0851,2.41,941.0,185.17,33.5,246,5806.0,4.466,0.962,0.965,12.692,19.3,-19.3,0.000832,-0.000914,0.22037,-0.18209,0.88,-0.26,12.965,12.624,12.575,12.576,11.727,11.527,11.473,-1,0.5691197
CANDIDATE,0,0,0,0,1.227986053,131.84494,0.0,0.6901,1.579,146.1,0.011807,1.12006,1.2,1672.0,1846.47,14.7,1091,5746.0,4.435,0.931,0.861,14.966,13.2,-13.2,0.002747,-0.000788,2.48903,-0.13776,0.48,-0.15,15.527,14.923,14.725,14.618,13.661,13.309,13.187,-1,0.5691197
CANDIDATE,0,0,0,0,7.01607534,133.95048,0.0,0.3349,3.584,178.5,0.012476,1.12439,1.54,1135.0,392.83,15.8,152,6640.0,4.393,1.13,1.149,14.404,13.3,-13.3,0.000556,-0.000608,0.36836,-0.33815,0.65,-0.17,14.709,14.352,14.273,14.241,13.455,13.152,13.103,-1,0.5691197
CANDIDATE,0,0,0,0,32.0272064,150.6372,0.0,0.0902,5.851,181.8,0.012185,1.38193,1.13,515.0,16.64,9.7,40,5576.0,4.556,0.852,0.953,15.004,21.3,-21.3,0.000819,-0.000908,0.58654,-0.61385,0.39,-0.08,15.557,14.931,14.767,14.679,13.711,13.361,13.283,-1,0.5691197
CANDIDATE,0,0,0,0,94.176898,200.3056,0.0,0.9348,7.097,1060.4,0.036172,0.19862,4.33,493.0,14.0,14.4,14,6935.0,4.409,1.096,1.124,14.848,85.7,-85.7,0.002328,-0.006055,4.26344,-0.02099,1.61,-0.34,15.038,14.785,14.746,14.745,13.983,13.75,13.711,-1,0.5691197
CANDIDATE,0,0,0,0,1.166960278,131.64225,0.0,0.2111,1.5907,101.6,0.009264,2.39361,0.9,1673.0,1852.0,17.2,1150,5912.0,4.532,0.889,0.98,14.391,6.8,-6.8,0.000433,-0.000344,0.43959,-0.99945,0.38,-0.07,14.883,14.351,14.181,14.128,13.251,12.922,12.816,-1,0.5691197
CANDIDATE,0,0,0,0,0.701942527,132.00242,0.0,0.0158,0.6849,210.1,0.013209,19.31914,0.77,1224.0,531.34,19.6,1905,4239.0,4.701,0.536,0.526,15.397,16.7,-16.7,0.001359,-0.000606,3.30663,-8.91463,0.07,-0.08,16.615,15.346,14.875,14.584,13.411,12.789,12.664,-1,0.5691197
CANDIDATE,0,0,0,0,3.05771573,133.07151,0.0,0.1018,1.868,364.6,0.01671,4.11009,1.33,879.0,141.1,14.2,421,4483.0,4.57,0.731,0.723,15.745,30.9,-30.9,0.00112,-0.000863,0.38471,-2.15727,0.06,-0.1,16.873,15.73,15.262,14.949,13.785,13.161,13.039,-1,0.5691197
CANDIDATE,0,0,0,0,9.9090878,133.1013,0.0,0.1,2.407,1223.0,0.03168,6.49024,2.48,702.0,57.45,7.0,115,5396.0,4.607,0.717,0.758,15.96,298.0,-298.0,0.004743,-0.004269,5.83599,-5.47698,0.65,-0.19,16.623,15.927,15.676,15.521,14.497,14.117,13.993,-1,0.5691197
CANDIDATE,0,0,0,0,10.0989652,132.3299,0.0,0.4244,3.019,92.2,0.008966,2.37824,1.06,934.0,180.08,8.8,121,6185.0,4.383,1.087,1.038,13.96,11.7,-11.7,0.000489,-0.000811,1.49438,-0.81743,0.54,-0.12,14.382,13.91,13.779,13.707,12.888,12.604,12.59,-1,0.5691197
CANDIDATE,0,0,0,0,49.5644652,170.7005,0.0,0.4921,8.439,127.0,0.010504,0.4784,1.71,597.0,30.06,16.1,26,5818.0,4.145,1.491,1.131,12.83,9.3,-9.3,0.000323,-0.000617,0.42364,-0.0364,0.46,-0.29,13.373,12.766,12.597,12.51,11.618,11.317,11.197,-1,0.5691197
CANDIDATE,0,0,0,0,66.6430747,170.08516,0.0,0.9802,2.431,267.4,0.020258,0.88945,3.15,589.0,28.51,16.8,21,6609.0,4.234,1.422,1.268,13.224,19.6,-19.6,0.000417,-0.004687,16.98083,-0.55796,1.82,-0.63,13.498,13.168,13.107,13.09,12.29,12.105,12.055,-1,0.5691197
CANDIDATE,0,0,0,0,145.786506,215.04933,0.0,0.0782,4.681,421.4,0.018735,12.56052,2.03,353.0,3.68,15.6,10,6014.0,4.486,0.993,1.101,14.41,30.2,-30.2,0.000861,-0.000824,0.8366,-5.80747,0.96,-0.17,14.863,14.327,14.215,14.138,13.296,12.916,12.897,-1,0.5691197
CANDIDATE,0,0,0,0,24.668553,136.6277,0.0,0.8082,8.207,130.1,0.01161,0.08526,1.94,780.0,87.47,15.9,53,6028.0,4.158,1.528,1.23,13.572,9.1,-9.1,0.001494,-0.001215,0.33396,-0.01485,0.54,-0.36,13.962,13.515,13.405,13.369,12.449,12.197,12.159,-1,0.5691197
CANDIDATE,0,0,0,0,6.23968215,133.72037,0.0,0.1966,0.421,182.5,0.014285,693.66724,1.78,1061.0,299.03,13.7,215,5751.0,4.303,1.143,0.956,13.795,19.1,-19.1,0.000832,-0.002292,0.67709,-605.88129,0.63,-0.31,14.309,13.734,13.575,13.504,12.552,12.241,12.123,-1,0.5691197
CANDIDATE,0,0,0,0,173.2578372,194.4584,0.0,1.9038,2.027,687.0,0.924361,3.88636,117.29,376.0,4.73,13.5,8,6392.0,4.399,1.162,1.232,14.201,70.1,-70.1,0.021847,-0.684393,1.5371,-3.11078,72.68,-13.22,14.547,14.151,14.053,14.051,13.236,13.007,12.908,-1,0.5691197
CANDIDATE,0,0,0,0,17.3732501,138.28242,0.0,0.4506,3.539,71.2,0.007885,2.42452,0.97,782.0,88.4,14.5,75,6122.0,4.364,1.127,1.065,12.677,6.0,-6.0,0.000286,-0.000508,1.62847,-0.8559,0.17,-0.08,13.036,12.648,12.523,12.474,11.659,11.377,11.311,-1,0.5691197
CANDIDATE,0,0,0,0,1.975074,132.35295,0.0,0.1024,2.742,131.1,0.010503,0.83504,1.09,1476.0,1122.82,14.0,568,6065.0,4.495,0.947,1.022,15.276,12.0,-12.0,0.000935,-0.000289,0.33278,-0.40185,0.44,-0.11,15.779,15.236,15.061,14.965,14.051,13.774,13.74,-1,0.5691197
CANDIDATE,0,0,0,0,13.12307232,136.0819,0.0,0.3949,2.223,39.8,0.005896,7.97694,0.98,1014.0,250.07,12.9,104,6344.0,4.152,1.517,1.194,11.265,3.6,-3.6,0.000262,-0.000376,4.15518,-2.81865,0.52,-0.27,11.57,11.216,11.134,11.139,10.314,10.115,10.044,-1,0.5691197
CANDIDATE,0,0,0,0,9.6184,138.34101,0.0,0.4121,4.064,24.0,0.004575,0.93171,0.76,1125.0,378.36,11.5,137,6344.0,4.152,1.517,1.194,11.265,2.4,-2.4,0.000266,-0.000269,0.60731,-0.20439,0.4,-0.21,11.57,11.216,11.134,11.139,10.314,10.115,10.044,-1,0.5691197
CANDIDATE,0,0,0,0,9.0874933,139.9842,0.0,0.2186,3.579,37.5,0.005612,1.58356,0.75,988.0,225.01,14.3,139,5989.0,4.295,1.219,1.07,12.4,3.4,-3.4,0.000382,-0.000223,0.4164,-0.67262,0.13,-0.1,12.759,12.341,12.246,12.234,11.331,11.106,11.025,-1,0.5691197
CANDIDATE,0,0,0,0,2.49384426,133.1528,0.0,0.0241,1.444,50.7,0.006555,7.14425,0.8,1514.0,1240.55,12.0,538,6171.0,4.343,1.113,0.995,13.03,5.0,-5.0,0.000393,-0.000391,1.33911,-3.60902,0.34,-0.11,13.404,12.977,12.87,12.84,11.901,11.59,11.559,-1,0.5691197
CANDIDATE,0,0,0,0,6.3190932,134.15443,0.0,0.3081,3.567,36.1,0.005572,1.03367,1.28,1498.0,1190.95,10.2,208,6245.0,3.871,2.106,1.201,13.096,4.1,-4.1,0.000374,-0.000366,0.34826,-0.42846,0.39,-0.55,13.528,13.065,12.911,12.848,11.964,11.713,11.643,-1,0.5691197
CANDIDATE,0,0,0,0,5.53311602,132.16501,0.0,0.1573,3.581,52.2,0.006683,1.00254,0.89,1277.0,628.59,13.1,241,6529.0,4.281,1.215,1.027,13.591,5.2,-5.2,0.00057,-0.000198,0.46249,-0.54073,0.35,-0.15,13.917,13.554,13.451,13.409,12.588,12.365,12.336,-1,0.5691197
CANDIDATE,0,0,0,0,160.850816,144.5,0.0,0.8163,9.611,470.5,0.022117,0.35578,2.35,356.0,3.8,15.8,7,6175.0,4.44,0.974,0.952,14.218,32.9,-32.9,0.003408,-0.002482,1.29518,-0.26875,0.9,-0.26,14.644,14.181,14.035,13.965,13.093,12.819,12.767,-1,0.5691197
CANDIDATE,0,0,0,0,11.49584232,139.38348,0.0,0.0554,2.378,114.9,0.009868,7.39082,1.62,1057.0,295.46,10.5,118,6290.0,4.133,1.506,1.123,13.582,10.2,-10.2,0.000551,-0.000498,0.36679,-3.94348,0.86,-0.44,14.007,13.548,13.4,13.353,12.481,12.221,12.136,-1,0.5691197
CANDIDATE,0,0,0,0,0.609926492,131.80245,0.0,0.2172,1.2219,151.6,0.011332,2.82645,1.19,2143.0,4990.14,15.4,2131,5936.0,4.501,0.965,1.075,15.682,12.9,-12.9,0.000781,-0.000429,0.62476,-1.37762,0.52,-0.1,16.207,15.62,15.457,15.382,14.397,14.107,14.076,-1,0.16895801
CANDIDATE,0,0,0,0,17.8010465,134.37028,0.0,0.1257,6.316,48.1,0.0064,0.59395,0.71,763.0,80.32,15.7,74,6338.0,4.448,1.009,1.037,12.018,3.5,-3.5,0.000313,-0.000274,0.07955,-0.22452,0.31,-0.07,12.312,11.964,11.892,11.878,11.128,10.83,10.806,-1,0.5691197
CANDIDATE,0,0,0,0,1.717852505,132.92891,0.0,0.0509,0.9596,64.7,0.007493,16.75096,1.34,2153.0,5081.68,14.6,780,6674.0,4.121,1.637,1.299,13.228,5.7,-5.7,0.000471,-0.000345,3.00233,-7.98259,0.71,-0.35,13.771,13.179,12.995,14.292,12.183,12.002,11.938,-1,0.5691197
CANDIDATE,0,0,0,0,2.44233017,133.53453,0.0,0.3548,1.89,248.9,0.014263,2.6379,1.15,1029.0,264.82,14.4,544,4849.0,4.561,0.738,0.723,15.849,20.8,-20.8,0.00081,-0.000833,0.79882,-1.16046,0.12,-0.11,16.698,15.773,15.486,15.25,14.248,13.655,13.618,-1,0.5691197
CANDIDATE,0,0,0,0,10.7782947,136.6155,0.0,0.172,5.387,101.0,0.009322,0.5735,1.29,1072.0,312.55,14.6,125,6734.0,4.256,1.268,1.057,13.264,8.2,-8.2,0.000509,-0.000416,0.0658,-0.27999,0.51,-0.22,13.678,13.207,13.087,14.292,12.268,12.114,12.032,-1,0.5691197
CANDIDATE,0,0,0,0,4.32709859,133.4096,0.0,1.2797,1.416,111.6,0.288264,0.05067,45.8,1397.0,900.23,14.3,311,5776.0,4.018,1.455,0.804,13.404,11.0,-11.0,0.354413,-0.275603,0.05225,-0.02592,27.23,-18.04,13.9,13.366,13.191,13.052,12.079,11.718,11.637,-1,0.5691197
CANDIDATE,0,0,0,0,6.39276793,135.60517,0.0,0.2578,2.158,190.6,0.01252,5.04596,1.35,942.0,185.83,12.0,209,5467.0,4.397,0.991,0.893,14.93,19.9,-19.9,0.000884,-0.000685,1.85447,-2.20569,0.5,-0.18,15.545,14.852,14.666,14.54,13.574,13.151,13.083,-1,0.5691197
CANDIDATE,0,0,0,0,17.807084,146.8847,0.0,0.9285,1.976,1842.0,0.048125,2.23987,5.16,742.0,71.56,11.8,8,6194.0,4.45,0.981,0.988,15.574,162.0,-162.0,0.005329,-0.009941,35.71651,-1.16288,2.07,-0.56,16.064,15.551,15.364,15.293,14.362,14.035,14.005,-1,0.5691197
CANDIDATE,0,0,0,0,0.681180374,131.63518,0.0,0.1438,0.998,167.2,0.011757,5.92039,0.89,1621.0,1633.5,16.4,1962,5081.0,4.578,0.696,0.668,15.069,13.4,-13.4,0.000959,-0.000376,1.79172,-3.25479,1.98,-0.08,15.804,15.032,14.754,14.544,13.505,13.028,12.97,-1,0.5691197
CANDIDATE,0,0,0,0,106.953557,225.0007,0.0,0.6206,6.897,674.4,0.024889,1.49227,2.63,394.0,5.7,12.6,12,6075.0,4.486,0.969,1.048,15.716,66.5,-66.5,0.000807,-0.002101,2.61467,-0.04758,1.06,-0.24,16.197,15.662,15.51,15.444,14.473,14.128,14.022,-1,0.5691197
CANDIDATE,0,0,0,0,0.6289993,131.55816,0.0,0.5054,1.546,17.9,0.004012,1.03804,0.79,3164.0,23690.77,13.7,2127,6734.0,4.057,1.804,1.356,11.283,1.8,-1.8,0.00022,-0.000251,1.27288,-0.14934,0.37,-0.23,11.499,11.211,11.178,11.193,10.413,10.245,10.206,-1,1.6844022e-05
CANDIDATE,0,0,0,0,75.8781266,194.67817,0.0,0.4495,1.347,1199.0,0.032239,210.28986,3.42,417.0,7.18,12.9,17,5579.0,4.413,0.972,0.893,15.183,132.0,-132.0,0.001876,-0.002256,198.87157,-91.88145,1.3,-0.42,15.771,15.131,14.93,14.877,13.873,13.438,13.365,-1,0.5691197
CANDIDATE,0,0,0,0,18.2220645,553.06643,0.0,94.2664,2.058,3003.0,93.311729,598.36133,9761.68,620.0,34.99,18.2,19,5162.0,4.411,0.958,0.862,16.084,203.0,-203.0,6.668411,-30.46222,4.28775,-443.952,6735.0,-1396.0,16.956,15.977,15.711,15.566,14.595,14.105,13.943,-1,0.00904736
CANDIDATE,0,0,0,0,0.762950944,131.91672,0.0,0.419,0.972,218.8,0.013794,5.63736,1.12,1665.0,1816.18,16.0,1481,5377.0,4.588,0.744,0.781,15.556,19.1,-19.1,0.000433,-0.001143,1.92331,-3.0459,0.35,-0.09,16.184,15.51,15.287,15.161,14.226,13.824,13.732,-1,0.5691197
CANDIDATE,0,0,0,0,170.994068,163.96952,0.0,0.7143,3.504,526.3,0.022518,13.12818,2.34,346.0,3.39,14.3,9,6263.0,4.489,0.953,1.02,13.985,43.8,-43.8,5.6e-05,-0.002621,8.11023,-8.6494,0.74,-0.21,14.342,13.94,13.832,13.802,12.98,12.731,12.687,-1,0.5691197
CANDIDATE,0,0,0,0,39.2820405,139.9224,0.0,1.241,3.344,157.5,0.251528,0.03806,58.67,823.0,108.22,6.9,21,6143.0,3.81,2.136,1.074,13.046,22.1,-22.1,0.376812,-0.236875,0.07123,-0.02626,20.57,-27.39,13.506,13.034,12.849,12.759,11.928,11.611,11.544,-1,0.5691197
CANDIDATE,0,0,0,0,3.70385711,132.69736,0.0,0.0102,1.35,137.7,0.010653,13.11377,0.9,1016.0,252.2,12.8,286,5505.0,4.586,0.776,0.848,14.108,12.6,-12.6,0.000591,-0.00072,2.19248,-7.2573,0.28,-0.06,14.647,14.049,13.877,13.792,12.856,12.501,12.461,-1,0.5691197
CANDIDATE,0,0,0,0,19.8751308,148.3886,0.0,0.2343,7.667,103.2,0.009399,0.35254,2.86,1166.0,436.91,15.6,68,6423.0,3.724,2.786,1.502,13.543,8.1,-8.1,0.000437,-0.000452,0.07382,-0.11511,0.65,-1.25,14.009,13.515,13.344,13.265,12.385,12.193,12.1,-1,0.5691197
CANDIDATE,0,0,0,0,5.78166672,136.76443,0.0,0.3354,2.438,55.7,0.006947,2.88694,1.43,1474.0,1117.19,12.1,229,6443.0,4.023,1.884,1.371,13.384,5.8,-5.8,0.000525,-0.000293,1.96898,-1.05012,0.61,-0.5,13.68,13.323,13.257,14.292,12.068,11.814,11.752,-1,0.5691197
CANDIDATE,0,0,0,0,2.58396094,131.7972,0.0,0.2542,2.324,50.2,0.006539,1.61673,0.78,1470.0,1103.3,7.6,498,6164.0,4.378,1.09,1.032,13.874,7.3,-7.3,0.000629,-0.000455,0.79161,-1.01558,0.38,-0.09,14.268,13.793,13.705,13.598,12.734,12.444,12.42,-1,0.5691197
CANDIDATE,0,0,0,0,17.3693373,136.628,0.0,0.2697,3.631,436.0,0.018842,2.90358,1.7,594.0,29.48,9.1,62,5303.0,4.571,0.828,0.929,15.825,55.0,-55.0,0.001517,-0.001255,1.17523,-2.79193,0.53,-0.11,16.549,15.756,15.514,15.397,14.351,13.903,13.896,-1,0.5691197
CANDIDATE,0,0,0,0,16.3368149,132.21247,0.0,0.6612,3.643,237.3,0.014854,1.30265,1.39,642.0,40.22,11.5,81,5410.0,4.49,0.859,0.834,15.05,23.7,-23.7,0.000113,-0.0016,1.81723,-1.23393,0.65,-0.17,15.701,14.947,14.771,14.942,13.798,13.545,13.415,-1,0.5691197
CANDIDATE,0,0,0,0,1.636689474,131.64488,0.0,0.0352,1.353,980.1,0.028291,6.08544,11.55,2560.0,10160.3,12.2,164,5234.0,3.436,3.739,1.39,16.494,95.3,-95.3,0.002397,-0.001021,1.73044,-3.37738,5.43,-3.55,17.45,16.493,16.084,15.804,14.685,14.122,13.94,-1,0.100113176
CANDIDATE,0,0,0,0,49.475085,166.1299,0.0,0.7097,10.405,265.2,0.015946,0.14251,1.6,494.0,14.12,17.2,28,5952.0,4.487,0.917,0.943,14.955,20.3,-20.3,0.003002,-0.001178,0.26285,-0.11886,0.64,-0.16,15.442,14.903,14.747,14.643,13.708,13.327,13.294,-1,0.5691197
CANDIDATE,0,0,0,0,1.62887445,132.34129,0.0,0.1254,1.738,142.0,0.010761,2.66606,0.95,1327.0,733.67,11.8,824,5398.0,4.571,0.811,0.896,15.295,14.4,-14.4,0.000861,-0.000535,0.72994,-1.35481,0.35,-0.07,15.954,15.236,15.013,14.903,13.916,13.459,13.416,-1,0.5691197
CANDIDATE,0,0,0,0,1.920056566,131.72734,0.0,0.0641,1.392,329.8,0.016375,6.29373,1.33,1186.0,467.41,13.3,702,5243.0,4.608,0.744,0.829,15.686,26.4,-26.4,0.000458,-0.001428,5.4098,-3.26534,0.26,-0.1,16.353,15.64,15.401,15.282,14.224,13.823,13.742,-1,0.5691197
CANDIDATE,0,0,0,0,7.34226119,131.55116,0.0,0.0412,1.907,368.6,0.017371,9.38313,1.59,836.0,115.71,12.2,118,5561.0,4.557,0.836,0.919,15.486,34.8,-34.8,0.000799,-0.001403,1.33085,-5.02471,0.51,-0.13,16.048,15.4,15.245,15.124,14.22,13.794,13.708,-1,0.5691197
CANDIDATE,0,0,0,0,42.1005451,143.02545,0.0,0.0325,1.159,201.7,0.013045,236.60715,2.77,729.0,66.74,14.9,33,5654.0,3.808,1.946,0.887,11.965,19.6,-19.6,0.001143,-0.000361,73.96646,-121.80615,1.68,-1.4,12.463,11.941,11.752,11.682,10.781,10.426,10.353,-1,0.5691197
CANDIDATE,0,0,0,0,8.9172819,139.611,0.0,0.1489,4.149,192.6,0.012791,1.06062,1.38,931.0,177.84,5.5,117,6210.0,4.467,0.986,1.035,14.671,48.7,-48.7,0.001196,-0.003075,1.19801,-1.0461,0.56,-0.13,15.087,14.622,14.492,14.408,13.556,13.245,13.224,-1,0.5691197
CANDIDATE,0,0,0,0,1.338080913,132.34074,0.0,0.0935,1.511,18.9,0.004022,3.30323,0.67,2225.0,5792.27,13.0,994,6331.0,4.086,1.536,1.05,11.179,1.8,-1.8,0.000204,-0.000257,0.13283,-1.86362,0.32,-0.19,11.502,11.157,11.04,11.054,10.15,9.881,9.778,-1,0.42251638
CANDIDATE,0,0,0,0,5.04405401,136.00683,0.0,0.2289,1.694,269.6,0.015129,8.48101,1.57,1078.0,318.92,11.4,256,6039.0,4.493,0.951,1.027,15.744,26.5,-26.5,0.000891,-0.000802,1.84483,-4.19546,0.66,-0.14,16.228,15.678,15.537,15.417,14.531,14.111,14.129,-1,0.5691197
CANDIDATE,0,0,0,0,4.72697256,135.2851,0.0,0.3334,4.151,26.6,0.004789,0.47915,0.52,1166.0,437.3,11.9,283,6183.0,4.428,1.002,0.981,12.788,2.7,-2.7,0.000204,-0.000362,0.10791,-0.25108,0.21,-0.05,13.153,12.741,12.632,12.6,11.729,11.453,11.409,-1,0.5691197
CANDIDATE,0,0,0,0,6.5596176,131.9907,0.0,0.2044,4.927,25.0,0.004609,0.44256,0.5,1045.0,282.34,9.8,189,6183.0,4.428,1.002,0.981,12.788,3.6,-3.6,0.000613,-0.000117,0.50942,-0.43066,0.2,-0.05,13.153,12.741,12.632,12.6,11.729,11.453,11.409,-1,0.5691197
CANDIDATE,0,0,0,0,7.65210349,134.18028,0.0,0.0967,4.93,70.0,0.007721,0.54646,0.8,982.0,219.65,14.3,282,6312.0,4.489,0.95,1.014,13.099,5.8,-5.8,0.00087,-0.00099,0.05775,-0.36568,0.3,-0.07,13.422,13.054,12.961,12.939,12.17,11.906,11.868,-1,0.5691197
CANDIDATE,0,0,0,0,147.660217,243.9646,0.0,0.446,6.163,1147.8,0.031336,4.27726,1.47,164.0,0.17,13.7,7,3668.0,4.821,0.431,0.449,15.645,91.2,-91.2,0.001208,-0.001815,2.75125,-0.51188,0.21,-0.2,17.167,15.783,14.993,14.552,13.339,12.684,12.499,-1,0.5691197
CANDIDATE,0,0,0,0,13.00293816,132.0216,0.0,0.6147,2.952,220.1,0.014201,2.2412,1.25,713.0,61.01,12.1,109,5790.0,4.565,0.803,0.865,14.634,21.4,-21.4,0.000423,-0.001157,2.74342,-0.18823,0.56,-0.1,15.15,14.593,14.413,14.31,13.436,13.072,13.0,-1,0.5691197
CANDIDATE,0,0,0,0,19.5650861,136.2864,0.0,0.0881,4.306,65.5,0.00745,2.08988,1.13,852.0,124.51,13.9,67,6350.0,4.225,1.394,1.188,12.674,5.2,-5.2,0.00038,-0.000337,0.1562,-0.95019,0.67,-0.25,13.044,12.607,12.517,14.292,11.5,11.272,11.228,-1,0.5691197
CANDIDATE,0,0,0,0,10.8614955,136.8113,0.0,0.0232,6.029,68.5,0.007628,0.42845,0.84,897.0,152.71,13.2,124,6328.0,4.456,1.013,1.069,13.517,5.8,-5.8,0.000342,-0.000392,0.21603,-0.16576,0.34,-0.07,13.832,13.456,13.382,13.358,12.572,12.29,12.221,-1,0.5691197
CANDIDATE,0,0,0,0,13.9481488,132.7552,0.0,0.072,7.788,129.6,0.010425,0.25565,1.13,786.0,90.19,15.2,76,5942.0,4.407,0.989,0.909,14.305,10.0,-10.0,0.000529,-0.000489,0.04312,-0.08004,0.4,-0.15,14.766,14.266,14.107,14.065,13.158,12.778,12.782,-1,0.5691197
CANDIDATE,0,0,0,0,5.67579349,134.90999,0.0,0.0773,3.486,53.7,0.006777,1.14651,1.06,1354.0,795.11,12.3,237,6678.0,4.235,1.433,1.292,13.802,5.2,-5.2,0.000373,-0.000401,0.1395,-0.57177,0.66,-0.21,14.098,13.755,13.675,13.657,12.839,12.64,12.561,-1,0.5691197
CANDIDATE,0,0,0,0,8.8302055,134.8169,0.0,0.9452,3.708,345.4,0.022153,0.08853,1.71,674.0,48.71,11.4,152,5038.0,4.628,0.705,0.781,15.945,40.8,-40.8,0.001745,-0.006455,2.08358,-0.06013,0.26,-0.13,16.678,15.881,15.631,15.46,14.439,13.946,13.737,-1,0.5691197
CANDIDATE,0,0,0,0,12.8575945,141.85126,0.0,0.1044,4.793,94.9,0.008967,0.99658,1.19,917.0,167.0,13.2,81,5977.0,4.181,1.214,0.815,13.821,8.7,-8.7,0.000555,-0.000395,0.1289,-0.38207,0.41,-0.32,14.297,13.794,13.617,13.518,12.681,12.327,12.248,-1,0.5691197
CANDIDATE,0,0,0,0,7.4297494,138.7819,0.0,0.0051,3.368,187.9,0.012478,1.70536,1.05,820.0,107.01,10.2,142,5622.0,4.588,0.768,0.833,15.128,25.0,-25.0,0.001129,-0.000748,0.36632,-1.63459,0.47,-0.08,15.693,15.083,14.886,14.747,13.828,13.385,13.4,-1,0.5691197
CANDIDATE,0,0,0,0,79.332118,144.0383,0.0,0.4629,11.145,183.8,0.012742,0.35335,1.6,500.0,14.73,13.2,17,6384.0,4.33,1.15,1.027,13.815,15.0,-15.0,0.000463,-0.000745,0.22782,-0.05374,0.78,-0.22,14.158,13.764,13.668,13.632,12.765,12.471,12.444,-1,0.5691197
CANDIDATE,0,0,0,0,358.818075,416.57855,0.0,0.2611,2.449,715.0,0.024695,200.43622,2.48,262.0,1.11,12.0,4,6056.0,4.47,0.918,0.908,13.919,81.9,-81.9,0.001506,-0.00169,86.56263,-95.8041,0.95,-0.27,14.356,13.883,13.732,13.665,12.818,12.526,12.506,-1,0.5691197
CANDIDATE,0,0,0,0,284.725113,142.0562,0.0,1.1616,13.08,477.6,0.185245,0.01404,19.36,279.0,1.42,13.3,6,5802.0,4.414,0.957,0.869,14.636,55.2,-55.2,0.387807,-0.169524,0.11524,-0.00991,7.4,-2.61,15.147,14.592,14.418,14.337,13.35,13.007,12.895,-1,0.5691197
CANDIDATE,0,0,0,0,36.760657,137.7771,0.0,0.1531,14.124,172.3,0.011809,0.11024,1.06,475.0,12.0,15.7,32,5305.0,4.504,0.823,0.789,15.598,11.4,-11.4,0.000742,-0.00032,0.05419,-0.02798,0.39,-0.11,15.483,15.637,14.638,14.451,12.895,12.549,12.545,-1,0.5691197
CANDIDATE,0,0,0,0,4.373573959,133.82652,0.0,0.4904,0.658,398.0,0.01893,92.25682,1.32,727.0,66.12,13.7,307,4362.0,4.623,0.64,0.627,15.194,36.3,-36.3,0.004009,-0.000763,350.36096,-83.6311,0.1,-0.13,16.341,15.152,14.702,14.434,13.24,12.59,12.438,-1,0.5691197
CANDIDATE,0,0,0,0,154.673607,177.3657,0.0,0.619,9.156,469.3,0.020795,0.90891,2.28,371.0,4.47,12.9,7,6338.0,4.449,1.002,1.023,15.015,40.9,-40.9,0.000116,-0.00202,1.04685,-0.11188,0.98,-0.24,15.42,14.99,14.841,14.807,13.967,13.682,13.585,-1,0.5691197
CANDIDATE,0,0,0,0,2.94241944,133.86226,0.0,0.3414,1.527,340.8,0.016901,6.1441,1.51,1099.0,344.64,15.1,382,5436.0,4.573,0.819,0.919,15.907,29.3,-29.3,0.000928,-0.000931,2.53848,-3.02991,0.57,-0.11,16.555,15.837,15.63,15.49,14.512,14.062,13.896,-1,0.5691197
CANDIDATE,0,0,0,0,5.301781,135.99401,0.0,0.1864,2.261,215.4,0.013401,3.83019,1.25,967.0,206.52,11.9,249,5733.0,4.551,0.855,0.947,15.466,19.8,-19.8,0.000654,-0.000887,0.74845,-1.78331,0.51,-0.09,16.008,15.41,15.234,15.147,14.196,13.838,13.727,-1,0.5691197
CANDIDATE,0,0,0,0,58.7483786,172.6602,0.0,0.2356,3.372,449.6,0.019395,12.60691,1.7,425.0,7.7,15.0,24,5574.0,4.505,0.805,0.756,14.122,34.0,-34.0,0.001225,-0.000848,3.42747,-5.16349,0.79,-0.18,14.651,14.073,13.896,13.779,12.829,12.482,12.364,-1,0.5691197
CANDIDATE,0,0,0,0,5.382942,136.2435,0.0,0.045,3.369,35.7,0.0055,1.20774,0.83,1303.0,681.83,12.4,245,6362.0,4.238,1.378,1.199,12.642,3.5,-3.5,0.000258,-0.000417,0.17709,-0.68093,0.52,-0.18,12.986,12.581,12.494,12.47,11.578,11.444,11.347,-1,0.5691197
CANDIDATE,0,0,0,0,3.48753309,134.16256,0.0,0.0172,1.876,90.7,0.008572,4.5818,0.89,1123.0,376.36,12.6,376,5382.0,4.403,0.947,0.828,14.371,9.4,-9.4,0.000536,-0.000589,0.07116,-2.80662,0.43,-0.13,15.011,14.311,14.096,13.993,13.003,12.573,12.48,-1,0.5691197
CANDIDATE,0,0,0,0,5.93220248,135.62583,0.0,0.6257,4.33,212.2,0.013942,0.31701,1.49,999.0,235.68,14.4,192,5843.0,4.474,0.977,1.036,15.466,16.9,-16.9,0.003302,-0.000826,0.31239,-0.26577,0.64,-0.14,16.05,15.413,15.216,15.119,14.149,13.883,13.797,-1,0.5691197
CANDIDATE,0,0,0,0,6.83007429,135.75844,0.0,0.0665,3.395,212.7,0.013317,1.52476,1.18,886.0,145.9,12.7,196,5817.0,4.571,0.809,0.887,15.17,19.1,-19.1,0.000898,-0.000586,0.14135,-0.74583,0.41,-0.1,15.643,15.118,14.968,14.892,14.014,13.639,13.571,-1,0.5691197
CANDIDATE,0,0,0,0,17.1623959,148.60998,0.0,0.673,3.988,277.5,0.01616,1.00885,1.67,724.0,65.08,16.3,63,6117.0,4.496,0.947,1.025,14.841,22.2,-22.2,0.004234,-0.001059,1.41256,-0.90967,0.68,-0.15,15.299,14.794,14.645,14.581,13.654,13.348,13.24,-1,0.5691197
CANDIDATE,0,0,0,0,5.19900426,133.04761,0.0,0.1369,2.641,174.2,0.012154,2.40602,1.15,1035.0,271.21,11.9,206,6058.0,4.54,0.867,0.95,14.652,12.8,-12.8,0.002748,-0.001036,1.07956,-0.81258,0.48,-0.09,15.099,14.612,14.46,14.374,13.518,13.162,13.14,-1,0.5691197
CANDIDATE,0,0,0,0,5.89092047,132.43286,0.0,0.2583,2.433,260.5,0.014793,3.26578,1.52,986.0,223.02,10.7,176,5869.0,4.513,0.942,1.054,15.683,29.2,-29.2,0.001064,-0.000896,1.12776,-1.49984,0.62,-0.12,16.191,15.605,15.466,15.397,14.431,14.078,14.08,-1,0.5691197
CANDIDATE,0,0,0,0,4.13034253,133.51982,0.0,0.0791,2.619,339.0,0.016645,2.02531,1.46,990.0,227.04,14.1,270,5487.0,4.566,0.803,0.868,15.956,28.2,-28.2,0.001394,-0.000355,0.61623,-0.81256,0.61,-0.12,16.58,15.894,15.688,15.55,14.496,14.091,13.986,-1,0.5691197
CANDIDATE,0,0,0,0,8.11935247,135.18096,0.0,0.305,3.568,349.3,0.017059,1.38029,1.5,790.0,92.01,12.6,138,5487.0,4.566,0.803,0.868,15.956,31.9,-31.9,0.000973,-0.000972,0.53434,-0.44952,0.62,-0.13,16.58,15.894,15.688,15.55,14.496,14.091,13.986,-1,0.5691197
CANDIDATE,0,0,0,0,18.0072194,138.3137,0.0,0.4214,5.379,78.5,0.008309,0.75101,1.04,823.0,108.64,12.2,75,6567.0,4.388,1.144,1.165,13.615,7.6,-7.6,0.000366,-0.000549,0.4635,-0.25279,0.62,-0.11,13.924,13.579,13.483,13.487,12.635,12.389,12.361,-1,0.5691197
CANDIDATE,0,0,0,0,2.49914688,133.0891,0.0,0.4637,1.767,199.4,0.01295,2.8143,1.02,983.0,220.65,14.2,427,4705.0,4.572,0.72,0.707,15.352,18.7,-18.7,0.000412,-0.001158,1.30862,-1.26457,0.09,-0.09,16.275,15.251,14.956,14.752,13.58,13.001,12.93,-1,0.5691197
CANDIDATE,0,0,0,0,12.00371237,134.70571,0.0,0.4261,2.899,354.2,0.017216,3.27743,1.12,503.0,15.12,12.9,111,4328.0,4.654,0.594,0.58,15.675,29.9,-29.9,0.000643,-0.00131,1.6355,-1.37156,0.1,-0.12,16.784,15.626,15.199,14.948,13.804,13.2,13.111,-1,0.5691197
CANDIDATE,0,0,0,0,9.3335371,137.6223,0.0,0.6408,7.532,66.9,0.007844,0.0882,1.27,1024.0,260.02,11.6,138,5491.0,4.037,1.482,0.873,14.276,7.2,-7.2,0.000105,-0.000856,0.14149,-0.00623,0.73,-0.52,14.893,14.228,14.012,13.884,12.924,12.525,12.461,-1,0.5691197
CANDIDATE,0,0,0,0,5.68248461,131.6612,0.0,0.8304,4.415,91.7,0.009897,0.10976,0.91,937.0,182.08,11.0,233,5695.0,4.547,0.84,0.906,14.878,9.5,-9.5,0.002217,-0.001678,0.45105,-0.09588,0.39,-0.08,15.43,14.828,14.642,14.549,13.628,13.236,13.116,-1,0.5691197
CANDIDATE,0,0,0,0,3.33928642,134.15316,0.0,0.3761,2.531,81.6,0.008377,1.43362,0.85,1221.0,525.33,9.3,385,5931.0,4.47,0.93,0.931,14.955,10.6,-10.6,0.000471,-0.000776,0.71226,-0.67868,0.34,-0.09,15.456,14.917,14.74,14.656,13.773,13.471,13.412,-1,0.5691197
CANDIDATE,0,0,0,0,30.539288,156.7038,0.0,0.9557,6.73,503.0,0.02624,0.04451,2.91,616.0,34.05,13.5,37,6148.0,4.461,1.015,1.083,15.271,44.8,-44.8,0.002021,-0.006788,1.06092,-0.02033,1.15,-0.28,15.751,15.224,15.065,14.97,14.161,13.812,13.768,-1,0.5691197
CANDIDATE,0,0,0,0,11.8186611,132.5129,0.0,0.2228,6.309,234.8,0.014096,0.38541,1.56,846.0,120.86,9.2,89,6148.0,4.461,1.015,1.083,15.271,30.1,-30.1,0.001228,-0.000775,0.23404,-0.35621,0.62,-0.15,15.751,15.224,15.065,14.97,14.161,13.812,13.768,-1,0.5691197
CANDIDATE,0,0,0,0,8.31219585,139.68173,0.0,1.6667,2.568,73.6,0.672231,0.01445,125.97,1130.0,385.89,12.2,155,5375.0,3.888,1.716,0.83,13.019,7.8,-7.8,0.327748,-0.42229,0.0093,-0.01085,90.0,-71.5,13.61,12.978,12.765,12.656,11.688,11.245,11.2,-1,0.5691197
CANDIDATE,0,0,0,0,12.6360381,134.4699,0.0,0.2494,3.847,145.8,0.01105,1.76299,1.05,733.0,68.23,12.9,106,5766.0,4.539,0.867,0.949,14.241,13.8,-13.8,0.000664,-0.000627,0.20306,-0.97358,0.45,-0.09,14.739,14.182,14.027,13.941,13.075,12.702,12.65,-1,0.5691197
CANDIDATE,0,0,0,0,9.8480888,136.80303,0.0,0.7025,3.131,172.6,0.012839,1.05478,1.05,711.0,60.47,10.4,135,5289.0,4.546,0.748,0.717,14.791,20.0,-20.0,0.003524,-0.001054,2.22232,-0.23022,0.24,-0.11,15.43,14.743,14.517,14.382,13.445,12.944,12.847,-1,0.5691197
CANDIDATE,0,0,0,0,5.78901936,136.9845,0.0,0.1847,3.102,110.3,0.009509,1.60346,0.78,849.0,122.75,7.8,225,5289.0,4.546,0.748,0.717,14.791,15.0,-15.0,0.000845,-0.000631,0.52433,-0.8995,0.17,-0.08,15.43,14.743,14.517,14.382,13.445,12.944,12.847,-1,0.5691197
CANDIDATE,0,0,0,0,8.52917865,135.73561,0.0,0.587,3.317,353.7,0.017895,1.13695,1.82,887.0,146.17,13.1,120,5915.0,4.481,0.931,0.958,15.377,33.1,-33.1,0.000626,-0.001302,1.25691,-0.27629,0.73,-0.18,15.874,15.328,15.164,15.08,14.159,13.775,13.856,-1,0.5691197
CANDIDATE,0,0,0,0,17.2360532,148.4212,0.0,0.3857,4.138,320.4,0.016586,1.70857,1.69,701.0,57.24,9.6,56,5915.0,4.481,0.931,0.958,15.377,40.1,-40.1,0.001055,-0.001261,0.74015,-0.9121,0.67,-0.17,15.874,15.328,15.164,15.08,14.159,13.775,13.856,-1,0.5691197
CANDIDATE,0,0,0,0,0.849359892,132.14495,0.0,0.5328,1.329,119.3,0.010201,2.01969,0.88,1500.0,1195.79,12.0,1332,4979.0,4.596,0.788,0.893,15.357,12.2,-12.2,0.000315,-0.001012,2.10195,-0.49194,0.12,-0.05,16.183,15.278,15.003,14.86,13.803,13.258,13.19,-1,0.5691197
CANDIDATE,0,0,0,0,0.741767939,131.57787,0.0,1.4956,0.2667,61.0,0.505973,2.25672,55.97,2130.0,4866.62,14.8,1805,6163.0,4.461,1.013,1.079,13.469,4.9,-4.9,0.123769,-0.476366,9.12359,-2.04736,22.65,-5.25,13.85,13.385,13.306,13.233,12.414,12.063,12.022,-1,0.26338738
CANDIDATE,0,0,0,0,2.04814822,132.17862,0.0,0.2857,2.024,193.0,0.012769,1.93237,1.21,1351.0,787.13,11.3,551,5796.0,4.544,0.871,0.966,15.98,20.6,-20.6,0.000864,-0.000703,0.65417,-0.83055,0.5,-0.1,16.551,15.94,15.735,15.647,14.698,14.309,14.294,-1,0.5691197
CANDIDATE,0,0,0,0,14.7180682,135.6451,0.0,0.6835,6.898,128.0,0.010999,0.15742,1.22,784.0,89.3,12.5,92,6102.0,4.449,1.018,1.058,14.654,12.6,-12.6,0.002222,-0.000727,0.29253,-0.12683,0.57,-0.11,15.111,14.605,14.458,14.425,13.498,13.207,13.145,-1,0.5691197
CANDIDATE,0,0,0,0,8.0772207,132.6589,0.0,0.3022,5.233,81.2,0.008377,0.42527,0.77,892.0,149.57,11.8,167,6119.0,4.559,0.844,0.94,14.579,8.0,-8.0,0.00046,-0.000513,0.06096,-0.23103,0.32,-0.05,15.006,14.553,14.397,14.348,13.514,13.196,13.133,-1,0.5691197
CANDIDATE,0,0,0,0,5.7565044,136.98219,0.0,0.0194,2.338,67.2,0.007532,3.88815,0.85,1093.0,337.2,12.1,229,6210.0,4.45,1.033,1.093,13.666,6.9,-6.9,0.000438,-0.000465,0.51794,-2.30101,0.35,-0.08,14.031,13.605,13.51,13.484,12.626,12.339,12.294,-1,0.5691197
CANDIDATE,0,0,0,0,54.333867,144.748,0.0,0.2348,10.157,146.1,0.011044,0.41603,1.33,513.0,16.39,11.4,20,5689.0,4.27,1.101,0.824,14.487,17.7,-17.7,0.000827,-0.00075,0.08654,-0.2103,0.48,-0.29,15.026,14.449,14.256,14.19,13.218,12.829,12.775,-1,0.5691197
CANDIDATE,0,0,0,0,14.7441194,135.0652,0.0,1.3857,9.09,153.4,0.395059,0.00126,42.58,783.0,89.04,16.6,84,6146.0,4.454,0.987,1.006,13.775,14.9,-14.9,0.604562,-0.096106,0.00079,-0.00026,17.64,-4.23,14.202,13.738,13.592,13.551,12.716,12.431,12.33,-1,0.5691197
CANDIDATE,0,0,0,0,4.6725405,135.2263,0.0,16.7189,5.33,84.7,15.723242,4.19365,1694.66,1149.0,412.73,10.0,291,6146.0,4.454,0.987,1.006,13.775,17.3,-17.3,1.812323,-13.75403,0.5892,-3.84759,702.2,-168.3,14.202,13.738,13.592,13.551,12.716,12.431,12.33,-1,0.5691197
CANDIDATE,0,0,0,0,35.0174535,139.85325,0.0,0.0199,3.56,296.8,0.015779,6.85882,1.59,561.0,23.4,12.0,36,6060.0,4.509,0.925,1.008,14.638,27.4,-27.4,0.001086,-0.00065,0.75966,-3.42988,0.51,-0.13,15.065,14.591,14.454,14.411,13.567,13.262,13.185,-1,0.5691197
CANDIDATE,0,0,0,0,105.997113,144.41906,0.0,0.5533,3.771,531.1,0.021864,10.57296,1.98,373.0,4.56,12.5,11,6068.0,4.568,0.829,0.926,14.894,50.9,-50.9,0.000653,-0.002056,8.44566,-10.22208,0.85,-0.13,15.335,14.861,14.704,14.65,13.78,13.438,13.349,-1,0.5691197
CANDIDATE,0,0,0,0,6.3042414,137.30657,0.0,0.227,2.383,42.6,0.006068,3.7066,1.22,1510.0,1229.72,11.5,205,6728.0,3.987,1.836,1.192,13.01,4.3,-4.3,0.000391,-0.000316,0.72387,-1.92548,0.48,-0.43,13.215,12.942,12.803,12.622,11.76,11.476,11.426,-1,0.5691197
CANDIDATE,0,0,0,0,6.0060784,133.3917,0.0,0.0645,4.621,39.5,0.005758,0.52184,0.73,1130.0,385.87,7.7,227,6103.0,4.331,1.16,1.05,13.549,6.0,-6.0,0.000457,-0.000508,0.14385,-0.5073,0.38,-0.1,13.981,13.494,13.363,13.315,12.458,12.161,12.092,-1,0.5691197
CANDIDATE,0,0,0,0,4.22434031,132.3405,0.0,0.3268,4.319,13.9,0.003449,0.38222,0.6,1465.0,1088.34,13.1,318,5984.0,4.046,1.586,1.019,11.756,1.5,-1.5,0.000288,-0.000139,0.28261,-0.11785,0.27,-0.19,12.183,11.71,11.573,11.536,10.622,10.28,10.224,-1,0.5691197
CANDIDATE,0,0,0,0,75.2120067,202.30116,0.0,0.2458,3.096,320.7,0.016518,20.52078,1.74,446.0,9.35,12.2,16,6122.0,4.487,0.964,1.041,14.39,30.9,-30.9,0.001183,-0.000661,6.21342,-8.30161,0.68,-0.15,14.803,14.336,14.213,14.164,13.284,12.981,12.908,-1,0.5691197
CANDIDATE,0,0,0,0,6.362815,131.8079,0.0,0.068,3.817,155.7,0.011426,0.99476,1.1,956.0,197.84,9.2,158,5955.0,4.534,0.883,0.972,15.567,20.8,-20.8,0.001048,-0.000676,0.13361,-0.67013,0.43,-0.09,16.051,15.525,15.36,15.3,14.385,14.052,13.949,-1,0.5691197
CANDIDATE,0,0,0,0,7.53738193,135.80804,0.0,0.0218,3.914,47.9,0.006384,1.08226,1.0,1210.0,506.14,13.5,178,6483.0,4.207,1.435,1.211,12.912,4.2,-4.2,0.000242,-0.000472,0.14674,-0.43491,0.56,-0.23,13.211,12.842,12.784,14.292,12.165,11.922,11.909,-1,0.5691197
CANDIDATE,0,0,0,0,9.54055947,131.91882,0.0,0.1581,1.687,511.7,0.020357,17.15664,1.85,736.0,69.25,9.7,133,5271.0,4.522,0.831,0.839,15.836,57.8,-57.8,0.001533,-0.001413,1.61622,-10.06649,0.57,-0.16,16.54,15.794,15.534,15.429,14.489,14.086,13.894,-1,0.5691197
CANDIDATE,0,0,0,0,1.80928048,132.68332,0.0,0.0665,2.936,96.5,0.008973,0.62931,0.87,1444.0,1028.71,9.6,737,5897.0,4.531,0.891,0.983,15.186,12.6,-12.6,0.000761,-0.000606,0.35774,-0.57981,0.36,-0.07,15.711,15.14,14.961,14.884,13.927,13.606,13.493,-1,0.5691197
CANDIDATE,0,0,0,0,0.597017651,131.71432,0.0,0.6533,0.43,258.9,0.018069,30.63079,1.25,1577.0,1463.75,16.2,2236,4985.0,4.679,0.633,0.698,15.509,25.1,-25.1,0.00643,-0.00139,324.29752,-23.37736,0.17,-0.08,16.234,15.459,15.198,15.04,14.041,13.548,13.399,-1,0.5691197
CANDIDATE,0,0,0,0,4.82023565,134.81587,0.0,0.5125,2.003,112.8,0.010044,3.34479,0.86,1024.0,260.31,9.6,219,6021.0,4.574,0.784,0.84,14.639,15.8,-15.8,0.000569,-0.00098,5.98688,-1.53258,0.34,-0.06,15.06,14.607,14.459,14.398,13.543,13.208,13.169,-1,0.5691197
CANDIDATE,0,0,0,0,7.94007837,135.42718,0.0,0.1563,3.351,86.2,0.008553,1.76374,0.99,1006.0,242.18,11.2,134,6254.0,4.418,1.064,1.075,13.757,9.1,-9.1,0.000442,-0.000641,0.24402,-0.88561,0.52,-0.09,14.129,13.698,13.598,13.538,12.719,12.471,12.434,-1,0.5691197
CANDIDATE,0,0,0,0,2.85855802,132.28304,0.0,0.4336,2.169,82.9,0.008421,1.79757,0.73,1111.0,360.47,10.5,471,5496.0,4.579,0.79,0.863,14.636,9.6,-9.6,0.000488,-0.000642,1.27564,-0.68536,0.2,-0.06,15.193,14.584,14.41,14.315,13.423,13.017,12.954,-1,0.5691197
CANDIDATE,0,0,0,0,15.9513515,146.45795,0.0,0.0803,2.306,105.3,0.009468,11.18604,1.25,866.0,132.82,11.5,84,6453.0,4.341,1.211,1.173,13.629,11.5,-11.5,0.000516,-0.000687,1.23428,-6.11611,0.8,-0.17,13.961,13.574,13.487,13.439,12.647,12.408,12.365,-1,0.5691197
CANDIDATE,0,0,0,0,7.7859907,137.8645,0.0,0.3839,6.938,54.2,0.006832,0.16019,0.71,939.0,183.92,13.0,174,6045.0,4.479,0.954,0.994,13.515,5.2,-5.2,0.000352,-0.000397,0.07068,-0.0787,0.29,-0.07,13.935,13.467,13.336,13.304,12.427,12.129,12.109,-1,0.5691197
CANDIDATE,0,0,0,0,4.10839863,134.8889,0.0,0.3922,3.423,366.2,0.017674,0.72181,1.68,1060.0,298.45,11.1,66,5737.0,4.544,0.872,0.969,15.771,39.9,-39.9,0.000994,-0.001396,0.3414,-0.24972,0.68,-0.13,16.363,15.729,15.517,15.425,14.482,14.124,14.001,-1,0.5691197
CANDIDATE,0,0,0,0,6.4547287,135.53553,0.0,0.0836,2.764,76.6,0.00808,2.61734,1.22,1254.0,584.63,10.6,208,6475.0,4.23,1.388,1.194,13.784,9.0,-9.0,0.000751,-0.000325,0.01196,-2.02726,0.7,-0.25,14.106,13.736,13.646,13.644,12.771,12.596,12.476,-1,0.5691197
CANDIDATE,0,0,0,0,7.5173975,137.5884,0.0,0.0896,2.291,181.1,0.012301,5.40689,0.96,779.0,87.11,10.5,179,5451.0,4.6,0.714,0.741,15.029,20.9,-20.9,0.000521,-0.001155,7.66118,-2.7668,0.24,-0.07,15.629,14.993,14.772,14.643,13.706,13.277,13.215,-1,0.5691197
CANDIDATE,0,0,0,0,44.701956,155.5876,0.0,0.079,7.593,220.1,0.013585,0.88897,1.27,497.0,14.37,12.2,32,5834.0,4.483,0.859,0.819,14.875,22.0,-22.0,0.000695,-0.000933,0.05449,-0.52725,0.56,-0.14,15.387,14.837,14.656,14.521,13.612,13.192,13.05,-1,0.5691197
CANDIDATE,0,0,0,0,40.0692265,143.73556,0.0,1.9651,3.103,967.0,0.991194,0.37807,82.48,458.0,10.42,11.9,27,5485.0,4.575,0.762,0.796,15.618,107.0,-107.0,0.008323,-0.759854,0.15216,-0.29231,33.23,-6.82,16.265,15.586,15.341,15.19,14.205,13.819,13.831,-1,0.5691197
CANDIDATE,0,0,0,0,11.6934475,142.6539,0.0,0.0506,6.604,65.0,0.007376,0.3497,1.38,1076.0,317.04,13.1,115,5984.0,3.999,1.717,1.072,13.848,5.9,-5.9,0.000461,-0.000354,0.05727,-0.13933,0.58,-0.49,14.352,13.817,13.632,13.557,12.725,12.379,12.307,-1,0.5691197
CANDIDATE,0,0,0,0,4.02746055,133.119,0.0,0.0717,1.459,92.7,0.008869,11.16627,1.01,1249.0,574.46,9.9,332,6163.0,4.397,1.042,0.987,13.685,10.0,-10.0,0.000478,-0.000664,0.76403,-7.7546,0.4,-0.12,14.104,13.647,13.506,13.452,12.627,12.317,12.251,-1,0.5691197
CANDIDATE,0,0,0,0,122.746744,171.0155,0.0,88.3239,8.035,1191.0,87.348167,21.43345,9357.19,349.0,3.51,18.7,9,5623.0,4.485,0.981,1.073,15.511,104.0,-104.0,12.65106,-24.14807,2.33739,-15.3642,3768.0,-801.2,16.154,15.429,15.235,15.152,14.29,13.856,13.749,-1,0.034393385
CANDIDATE,0,0,0,0,4.37990987,133.99303,0.0,0.3529,4.951,15.0,0.003612,0.25643,0.73,1619.0,1622.67,14.1,310,6390.0,3.991,1.85,1.21,10.438,1.2,-1.2,0.000141,-0.00022,0.07717,-0.10409,0.04,-0.02,10.698,10.387,10.327,10.337,9.52,9.254,9.227,-1,0.5691197
CANDIDATE,0,0,0,0,5.59351247,131.50364,0.0,0.1586,1.839,253.7,0.014576,7.6364,1.49,1008.0,243.63,11.5,237,5874.0,4.498,0.933,1.001,15.308,25.9,-25.9,0.0007,-0.0011,1.63684,-4.13814,0.63,-0.14,15.821,15.25,15.088,15.058,14.045,13.709,13.672,-1,0.5691197
CANDIDATE,0,0,0,0,3.44928107,133.38111,0.0,0.0242,1.466,230.9,0.013572,9.62623,1.17,972.0,210.88,12.1,388,5119.0,4.582,0.791,0.869,15.144,24.0,-24.0,0.001232,-0.000586,1.08142,-5.73737,0.21,-0.08,15.889,15.077,14.825,14.688,13.699,13.21,13.119,-1,0.5691197
CANDIDATE,0,0,0,0,37.9046277,163.7297,0.0,0.4983,11.419,119.4,0.010142,0.14587,2.18,692.0,54.36,15.9,35,5303.0,3.87,1.964,1.042,13.726,8.4,-8.4,0.000224,-0.000768,0.11183,-0.01092,1.38,-1.13,14.408,13.671,13.433,13.313,12.294,11.868,11.766,-1,0.5691197
CANDIDATE,0,0,0,0,12.0086886,141.6969,0.0,0.4016,4.412,80.8,0.008235,0.9344,1.77,1016.0,251.93,11.5,106,5303.0,3.87,1.964,1.042,13.726,7.5,-7.5,0.000351,-0.000675,0.38485,-0.36493,1.12,-0.92,14.408,13.671,13.433,13.313,12.294,11.868,11.766,-1,0.5691197
CANDIDATE,0,0,0,0,3.38419886,131.93542,0.0,0.2375,1.915,226.3,0.01375,3.9039,1.18,1066.0,305.62,12.9,317,5588.0,4.582,0.786,0.861,15.446,23.7,-23.7,0.001318,-0.000393,2.01464,-2.40896,0.49,-0.08,16.02,15.401,15.2,15.087,14.144,13.819,13.666,-1,0.5691197
CANDIDATE,0,0,0,0,1.192598861,132.67113,0.0,0.2484,1.396,53.2,0.006675,3.47896,0.74,1728.0,2107.84,11.1,1117,5600.0,4.349,1.013,0.837,13.818,5.6,-5.6,0.000521,-0.00035,1.37035,-1.63021,0.29,-0.13,14.389,13.785,13.574,13.519,12.581,12.194,12.128,-1,0.5691197
CANDIDATE,0,0,0,0,19.9777107,135.17161,0.0,0.1611,6.034,88.3,0.008658,0.75783,1.08,765.0,80.8,13.7,52,6362.0,4.408,1.144,1.221,13.52,7.7,-7.7,0.000441,-0.000506,0.15222,-0.27699,0.61,-0.12,13.838,13.452,13.383,13.376,12.556,12.273,12.255,-1,0.5691197
CANDIDATE,0,0,0,0,17.5434555,138.9387,0.0,0.3276,4.919,223.9,0.013906,1.09929,1.2,658.0,44.31,8.1,81,5960.0,4.583,0.793,0.88,15.388,31.5,-31.5,0.001098,-0.001079,0.72436,-1.05738,0.54,-0.08,15.865,15.354,15.184,15.092,14.193,13.794,13.769,-1,0.5691197
CANDIDATE,0,0,0,0,3.81837211,133.90742,0.0,0.0925,2.641,52.7,0.006724,1.7691,1.21,1656.0,1778.94,12.5,350,6714.0,4.129,1.642,1.333,13.821,5.0,-5.0,0.000469,-0.000269,0.25034,-0.85086,0.65,-0.31,14.129,13.769,13.689,13.667,12.617,12.444,12.37,-1,0.5691197
CANDIDATE,0,0,0,0,10.43149238,135.54202,0.0,0.1955,2.002,60.8,0.007053,10.56812,0.6,699.0,56.48,9.5,120,5366.0,4.592,0.773,0.856,13.241,7.1,-7.1,0.000419,-0.000667,3.63362,-5.23078,0.18,-0.05,13.827,13.184,12.99,12.932,11.946,11.483,11.424,-1,0.5691197
CANDIDATE,0,0,0,0,5.656904,131.5744,0.0,0.3783,4.203,28.6,0.004923,0.52235,0.67,1133.0,389.8,10.2,235,5633.0,4.199,1.25,0.902,12.715,3.6,-3.6,0.000326,-0.000387,0.29066,-0.23384,0.25,-0.16,13.236,12.655,12.491,12.418,11.524,11.16,11.093,-1,0.5691197
CANDIDATE,0,0,0,0,12.4019005,141.1813,0.0,0.7562,6.07,206.2,0.014301,0.14602,1.3,713.0,60.93,9.6,86,5555.0,4.514,0.832,0.824,15.355,30.1,-30.1,0.004303,-0.00127,1.07032,-0.11287,0.56,-0.13,15.923,15.303,15.111,15.003,13.996,13.585,13.615,-1,0.5691197
CANDIDATE,0,0,0,0,15.07278189,143.96842,0.0,0.1778,0.729,394.8,0.01839,330.8038,1.55,635.0,38.48,14.8,176,5508.0,4.589,0.771,0.843,14.269,39.8,-39.8,0.001522,-0.001063,152.62616,-201.73929,0.56,-0.11,14.811,14.22,14.037,13.972,13.034,12.662,12.584,-1,0.5691197
CANDIDATE,0,0,0,0,6.80899076,132.19078,0.0,1.9253,2.077,1192.0,0.957505,0.30436,89.29,795.0,94.48,11.5,40,4992.0,4.483,0.854,0.81,16.303,143.0,-143.0,0.040645,-0.737512,12.53805,-0.23926,87.0,-8.47,17.174,16.243,15.93,15.77,14.66,14.136,14.016,-1,0.5691197
CANDIDATE,0,0,0,0,4.84346849,134.81903,0.0,0.4644,2.92,56.7,0.007022,1.17679,0.81,1121.0,373.1,10.4,279,5762.0,4.348,1.056,0.906,13.59,6.3,-6.3,0.000203,-0.00073,0.64113,-0.34258,0.28,-0.13,14.087,13.541,13.377,13.327,12.374,12.085,12.026,-1,0.5691197
CANDIDATE,0,0,0,0,54.081153,145.2713,0.0,0.3155,6.472,447.6,0.019489,1.53356,1.65,436.0,8.53,11.4,27,5770.0,4.585,0.776,0.847,15.487,47.5,-47.5,0.001137,-0.001291,0.47744,-0.69268,0.66,-0.12,16.024,15.45,15.256,15.146,14.264,13.871,13.809,-1,0.5691197
CANDIDATE,0,0,0,0,0.988493125,131.84482,0.0,0.1649,1.251,279.3,0.015221,4.34403,1.65,1781.0,2376.47,13.2,872,5749.0,4.49,0.991,1.104,15.666,25.0,-25.0,0.000966,-0.000743,0.40471,-2.56069,0.62,-0.15,16.27,15.603,15.407,15.333,14.407,14.03,13.883,-1,0.5691197
CANDIDATE,0,0,0,0,11.8309999,138.2252,0.0,0.285,4.947,45.4,0.006138,0.74192,0.92,910.0,161.91,12.5,116,5619.0,4.163,1.366,0.991,12.327,4.5,-4.5,0.000377,-0.000387,0.35515,-0.33108,0.37,-0.24,12.871,12.254,12.094,12.022,11.061,10.742,10.674,-1,0.5691197
CANDIDATE,0,0,0,0,3.38792114,133.9361,0.0,0.2066,1.931,80.9,0.008273,3.82781,0.84,1213.0,512.09,10.7,399,6003.0,4.507,0.932,1.019,14.491,9.3,-9.3,0.000462,-0.000644,1.57884,-1.74897,0.36,-0.07,14.962,14.447,14.289,14.226,13.389,13.035,13.087,-1,0.5691197
CANDIDATE,0,0,0,0,19.2528023,144.265,0.0,0.2226,4.891,139.1,0.010886,1.33189,1.23,734.0,68.74,10.5,69,6241.0,4.45,1.031,1.088,14.851,16.4,-16.4,0.000695,-0.000726,0.25767,-0.68894,0.56,-0.12,15.25,14.797,14.68,14.633,13.759,13.452,13.397,-1,0.5691197
CANDIDATE,0,0,0,0,8.52757105,137.278,0.0,0.2045,2.946,135.7,0.010762,2.73132,1.41,1050.0,286.96,11.5,156,6444.0,4.376,1.2,1.248,14.765,13.6,-13.6,0.000443,-0.000822,0.71918,-1.58529,0.97,-0.18,15.124,14.684,14.612,14.574,13.673,13.413,13.419,-1,0.5691197
CANDIDATE,0,0,0,0,3.0771191,133.49202,0.0,0.2143,2.758,37.3,0.005644,1.18258,0.64,1372.0,837.42,10.6,211,6319.0,4.447,1.032,1.084,12.889,4.2,-4.2,0.000305,-0.000424,4.19635,-0.50257,0.31,-0.06,13.221,12.838,12.746,12.739,11.917,11.676,11.621,-1,0.5691197
CANDIDATE,0,0,0,0,3.83486789,135.0893,0.0,0.3298,1.843,243.0,0.014305,4.57065,1.21,1004.0,240.13,10.4,300,5505.0,4.586,0.776,0.848,15.972,31.5,-31.5,0.00139,-0.000719,3.24227,-2.54332,0.47,-0.09,16.61,15.937,15.699,15.564,14.672,14.16,14.111,-1,0.5691197
CANDIDATE,0,0,0,0,26.1903082,143.21862,0.0,0.4626,2.422,53.9,0.006902,11.12065,1.1,796.0,94.81,9.9,51,6434.0,4.202,1.453,1.228,11.66,6.1,-6.1,0.000219,-0.000683,8.00049,-3.16651,0.63,-0.27,11.876,11.637,14.368,14.292,10.527,10.276,10.245,-1,0.5691197
CANDIDATE,0,0,0,0,3.70858974,134.47453,0.0,0.0169,1.858,428.3,0.018684,5.16514,1.58,998.0,234.67,10.6,358,5425.0,4.592,0.776,0.864,15.947,43.0,-43.0,0.000975,-0.001496,4.63296,-2.65569,0.51,-0.12,16.591,15.899,15.671,15.543,14.601,14.104,14.086,-1,0.5691197
CANDIDATE,0,0,0,0,9.4527345,135.7864,0.0,0.4832,3.752,214.4,0.013747,1.07063,1.28,830.0,112.37,11.7,140,5970.0,4.55,0.854,0.941,15.58,29.1,-29.1,0.001319,-0.000696,2.65589,-1.01096,0.5,-0.1,16.055,15.533,15.376,15.28,14.415,14.038,13.965,-1,0.5691197
CANDIDATE,0,0,0,0,4.3638363,135.33821,0.0,0.0124,1.501,200.0,0.012896,11.32192,1.06,970.0,209.45,9.7,152,5609.0,4.599,0.755,0.827,15.642,25.7,-25.7,0.001117,-0.000818,3.63317,-6.49483,0.38,-0.07,16.184,15.599,15.41,15.311,14.329,13.9,13.765,-1,0.5691197
CANDIDATE,0,0,0,0,8.7963661,134.3214,0.0,0.283,3.487,82.5,0.009082,1.59324,0.99,882.0,142.92,10.9,118,5780.0,4.438,1.0,1.0,13.641,9.3,-9.3,0.000491,-0.000533,0.28414,-0.81467,0.0,0.0,14.285,13.595,13.364,14.292,12.741,12.413,12.348,-1,0.5691197
CANDIDATE,0,0,0,0,2.049601112,132.32645,0.0,0.0484,1.137,198.4,0.012758,12.21024,1.1,1206.0,500.75,11.2,657,5361.0,4.587,0.786,0.878,15.277,22.1,-22.1,0.001202,-0.000609,4.57878,-6.69622,0.3,-0.09,15.894,15.205,15.013,14.887,13.931,13.431,13.443,-1,0.5691197
CANDIDATE,0,0,0,0,53.28572,172.2951,0.0,0.0839,6.455,153.8,0.011411,1.71133,1.32,537.0,19.63,10.8,20,6015.0,4.297,1.057,0.806,13.98,17.3,-17.3,0.000786,-0.000751,0.30644,-0.83266,0.46,-0.28,14.465,13.928,13.771,14.292,12.908,12.621,12.536,-1,0.5691197
CANDIDATE,0,0,0,0,5.89435231,134.10533,0.0,0.3925,3.489,29.6,0.005071,0.93161,0.61,1134.0,390.93,11.4,179,6177.0,4.345,1.093,0.964,12.322,3.0,-3.0,0.000208,-0.000412,0.24562,-0.41459,0.23,-0.09,12.674,12.273,12.171,12.143,11.286,11.032,10.982,-1,0.5691197
CANDIDATE,0,0,0,0,12.26708306,141.2841427,0.0,0.4711,2.7,507.1,0.023196,1.0851,2.41,941.0,185.17,33.5,81,5806.0,4.466,0.962,0.965,12.322,19.3,-19.3,0.000832,-0.000914,0.22037,-0.18209,0.88,-0.26,12.674,12.273,12.171,12.143,11.286,11.032,10.982,-1,0.5691197
CANDIDATE,0,0,0,0,20.8822079,151.6953,0.0,0.1364,4.556,1107.0,0.033276,2.00169,3.63,661.0,45.17,11.0,13,5780.0,4.438,1.0,1.0,14.945,182.0,-182.0,0.004165,-0.001365,3.11235,-1.94306,0.0,0.0,15.599,14.913,14.663,14.292,14.296,14.535,13.64,-1,0.5691197
CANDIDATE,0,0,0,0,9.0783024,138.25785,0.0,0.9423,0.714,601.2,0.030545,15.30153,5.37,984.0,221.32,14.7,68,5086.0,4.002,1.611,0.951,14.383,53.7,-53.7,0.465853,-0.009236,3.72519,-11.49251,4.0,-2.61,15.175,14.315,14.044,13.907,12.857,12.38,12.306,-1,0.5691197
CANDIDATE,0,0,0,0,2.87998055,131.48548,0.0,0.1251,1.665,126.9,0.010096,5.31741,0.74,954.0,195.44,10.3,367,4983.0,4.645,0.67,0.73,14.712,15.8,-15.8,0.000888,-0.000599,1.26694,-3.78721,0.1,-0.06,15.436,14.667,14.402,14.27,13.258,12.727,12.697,-1,0.5691197
CANDIDATE,0,0,0,0,7.79535622,138.03021,0.0,0.012,3.427,110.1,0.009614,1.68395,1.1,985.0,222.52,10.6,172,6156.0,4.443,1.05,1.114,14.726,11.7,-11.7,0.000632,-0.000579,0.29513,-0.86478,0.53,-0.1,15.156,14.679,14.542,14.515,13.667,13.35,13.21,-1,0.5691197
CANDIDATE,0,0,0,0,49.5385533,132.50406,0.0,1.3584,2.176,772.0,0.38497,0.80077,32.03,442.0,8.99,10.0,27,5692.0,4.583,0.762,0.812,14.94,113.0,-113.0,0.388793,-0.305977,3.50363,-0.67675,14.13,-2.35,15.478,14.894,14.709,14.585,13.641,13.243,13.128,-1,0.5691197
CANDIDATE,0,0,0,0,1.97650023,132.95351,0.0,0.1133,1.789,126.9,0.010258,2.96792,1.03,1394.0,892.9,10.9,674,5792.0,4.514,0.923,1.015,15.608,14.4,-14.4,0.000618,-0.000815,0.76561,-1.50967,0.44,-0.08,16.172,15.542,15.366,15.3,14.292,13.904,13.822,-1,0.5691197
CANDIDATE,0,0,0,0,36.7216351,151.2431,0.0,0.5908,6.745,692.8,0.02499,0.59353,2.3,500.0,14.8,10.6,31,5679.0,4.555,0.841,0.925,15.919,66.5,-66.5,0.00047,-0.002419,0.62247,-0.06943,0.89,-0.19,16.502,15.844,15.669,15.5,14.608,14.177,14.177,-1,0.5691197
CANDIDATE,0,0,0,0,7.08748889,138.28716,0.0,0.3045,3.448,206.7,0.013283,1.32005,1.34,955.0,197.02,11.4,146,6060.0,4.509,0.925,1.008,15.274,21.8,-21.8,0.000884,-0.000764,0.45555,-0.61908,0.47,-0.11,15.735,15.228,15.076,15.014,14.147,13.75,13.636,-1,0.5691197
CANDIDATE,0,0,0,0,5.4169541,133.7979,0.0,0.0428,4.374,89.1,0.008684,0.56201,1.08,1200.0,490.82,7.9,244,6338.0,4.357,1.143,1.08,15.411,13.3,-13.3,0.000797,-0.000672,3.07649,-0.37788,0.63,-0.12,15.822,15.365,15.235,15.172,14.326,14.042,13.906,-1,0.5691197
CANDIDATE,0,0,0,0,37.1084135,166.2423,0.0,0.7172,4.192,410.0,0.019882,1.62022,1.87,492.0,13.84,9.1,36,5591.0,4.559,0.86,0.977,15.948,60.4,-60.4,3.4e-05,-0.003089,3.49235,-1.52662,0.71,-0.14,16.541,15.886,15.694,15.653,14.698,14.174,14.102,-1,0.5691197
CANDIDATE,0,0,0,0,17.7666128,146.6749,0.0,0.2554,3.513,194.4,0.012845,3.2564,1.47,749.0,74.44,11.4,74,6018.0,4.38,1.048,0.961,14.971,22.4,-22.4,0.001102,-0.00056,1.64006,-2.02675,0.53,-0.2,15.443,14.918,14.769,14.664,13.737,13.413,13.28,-1,0.5691197
CANDIDATE,0,0,0,0,11.5672462,132.2547,0.0,0.0275,2.422,389.9,0.017427,7.23051,1.31,568.0,24.64,11.0,86,4597.0,4.59,0.691,0.678,15.674,48.2,-48.2,0.001763,-0.001011,2.53635,-4.78168,0.11,-0.12,16.661,15.594,15.251,15.066,13.891,13.293,13.207,-1,0.5691197
CANDIDATE,0,0,0,0,56.447048,170.5863,0.0,0.1687,7.006,144.8,0.01103,1.37149,1.31,515.0,16.57,13.1,23,5993.0,4.36,1.087,0.989,14.046,16.0,-16.0,0.000676,-0.00075,0.79628,-0.81104,0.5,-0.18,14.494,13.981,13.854,13.768,12.817,12.569,12.516,-1,0.5691197
CANDIDATE,0,0,0,0,31.4201379,132.7485,0.0,0.1345,3.6,503.3,0.020156,5.87281,1.66,471.0,11.61,11.5,39,5268.0,4.604,0.752,0.839,15.809,50.2,-50.2,0.001292,-0.001202,0.99465,-2.76127,0.39,-0.13,16.488,15.734,15.517,15.35,14.314,13.835,13.761,-1,0.5691197
CANDIDATE,0,0,0,0,5.56676606,132.49768,0.0,0.2273,1.768,182.8,0.012231,8.15617,1.0,843.0,119.14,12.2,238,5216.0,4.564,0.751,0.755,15.223,19.0,-19.0,0.000963,-0.000584,1.77855,-3.84902,0.21,-0.08,15.902,15.165,14.932,14.764,13.812,13.311,13.199,-1,0.5691197
CANDIDATE,0,0,0,0,3.436330107,132.4272,0.0,0.3061,0.584,537.1,0.021954,134.89523,1.56,945.0,188.22,14.3,310,5201.0,4.616,0.651,0.638,15.71,55.7,-55.7,0.003492,-0.001549,117.36427,-132.3839,0.18,-0.13,16.382,15.686,15.423,15.258,14.299,13.848,13.792,-1,0.5691197
CANDIDATE,0,0,0,0,3.38085095,133.9356,0.0,0.0807,3.308,230.5,0.013945,0.82023,1.17,1095.0,339.27,12.0,338,5775.0,4.59,0.768,0.838,15.514,23.1,-23.1,0.001041,-0.00062,0.20831,-0.39116,0.51,-0.09,16.063,15.48,15.279,15.162,14.21,13.868,13.735,-1,0.5691197
CANDIDATE,0,0,0,0,8.8493338,139.78954,0.0,0.8577,6.932,47.5,0.007212,0.03454,0.87,978.0,216.18,12.6,152,6095.0,4.349,1.11,1.004,13.556,4.2,-4.2,0.000697,-0.001022,0.17738,-0.01684,0.15,-0.08,13.988,13.522,13.371,13.312,12.385,12.09,12.044,-1,0.5691197
CANDIDATE,0,0,0,0,51.5676874,168.8789,0.0,0.4484,5.206,217.5,0.01357,2.31617,1.3,433.0,8.3,13.1,22,5285.0,4.467,0.876,0.821,13.882,19.2,-19.2,0.00048,-0.001089,1.64282,-0.65414,0.51,-0.14,14.778,13.849,13.498,14.292,12.555,12.137,12.035,-1,0.5691197
CANDIDATE,0,0,0,0,16.4490295,145.749,0.0,0.2958,6.545,77.4,0.007946,0.44355,1.82,928.0,175.51,11.2,43,5346.0,3.881,2.098,1.22,12.999,7.6,-7.6,0.000549,-0.00046,0.10881,-0.19969,0.97,-0.9,13.66,12.897,12.715,12.577,11.564,11.143,11.07,-1,0.5691197
CANDIDATE,0,0,0,0,7.58616622,132.80165,0.0,0.1173,4.201,136.2,0.010718,0.87574,1.02,928.0,175.29,11.0,179,5934.0,4.444,0.871,0.767,14.84,14.3,-14.3,0.000798,-0.000466,0.05447,-0.46717,0.46,-0.14,15.34,14.82,14.625,14.528,13.603,13.216,13.203,-1,0.5691197
CANDIDATE,0,0,0,0,6.60181882,137.47354,0.0,0.0275,2.633,221.7,0.013433,3.17505,1.26,874.0,138.25,10.7,207,5591.0,4.559,0.86,0.977,15.414,27.5,-27.5,0.001138,-0.00089,0.43928,-2.04094,0.45,-0.08,16.004,15.351,15.162,15.065,14.195,13.789,13.696,-1,0.5691197
CANDIDATE,0,0,0,0,4.2925774,134.4734,0.0,14.9513,3.991,220.6,13.959527,3.82446,1483.22,1143.0,403.88,8.9,265,6032.0,4.485,0.973,1.055,15.85,28.9,-28.9,3.899956,-8.080634,1.5398,-3.81034,586.9,-138.7,16.367,15.789,15.628,15.509,14.604,14.337,14.198,-1,0.5691197
CANDIDATE,0,0,0,0,5.75903542,132.16107,0.0,0.1712,2.637,73.5,0.007897,2.60161,0.89,1093.0,337.2,10.0,231,6210.0,4.45,1.033,1.093,14.199,8.5,-8.5,0.000481,-0.000562,0.32425,-1.32964,0.44,-0.08,14.589,14.134,14.033,13.991,13.103,12.829,12.826,-1,0.5691197
CANDIDATE,0,0,0,0,5.2736699,135.6398,0.0,0.5446,5.174,106.8,0.009747,0.20109,0.98,1014.0,249.68,9.8,254,5851.0,4.515,0.918,1.007,15.374,13.5,-13.5,0.000458,-0.000902,0.34231,-0.02896,0.42,-0.08,15.932,15.325,15.134,15.047,14.114,13.742,13.604,-1,0.5691197
CANDIDATE,0,0,0,0,24.5038818,140.1843,0.0,0.0495,6.043,122.6,0.009929,0.96165,1.01,577.0,26.25,11.2,54,5341.0,4.417,0.93,0.824,14.375,12.8,-12.8,0.000832,-0.000428,0.09519,-0.46475,0.67,-0.14,15.031,14.306,14.094,13.961,12.942,12.518,12.419,-1,0.5691197
CANDIDATE,0,0,0,0,12.0731459,142.4281,0.0,0.7287,4.218,78.9,0.008751,0.46244,1.02,863.0,131.07,7.8,113,5885.0,4.295,1.063,0.813,14.216,12.8,-12.8,0.000182,-0.001328,1.54527,-0.3957,0.35,-0.21,14.699,14.213,14.008,13.991,13.056,12.673,12.62,-1,0.5691197
CANDIDATE,0,0,0,0,82.401233,140.6537,0.0,0.1486,6.38,436.0,0.019183,2.74312,2.35,463.0,10.87,9.8,9,6195.0,4.407,1.124,1.178,15.202,56.0,-56.0,0.001477,-0.001374,0.41879,-1.73001,1.33,-0.26,15.633,15.122,15.017,14.938,14.049,13.81,13.824,-1,0.5691197
CANDIDATE,0,0,0,0,21.08669744,135.56516,0.0,92.6224,1.067,634.5,91.638718,920.77258,8295.76,638.0,39.28,10.0,54,6068.0,4.568,0.829,0.926,15.185,65.8,-65.8,8.346626,-39.60282,79.18164,-632.83813,3202.0,-540.4,15.614,15.143,15.0,14.944,14.062,13.73,13.666,-1,0.09536466
CANDIDATE,0,0,0,0,2.40174281,131.7835,0.0,0.0582,1.494,297.7,0.015661,6.35469,0.68,621.0,35.04,13.0,437,3607.0,4.855,0.4,0.418,15.737,29.2,-29.2,0.00124,-0.000652,1.89606,-3.99969,0.16,-0.12,17.317,15.898,15.06,14.646,13.406,12.683,12.507,-1,0.5691197
CANDIDATE,0,0,0,0,115.238747,155.5916,0.0,0.1804,5.373,567.6,0.02176,6.37355,2.07,353.0,3.69,10.8,9,5817.0,4.544,0.87,0.965,15.259,61.2,-61.2,0.00071,-0.002307,7.51437,-3.27338,0.78,-0.16,15.769,15.191,15.041,14.939,14.035,13.583,13.644,-1,0.5691197
CANDIDATE,0,0,0,0,21.7436511,148.9268,0.0,0.0458,7.566,176.7,0.012084,0.43815,1.98,799.0,96.15,15.6,35,5767.0,4.082,1.497,0.987,13.816,11.7,-11.7,0.000616,-0.000432,0.05033,-0.18306,0.92,-0.6,14.347,13.765,13.589,13.507,12.542,12.187,12.144,-1,0.5691197
CANDIDATE,0,0,0,0,18.3722825,149.4614,0.0,0.0834,4.233,180.3,0.012317,2.09845,1.1,652.0,42.66,9.7,71,5926.0,4.567,0.82,0.905,14.965,22.5,-22.5,0.000782,-0.001001,2.51445,-1.02226,0.5,-0.08,15.452,14.926,14.756,14.668,13.78,13.375,13.377,-1,0.5691197
CANDIDATE,0,0,0,0,14.7401327,133.5321,0.0,0.0927,5.522,293.6,0.015665,0.76482,1.64,750.0,74.65,10.8,73,5999.0,4.494,0.959,1.045,15.479,30.1,-30.1,0.001058,-0.000823,0.49107,-0.34454,0.58,-0.14,15.973,15.421,15.268,15.186,14.278,13.956,13.924,-1,0.5691197
CANDIDATE,0,0,0,0,3.51413723,132.40707,0.0,0.9353,3.919,32.7,0.006432,0.03083,0.69,1267.0,609.04,11.2,383,6201.0,4.472,0.989,1.058,13.474,3.5,-3.5,1e-06,-0.001584,0.48299,-0.00996,0.3,-0.06,13.84,13.413,13.317,13.264,12.419,12.111,12.046,-1,0.5691197
CANDIDATE,0,0,0,0,4.9650764,135.55288,0.0,0.3595,2.19,46.4,0.006244,3.3167,1.37,1404.0,917.99,13.0,269,5339.0,3.823,2.011,0.982,12.739,4.1,-4.1,0.000333,-0.000397,1.29544,-1.30737,0.94,-0.7,13.41,12.817,12.451,12.409,11.535,11.095,11.009,-1,0.5691197
CANDIDATE,0,0,0,0,1.141145902,132.24733,0.0,0.4868,1.542,78.0,0.008322,1.86061,0.94,1877.0,2935.03,12.8,933,6191.0,4.44,1.03,1.06,14.58,8.4,-8.4,0.00044,-0.000599,1.60403,-0.83372,0.44,-0.09,15.009,14.519,14.396,14.3,13.394,13.104,13.033,-1,0.5691197
CANDIDATE,0,0,0,0,31.1920182,153.83401,0.0,0.1737,2.846,513.9,0.020869,11.6139,1.77,521.0,17.43,11.4,46,5675.0,4.554,0.777,0.789,15.401,52.1,-52.1,0.001388,-0.001178,1.84743,-6.34974,0.8,-0.15,15.984,15.373,15.151,15.034,14.064,13.66,13.641,-1,0.5691197
CANDIDATE,0,0,0,0,22.884425,151.889,0.0,0.0862,3.809,456.6,0.019684,3.66432,2.53,753.0,76.18,9.9,12,6422.0,4.364,1.175,1.161,14.12,58.5,-58.5,0.001322,-0.001584,0.77792,-1.84695,1.59,-0.33,14.468,14.07,13.971,13.957,13.088,12.864,12.798,-1,0.5691197
CANDIDATE,0,0,0,0,4.31720867,133.432,0.0,0.6128,4.072,59.1,0.007356,0.28145,1.05,1332.0,743.6,11.3,143,5992.0,4.195,1.31,0.979,13.6,6.3,-6.3,5.3e-05,-0.000849,0.25848,-0.10486,0.47,-0.24,14.052,13.553,13.406,13.346,12.491,12.163,12.098,-1,0.5691197
CANDIDATE,0,0,0,0,3.74100638,132.2035,0.0,0.0552,6.039,30.8,0.00493,0.14803,1.74,1732.0,2129.07,11.2,361,5110.0,3.611,3.231,1.554,13.096,3.3,-3.3,0.000457,-0.000207,0.04612,-0.0699,0.8,-0.77,13.876,13.018,12.762,12.589,11.54,11.07,10.958,-1,0.5691197
CANDIDATE,0,0,0,0,5.38609478,133.96188,0.0,0.0992,1.987,200.5,0.012945,5.9407,0.93,849.0,123.11,9.6,250,5523.0,4.664,0.659,0.73,15.347,25.2,-25.2,0.000788,-0.001164,1.87776,-3.20174,0.17,-0.05,15.915,15.314,15.103,14.975,14.058,13.631,13.506,-1,0.5691197
CANDIDATE,0,0,0,0,13.2971131,136.5639,0.0,0.3044,3.105,197.0,0.012687,3.37693,0.85,488.0,13.46,10.6,95,4349.0,4.668,0.614,0.639,15.073,22.4,-22.4,0.000895,-0.000868,0.92142,-2.18728,0.08,-0.08,16.199,15.036,14.59,14.366,13.256,12.654,12.468,-1,0.5691197
CANDIDATE,0,0,0,0,6.33355378,133.7156,0.0,0.2435,2.162,145.2,0.010684,4.99589,0.72,625.0,36.13,9.0,209,4349.0,4.668,0.614,0.639,15.073,20.1,-20.1,0.000911,-0.000879,1.23909,-4.78485,0.07,-0.07,16.199,15.036,14.59,14.366,13.256,12.654,12.468,-1,0.5691197
CANDIDATE,0,0,0,0,10.471747,136.2854,0.0,0.3206,4.567,129.4,0.01053,0.81777,0.99,802.0,97.58,11.1,128,5944.0,4.543,0.857,0.934,14.486,13.7,-13.7,0.000554,-0.000717,0.43239,-0.33106,0.42,-0.08,14.939,14.443,14.291,14.231,13.379,13.056,12.948,-1,0.5691197
CANDIDATE,0,0,0,0,0.85609532,132.26127,0.0,0.5731,0.584,143.3,0.011729,21.22335,0.99,1603.0,1559.21,9.3,1044,5285.0,4.566,0.775,0.805,15.247,20.6,-20.6,0.000324,-0.002655,2.35942,-11.29079,0.27,-0.08,15.91,15.192,14.964,14.835,13.854,13.418,13.299,-1,0.5691197
CANDIDATE,0,0,0,0,19.2544888,148.0195,0.0,0.151,4.793,220.2,0.013458,1.4856,1.28,626.0,36.3,9.5,66,5674.0,4.545,0.872,0.972,15.23,25.8,-25.8,0.001015,-0.0009,0.32563,-0.91052,0.5,-0.1,15.79,15.147,14.99,14.879,13.939,13.564,13.499,-1,0.5691197
CANDIDATE,0,0,0,0,3.1993984,133.00659,0.0,0.123,1.804,74.9,0.007915,4.61542,0.6,1024.0,260.25,8.8,420,5475.0,4.632,0.698,0.762,14.261,10.8,-10.8,0.000876,-0.000437,2.27648,-2.99196,0.15,-0.04,14.8,14.217,14.029,13.924,12.955,12.543,12.477,-1,0.5691197
CANDIDATE,0,0,0,0,3.04188447,132.49688,0.0,0.1597,1.823,56.0,0.006857,4.17446,0.63,1177.0,453.14,10.2,438,5811.0,4.553,0.845,0.929,14.147,8.0,-8.0,0.000894,-0.000207,3.66284,-2.40338,0.29,-0.05,14.643,14.097,13.935,13.864,12.961,12.585,12.533,-1,0.5691197
CANDIDATE,0,0,0,0,1.89872895,132.09363,0.0,0.0385,1.315,88.8,0.00861,7.24611,0.99,1525.0,1279.95,10.7,558,5942.0,4.439,1.05,1.104,14.457,11.1,-11.1,0.000786,-0.000492,3.84401,-4.43886,0.49,-0.1,14.94,14.376,14.249,14.214,13.279,12.978,12.92,-1,0.5691197
CANDIDATE,0,0,0,0,17.741281,144.3588,0.0,0.2773,5.402,161.7,0.011633,0.87485,1.21,684.0,51.69,9.4,62,5817.0,4.491,0.956,1.032,14.641,21.6,-21.6,0.001017,-0.000801,0.67921,-0.37287,0.53,-0.1,15.188,14.589,14.406,14.33,13.518,13.134,13.07,-1,0.5691197
CANDIDATE,0,0,0,0,2.63529693,133.97809,0.0,0.1625,2.042,65.6,0.007332,2.57928,0.63,1123.0,375.56,10.4,507,5388.0,4.566,0.781,0.819,14.342,7.9,-7.9,0.000568,-0.000508,14.80951,-1.05082,0.21,-0.06,14.943,14.288,14.085,13.994,12.995,12.578,12.511,-1,0.5691197
CANDIDATE,0,0,0,0,147.386541,174.6665,0.0,0.057,9.744,935.6,0.027917,1.45254,3.07,356.0,3.78,15.9,7,6046.0,4.478,1.007,1.111,15.817,75.3,-75.3,0.001058,-0.001813,0.5485,-0.49725,1.44,-0.27,16.356,15.76,15.587,15.532,14.652,14.217,14.228,-1,0.5691197
CANDIDATE,0,0,0,0,4.11496853,135.3205,0.0,0.1302,3.031,178.6,0.012254,1.26673,1.24,1137.0,395.27,10.3,280,6011.0,4.507,0.927,1.006,15.392,19.5,-19.5,0.000846,-0.000703,0.14217,-0.64218,0.53,-0.11,15.907,15.35,15.171,15.085,14.101,13.8,13.76,-1,0.5691197
CANDIDATE,0,0,0,0,7.5020391,135.0913,0.0,0.3894,2.968,265.2,0.014724,1.99529,1.22,709.0,59.73,9.8,176,4807.0,4.546,0.758,0.737,15.562,34.0,-34.0,0.001255,-0.001006,2.06402,-1.94076,1.81,-0.11,16.443,15.482,15.185,14.971,13.9,13.317,13.276,-1,0.5691197
CANDIDATE,0,0,0,0,5.66494448,136.33835,0.0,0.4638,4.173,46.0,0.006346,0.47241,0.78,1134.0,390.59,11.4,237,5888.0,4.269,1.13,0.865,13.221,4.1,-4.1,0.00018,-0.000479,0.25085,-0.08307,0.26,-0.16,13.682,13.188,13.024,12.974,12.027,11.731,11.659,-1,0.5691197
CANDIDATE,0,0,0,0,4.08194098,132.111,0.0,0.3304,2.943,26.0,0.004753,1.16125,0.65,1425.0,974.06,9.9,333,6532.0,4.271,1.247,1.056,13.05,3.5,-3.5,0.00036,-0.000343,0.58151,-0.70755,0.29,-0.11,13.341,13.004,12.925,12.896,12.067,11.82,11.778,-1,0.5691197
CANDIDATE,0,0,0,0,5.522479,133.1184,0.0,0.6606,2.666,33.1,0.005574,1.07757,0.76,1288.0,650.66,8.6,226,6532.0,4.271,1.247,1.056,13.05,4.7,-4.7,0.000184,-0.000677,2.51702,-0.2392,0.35,-0.13,13.341,13.004,12.925,12.896,12.067,11.82,11.778,-1,0.5691197
CANDIDATE,0,0,0,0,0.91217921,131.80968,0.0,0.5165,1.251,175.6,0.012429,2.6809,0.66,954.0,195.84,10.2,1469,3741.0,4.758,0.488,0.498,15.783,22.8,-22.8,0.000722,-0.001213,3.04354,-1.19869,0.11,-0.07,17.267,15.898,15.147,14.719,13.48,12.805,12.639,-1,0.5691197
CANDIDATE,0,0,0,0,5.1920676,134.5617,0.0,0.3924,3.713,71.2,0.007867,0.68909,0.89,1148.0,410.0,10.2,258,6297.0,4.448,1.031,1.084,14.423,8.0,-8.0,0.000355,-0.000713,0.35154,-0.29477,0.43,-0.08,14.785,14.366,14.268,14.235,13.378,13.136,13.101,-1,0.5691197
CANDIDATE,0,0,0,0,5.67929509,132.9789,0.0,1.052,5.26,71.1,0.061397,0.00226,10.63,1420.0,961.1,11.0,237,6514.0,4.09,1.585,1.127,12.892,8.0,-8.0,0.591936,-0.052031,0.00313,-0.00049,5.2,-2.99,13.374,12.837,12.686,14.292,12.661,12.448,12.389,-1,0.5691197
CANDIDATE,0,0,0,0,9.33955369,138.11053,0.0,1.1549,2.253,277.6,0.17305,0.06276,20.81,882.0,143.02,10.9,143,5516.0,4.308,1.101,0.898,15.03,34.3,-34.3,0.236144,-0.162499,1.94639,-0.04514,7.52,-3.82,15.647,14.975,14.765,14.687,13.702,13.329,13.285,-1,0.5691197
CANDIDATE,0,0,0,0,17.99562529,145.60092,0.0,1.2379,0.871,1068.0,0.276761,7.04218,28.98,701.0,57.21,12.1,61,5999.0,4.494,0.959,1.045,15.822,113.0,-113.0,0.494292,-0.180356,10.87396,-3.51464,12.24,-2.63,16.347,15.768,15.598,15.479,14.553,14.284,14.206,-1,0.5691197
CANDIDATE,0,0,0,0,63.092904,158.1044,0.0,0.1848,6.95,524.7,0.021167,1.6059,3.06,573.0,25.4,10.6,16,6622.0,4.331,1.325,1.372,15.765,57.1,-57.1,0.001193,-0.001535,0.50166,-0.77491,1.79,-0.49,16.136,15.705,15.606,15.589,14.752,14.458,14.474,-1,0.5691197
CANDIDATE,0,0,0,0,4.73088671,135.19277,0.0,0.3305,3.124,232.8,0.014093,1.15873,1.4,1065.0,303.67,11.1,218,5941.0,4.519,0.911,1.001,15.68,24.0,-24.0,0.000906,-0.000808,0.47093,-0.46378,0.56,-0.11,16.198,15.631,15.458,15.364,14.427,14.04,14.088,-1,0.5691197
CANDIDATE,0,0,0,0,21.374862,143.6873,0.0,0.1409,8.73,106.7,0.00951,0.27111,1.09,717.0,62.37,11.0,50,5984.0,4.322,1.052,0.846,14.143,10.4,-10.4,0.000507,-0.000601,0.02568,-0.15945,0.37,-0.2,14.596,14.12,13.949,13.906,12.982,12.602,12.577,-1,0.5691197
CANDIDATE,0,0,0,0,6.58753753,138.04233,0.0,0.194,1.886,233.7,0.014029,8.17598,1.52,991.0,228.36,8.6,104,6014.0,4.486,0.993,1.101,15.652,34.0,-34.0,0.001376,-0.000902,2.80916,-4.6446,0.51,-0.14,16.135,15.597,15.445,15.377,14.5,14.182,14.019,-1,0.5691197
CANDIDATE,0,0,0,0,6.67169205,131.92406,0.0,0.285,2.861,160.7,0.011692,2.20244,1.3,1024.0,259.72,9.6,153,6086.0,4.435,1.021,1.031,15.134,18.8,-18.8,0.000711,-0.000909,0.84053,-0.86402,0.58,-0.13,15.599,15.09,14.935,14.903,13.995,13.641,13.633,-1,0.5691197
CANDIDATE,0,0,0,0,3.59449824,132.36135,0.0,0.0435,2.484,94.2,0.008851,2.03281,0.84,1126.0,380.1,9.9,368,5835.0,4.544,0.869,0.963,15.033,11.2,-11.2,0.000425,-0.000907,0.28395,-1.34922,0.33,-0.07,15.528,14.987,14.82,14.763,13.838,13.501,13.454,-1,0.5691197
CANDIDATE,0,0,0,0,4.86077937,135.77255,0.0,0.0252,1.83,295.6,0.015642,7.0076,1.3,931.0,177.69,8.5,173,5544.0,4.588,0.764,0.824,15.933,42.7,-42.7,0.001664,-0.001029,1.34252,-4.95547,0.53,-0.1,16.556,15.898,15.666,15.544,14.614,14.177,14.138,-1,0.5691197
CANDIDATE,0,0,0,0,4.04484897,133.5913,0.0,0.7284,3.27,33.2,0.005683,0.3331,0.7,1318.0,712.55,7.4,334,6351.0,4.366,1.126,1.066,13.778,5.3,-5.3,4e-05,-0.000935,1.19492,-0.32354,0.4,-0.08,14.135,13.719,13.626,13.598,12.702,12.426,12.383,-1,0.5691197
CANDIDATE,0,0,0,0,0.876848974,131.77162,0.0,0.4302,1.498,71.1,0.007905,1.7366,0.83,1981.0,3643.93,10.0,1525,6168.0,4.488,0.96,1.034,14.878,9.1,-9.1,0.000649,-0.000466,1.77035,-1.60121,0.28,-0.08,15.311,14.841,14.693,14.643,13.807,13.514,13.431,-1,0.5691197
CANDIDATE,0,0,0,0,6.78788803,136.33191,0.0,0.1363,2.381,84.5,0.008497,4.23373,1.37,1273.0,620.4,8.2,150,6543.0,4.203,1.48,1.277,13.36,10.1,-10.1,0.000668,-0.000505,1.32724,-2.35277,0.76,-0.32,13.651,13.293,13.234,13.209,12.404,12.173,12.126,-1,0.5691197
CANDIDATE,0,0,0,0,8.97374036,139.74522,0.0,0.1378,2.209,109.8,0.009686,7.0284,1.57,1159.0,427.27,9.5,115,6543.0,4.203,1.48,1.277,13.36,14.5,-14.5,0.000645,-0.000781,0.64959,-6.80525,0.86,-0.37,13.651,13.293,13.234,13.209,12.404,12.173,12.126,-1,0.5691197
CANDIDATE,0,0,0,0,5.4742819,133.6195,0.0,0.1565,3.344,68.5,0.007592,1.22188,0.83,1073.0,313.85,8.8,249,6077.0,4.471,0.999,1.077,14.211,10.3,-10.3,0.000661,-0.000618,0.70723,-1.18591,0.32,-0.08,14.654,14.164,14.021,14.001,13.131,12.817,12.754,-1,0.5691197
CANDIDATE,0,0,0,0,38.168652,144.4713,0.0,0.0283,5.086,90.6,0.008741,2.50902,1.4,696.0,55.36,8.3,34,6164.0,4.117,1.465,1.026,13.195,12.6,-12.6,0.000582,-0.000877,5.38646,-1.49292,0.67,-0.39,13.617,13.161,13.015,12.958,12.127,11.846,11.796,-1,0.5691197
CANDIDATE,0,0,0,0,3.0032416,132.0912,0.0,0.078,2.124,380.9,0.018053,2.77842,3.49,1826.0,2630.88,14.0,58,6606.0,4.071,1.768,1.349,14.526,34.2,-34.2,0.001244,-0.000719,0.94274,-1.38222,1.65,-1.08,14.956,14.485,14.342,14.275,13.398,13.121,13.026,-1,0.5691197
CANDIDATE,0,0,0,0,43.149322,132.1305,0.0,0.183,30.54,140.2,0.010902,0.01262,1.23,565.0,24.17,13.2,34,6204.0,4.416,1.035,1.014,14.756,11.8,-11.8,0.000515,-0.000568,0.00216,-0.0057,0.54,-0.13,15.208,14.722,14.562,14.532,13.609,13.302,13.289,-1,0.5691197
CANDIDATE,0,0,0,0,18.63330433,141.5727656,0.0,0.4711,25.75,507.1,0.023196,1.0851,2.41,941.0,185.17,33.5,77,5806.0,4.466,0.962,0.965,11.347,19.3,-19.3,0.000832,-0.000914,0.22037,-0.18209,0.88,-0.26,11.63,11.274,11.225,11.223,10.427,10.204,10.155,-1,0.5691197
CANDIDATE,0,0,0,0,0.681137877,131.57692,0.0,0.9705,2.72954,107390.0,0.492204,0.60885,46.44,2028.0,3995.23,622.0,1042,5872.0,4.474,0.864,0.811,12.545,297.0,-297.0,0.075715,-0.108545,0.04293,-0.06105,19.94,-5.48,12.971,12.499,12.362,12.292,11.458,11.139,11.054,-1,3.5605383e-32
CANDIDATE,0,0,0,0,25.2218929,143.6316,0.0,1.253,41.25,282.1,0.267718,0.00011,39.99,809.0,101.29,97.9,54,6631.0,4.244,1.368,1.204,11.941,6.1,-6.1,0.601794,-0.181338,0.00017,-2e-05,21.61,-7.48,12.191,11.889,11.834,11.85,10.986,10.754,10.704,-1,0.5691197
CANDIDATE,0,0,0,0,4.98791445,133.65405,0.0,0.4972,1.589,344.9,0.017339,7.34662,0.76,486.0,13.16,8.7,260,3606.0,4.859,0.4,0.422,15.555,45.4,-45.4,0.001368,-0.001161,5.855,-6.97588,0.09,-0.12,17.128,15.728,14.88,14.447,13.204,12.551,12.372,-1,0.5691197
CANDIDATE,0,0,0,0,420.929608,196.686842,0.0,1.354,17.384,86954.0,0.757107,0.94912,97.31,292.0,1.72,1890.1,4,6462.0,4.322,1.177,1.056,13.858,93.9,-93.9,0.063699,-0.077243,0.04221,-0.04567,51.67,-13.23,14.206,13.816,13.709,13.656,12.828,12.558,12.501,-1,8.346186e-20
CANDIDATE,0,0,0,0,59.4038121,159.80008,0.0,0.8361,9.621,140.6,0.012192,0.10468,1.61,570.0,24.93,25.9,23,6373.0,4.256,1.209,0.961,11.679,6.1,-6.1,0.000832,-0.001266,0.41863,-0.06654,0.6,-0.3,12.278,11.628,11.423,14.292,11.246,11.001,10.975,-1,0.5691197
CANDIDATE,0,0,0,0,43.582561,148.4152,0.0,0.2763,6.539,475.8,0.020156,1.24536,2.27,558.0,22.89,9.9,30,6225.0,4.45,1.031,1.091,15.63,52.7,-52.7,0.000663,-0.002081,0.32033,-0.56644,0.92,-0.21,16.077,15.571,15.438,15.35,14.449,14.14,14.138,-1,0.5691197
CANDIDATE,0,0,0,0,2.945413768,133.95547,0.0,0.0235,2.7081,972.9,0.027405,1.36538,57.62,3917.0,55672.23,70.4,454,4584.0,2.185,19.255,2.07,11.557,19.8,-19.8,0.000958,-0.000304,0.06806,-0.38051,15.59,-29.82,12.625,11.504,11.099,10.821,9.527,8.876,8.712,-1,1.5076212e-13
CANDIDATE,0,0,0,0,26.091817,149.1249,0.0,0.1694,6.559,119.4,0.010091,0.77054,1.12,672.0,48.13,11.1,52,6348.0,4.455,1.014,1.066,13.98,12.4,-12.4,0.000668,-0.000529,0.19415,-0.27665,0.43,-0.11,14.325,13.94,13.832,13.818,13.003,12.695,12.678,-1,0.5691197
CANDIDATE,0,0,0,0,47.0627425,171.94877,0.0,0.2486,1.464,1788.0,0.038874,129.77197,3.81,483.0,12.9,13.0,24,5838.0,4.529,0.897,0.992,15.706,198.0,-198.0,0.003113,-0.001961,43.53627,-70.33134,1.57,-0.3,16.261,15.637,15.469,15.317,14.429,14.108,14.071,-1,0.5691197
CANDIDATE,0,0,0,0,2.976011944,132.970616,0.0,0.4439,6.52442,446350.0,0.675549,0.40085,105.2,1698.0,1964.29,5125.0,0,6582.0,4.168,1.426,1.09,11.287,186.0,-186.0,0.001255,-0.000901,0.00092,-0.00046,49.35,-23.54,11.503,11.216,11.15,11.163,10.34,10.117,10.117,-1,0.0
CANDIDATE,0,0,0,0,1.606003041,132.4945507,0.0,0.4599,4.90498,431930.0,0.669788,0.52409,68.83,1675.0,1860.47,8099.9,838,6420.0,4.492,0.941,1.002,14.194,98.9,-98.9,0.000749,-0.000861,0.00066,-0.00057,26.33,-6.08,14.533,14.159,14.05,14.011,13.193,12.941,12.891,-1,0.0
CANDIDATE,0,0,0,0,12.5746152,142.34259,0.0,0.4358,3.547,353.7,0.017472,1.84953,1.46,688.0,52.87,12.2,83,5627.0,4.591,0.763,0.828,15.133,34.9,-34.9,0.000989,-0.000991,1.96789,-0.45409,0.55,-0.1,15.674,15.095,14.901,14.798,13.917,13.488,13.476,-1,0.5691197
CANDIDATE,0,0,0,0,65.751633,183.3193,0.0,0.3339,7.25,396.8,0.018454,1.29628,1.84,455.0,10.17,9.0,20,6088.0,4.511,0.913,0.988,15.478,49.0,-49.0,0.001004,-0.001621,0.37541,-0.60792,0.67,-0.16,15.947,15.434,15.277,15.185,14.296,13.94,13.942,-1,0.5691197
CANDIDATE,0,0,0,0,14.5169379,137.5462,0.0,0.1309,4.904,96.8,0.008991,1.04075,1.85,1030.0,265.78,12.2,72,5934.0,3.945,1.885,1.141,13.698,10.3,-10.3,0.000487,-0.000668,0.07122,-0.67686,0.64,-0.73,14.232,13.654,13.469,13.368,12.527,12.197,12.106,-1,0.5691197
CANDIDATE,0,0,0,0,293.5052772,328.72729,0.0,2.1083,3.4532,7316.0,1.196282,14.00944,111.56,245.0,0.85,46.4,4,5561.0,4.561,0.854,0.968,15.184,158.0,-158.0,29.41541,-0.797722,647.17792,-4.93243,43.76,-7.71,15.797,15.102,14.921,14.789,13.977,13.548,13.528,-1,0.5691197
CANDIDATE,0,0,0,0,73.3378513,136.58674,0.0,1.1007,9.026,111610.0,0.595903,1.29889,93.7,620.0,34.86,184.8,15,7216.0,4.254,1.44,1.361,13.559,889.0,-889.0,3.42658,-0.08228,5.51383,-0.11966,62.73,-15.03,13.735,13.5,13.461,13.479,12.699,12.49,12.417,-1,2.4807304e-32
CANDIDATE,0,0,0,0,282.5363177,241.528764,0.0,1.5292,10.3053,29831.0,0.739948,1.24515,113.93,360.0,3.98,1025.6,3,6401.0,4.175,1.41,1.084,13.252,51.0,-51.0,0.199483,-0.280233,0.15834,-0.17972,58.34,-27.15,13.783,13.202,13.025,14.292,12.054,11.799,11.75,-1,0.5691197
CANDIDATE,0,0,0,0,29.609386,141.24997,0.0,0.0458,2.921,213.9,0.013484,10.40247,1.5,648.0,41.74,10.3,41,6316.0,4.428,1.021,1.016,14.385,26.6,-26.6,0.001182,-0.000711,1.85898,-5.91251,0.65,-0.15,14.762,14.358,14.224,14.202,13.396,13.079,13.035,-1,0.5691197
CANDIDATE,0,0,0,0,1.01835891,131.67946,0.0,0.5132,7.6737,401260.0,0.657405,0.13693,105.03,2301.0,6627.64,1367.3,179,6160.0,4.144,1.463,1.087,14.299,644.0,-644.0,0.012719,-0.007267,0.00281,-0.00194,55.92,-27.79,14.761,14.257,14.101,14.017,13.135,12.87,12.734,-1,0.0
CANDIDATE,0,0,0,0,155.045322,166.6109,0.0,83.0007,10.814,2436.9,82.035538,16.58976,24518.8,605.0,31.74,44.0,8,6910.0,3.831,2.737,1.851,12.649,68.1,-68.1,17.94592,-30.80603,4.22512,-11.89516,8233.0,-7928.0,12.919,12.595,12.533,12.521,11.751,11.614,11.575,-1,1.3560068e-08
CANDIDATE,0,0,0,0,1.714415022,131.8661269,0.0,1.2693,5.14142,110480.0,0.741346,0.2452,131.63,2049.0,4165.53,10761.2,790,6351.0,4.12,1.626,1.274,13.309,38.4,-38.4,0.010569,-0.012251,0.0022,-0.0033,68.57,-39.18,13.689,13.254,13.147,13.077,12.265,12.042,11.953,-1,6.294334e-10
CANDIDATE,0,0,0,0,180.4117913,142.86535,0.0,0.9302,3.272,4598.0,0.078131,7.03585,8.3,329.0,2.77,28.9,6,6032.0,4.485,0.973,1.055,15.656,220.0,-220.0,13.73275,-0.01042,93.57571,-4.79242,2.97,-0.77,16.161,15.609,15.44,15.36,14.458,14.185,14.017,-1,0.5691197
CANDIDATE,0,0,0,0,49.1785632,165.7629,0.0,0.0596,5.734,536.8,0.021135,2.33093,1.94,468.0,11.32,9.9,21,5674.0,4.473,0.839,0.764,15.527,61.7,-61.7,0.001333,-0.001451,0.1364,-1.23238,0.91,-0.24,16.078,15.499,15.291,15.183,14.255,13.939,13.852,-1,0.5691197
CANDIDATE,0,0,0,0,26.737137811,146.8472847,0.0,0.7373,4.66825,54265.0,0.233715,2.14688,26.06,666.0,46.4,6769.3,40,6068.0,4.343,1.021,0.838,12.688,19.1,-19.1,6.3e-05,-8.3e-05,0.00344,-0.00205,8.96,-4.6,13.077,12.646,12.522,12.456,11.59,11.256,11.222,-1,0.5691197
CANDIDATE,0,0,0,0,100.345386,152.846,0.0,0.2267,7.929,310.5,0.01588,1.64856,1.56,354.0,3.7,11.0,15,5313.0,4.441,0.9,0.815,14.855,29.2,-29.2,0.00083,-0.001237,0.24663,-0.7126,0.68,-0.19,15.525,14.799,14.568,14.472,13.449,13.023,12.996,-1,0.5691197
CANDIDATE,0,0,0,0,21.1579435,150.5855,0.0,0.7161,4.691,225.0,0.014717,0.64361,1.63,682.0,51.22,8.9,64,6063.0,4.476,1.012,1.117,15.531,27.7,-27.7,1e-05,-0.002011,1.45916,-0.11154,0.57,-0.15,15.995,15.455,15.331,15.25,14.385,14.037,13.96,-1,0.5691197
CANDIDATE,0,0,0,0,28.614371,147.7435,0.0,0.5313,24.88,91.1,0.009044,0.01004,0.83,578.0,26.44,15.5,49,5977.0,4.528,0.842,0.871,14.091,8.1,-8.1,0.000502,-0.000437,0.01821,-0.00369,0.37,-0.07,14.544,14.053,13.897,13.82,12.903,12.529,12.507,-1,0.5691197
CANDIDATE,0,0,0,0,2.622830256,131.8571776,0.0,0.4353,7.38493,452820.0,0.676681,0.25315,73.01,1404.0,917.98,6137.2,0,6233.0,4.472,0.988,1.054,15.768,140.0,-140.0,0.000921,-0.001183,0.00036,-0.00039,26.97,-7.1,16.225,15.734,15.572,15.489,14.658,14.326,14.269,-1,0.0
CANDIDATE,0,0,0,0,33.3722677,153.6086,0.0,0.5464,3.647,728.2,0.02537,3.79207,2.2,491.0,13.71,9.8,30,5494.0,4.577,0.794,0.868,15.986,83.4,-83.4,0.000626,-0.002833,2.35642,-2.00553,0.87,-0.16,16.629,15.932,15.711,15.568,14.629,14.058,14.106,-1,0.5691197
CANDIDATE,0,0,0,0,276.88125,176.51979,0.0,84.7296,3.769,2190.0,83.764427,628.19708,6933.48,239.0,0.78,12.8,5,5511.0,4.597,0.758,0.828,15.772,212.0,-212.0,16.23531,-24.52533,98.34167,-455.08005,2607.0,-493.9,16.375,15.742,15.514,15.379,14.435,13.957,13.973,-1,0.45981777
CANDIDATE,0,0,0,0,18.78971153,143.82453,0.0,1.1662,4.1552,43453.0,0.460682,1.50679,44.47,752.0,75.6,717.6,11,6477.0,4.439,0.884,0.784,15.115,85.1,-85.1,0.277062,-0.018639,0.19919,-0.04864,17.91,-5.53,15.567,15.078,14.921,14.849,13.941,13.655,13.536,-1,7.263541e-05
CANDIDATE,0,0,0,0,0.668831738,131.8654,0.0,0.1069,1.1595,67.8,0.007113,3.73226,115.78,14225.0,9678286.59,24.1,499,3299.0,0.146,149.058,1.134,11.598,3.7,-3.7,0.000552,-0.0002,0.63388,-1.57909,7.94,-26.9,13.879,12.215,10.62,9.732,8.082,7.087,6.775,-1,0.0
CANDIDATE,0,0,0,0,43.93115026,134.214319,0.0,0.8564,12.9354,9422.3,0.104498,0.05834,73.52,1007.0,243.45,1156.0,32,4977.0,3.116,6.443,1.979,12.776,10.7,-10.7,4.6e-05,-0.000223,0.00059,-0.00029,29.37,-35.02,13.625,12.699,12.412,12.22,11.061,10.564,10.434,-1,0.5691197
CANDIDATE,0,0,0,0,78.604354517,143.9950139,0.0,0.8296,4.6607,81174.0,0.332286,7.41857,35.74,438.0,8.68,2483.2,14,5938.0,4.427,0.985,0.947,14.08,75.1,-75.1,0.005701,-0.003672,0.01891,-0.04704,13.46,-4.21,14.558,14.024,13.875,13.774,12.864,12.533,12.465,-1,3.0022682e-17
CANDIDATE,0,0,0,0,3.350247222,131.834435,0.0,2.7715,4.4405,27518.0,1.945891,0.44466,588.18,2243.0,5980.93,1183.9,401,6915.0,3.756,2.768,1.595,11.494,56.9,-56.9,0.219992,-1.231685,0.02025,-0.25664,148.3,-226.9,11.687,11.43,11.38,11.39,10.587,10.415,10.362,-1,0.5691197
CANDIDATE,0,0,0,0,43.681742,168.9133,0.0,0.363,11.02,312.9,0.016318,0.23567,1.48,475.0,12.06,9.8,23,5735.0,4.559,0.833,0.915,15.649,36.4,-36.4,0.000797,-0.001459,0.03293,-0.15686,0.65,-0.11,16.221,15.602,15.404,15.304,14.299,13.859,13.892,-1,0.5691197
CANDIDATE,0,0,0,0,26.5243031,156.17138,0.0,0.4584,2.26,155.8,0.011447,14.20107,2.13,695.0,55.06,9.3,43,4995.0,3.954,1.703,0.95,13.681,21.1,-21.1,0.000739,-0.00111,11.67041,-13.70774,1.82,-1.13,14.51,13.615,13.326,13.163,12.151,11.62,11.534,-1,0.5691197
CANDIDATE,0,0,0,0,230.180609,230.05317,0.0,0.0299,13.353,4023.3,0.058089,0.96476,6.39,313.0,2.28,66.3,5,6085.0,4.439,1.007,1.011,15.469,74.6,-74.6,0.001045,-0.000446,0.01429,-0.19203,2.63,-0.68,15.985,15.427,15.248,15.133,14.237,13.969,13.848,-1,0.5691197
CANDIDATE,0,0,0,0,0.7820462,131.899,0.0,0.6777,3.927,358.9,0.018332,0.08796,27.43,5791.0,265772.15,3.3,257,4486.0,2.114,13.701,0.891,11.378,69.4,-69.4,0.010364,-0.001992,0.06548,-0.02698,8.3,-0.94,12.445,11.342,10.921,10.654,9.425,8.743,8.626,-1,0.0
CANDIDATE,0,0,0,0,22.4932751,132.2511,0.0,0.1313,3.172,152.0,0.011101,5.98907,6.04,1183.0,463.56,11.2,59,5186.0,3.273,4.98,1.699,11.4,17.6,-17.6,0.000565,-0.001029,0.05166,-4.55212,2.64,-2.38,12.071,11.344,11.113,10.944,9.926,9.439,9.361,-1,0.5691197
CANDIDATE,0,0,0,0,535.93723,135.5316,0.0,0.5968,11.85,337.2,0.017502,1.52135,1.83,227.0,0.63,8.8,3,6014.0,4.494,0.958,1.043,14.679,47.4,-47.4,9e-06,-0.002852,1.36579,-0.57202,0.78,-0.16,15.152,14.615,14.476,14.395,13.481,13.195,13.153,-1,0.5691197
CANDIDATE,0,0,0,0,4.182361819,134.053134,0.0,0.7175,6.74022,200690.0,0.500981,0.2752,63.79,1303.0,680.56,4770.3,43,6188.0,4.314,1.166,1.02,14.74,80.8,-80.8,1.9e-05,-0.00135,0.00032,-0.00033,30.96,-9.79,15.161,14.696,14.559,14.491,13.645,13.325,13.3,-1,0.0
CANDIDATE,0,0,0,0,18.9822165,139.2721,0.0,0.6611,6.183,55.4,0.007196,0.29801,0.65,651.0,42.42,8.9,52,5830.0,4.503,0.825,0.79,13.048,6.3,-6.3,0.001755,-0.000578,0.51241,-0.00018,0.29,-0.07,13.485,13.002,12.861,12.788,11.919,11.573,11.526,-1,0.5691197
CANDIDATE,0,0,0,0,3.56448897,134.45106,0.0,0.0862,2.374,50.9,0.006438,2.27372,0.57,1038.0,274.43,14.2,371,5461.0,4.564,0.817,0.894,12.936,7.2,-7.2,0.000698,-0.000324,0.77271,-1.49473,0.21,-0.04,13.49,12.879,12.698,12.649,11.683,11.364,11.267,-1,0.5691197
CANDIDATE,0,0,0,0,27.765318,132.0952,0.0,0.3086,22.51,143.8,0.011052,0.01846,0.85,509.0,15.86,13.0,53,5457.0,4.57,0.701,0.667,15.197,12.4,-12.4,0.000496,-0.000705,0.0036,-0.00842,0.18,-0.08,15.806,15.183,14.936,14.798,13.814,13.358,13.248,-1,0.5691197
CANDIDATE,0,0,0,0,1.534680255,132.331183,0.0,0.0303,1.7215,463.0,0.019252,2.71194,31.85,4592.0,105146.09,67.4,876,4961.0,2.441,15.15,2.309,12.224,8.6,-8.6,0.000747,-0.000212,0.25019,-0.81107,8.6,-16.11,13.138,12.206,11.833,11.569,10.312,9.793,9.657,-1,1.846012e-26
CANDIDATE,0,0,0,0,171.030621,301.739,0.0,0.1506,10.84,493.5,0.020389,1.16402,2.39,358.0,3.89,11.3,6,6054.0,4.363,1.074,0.971,14.892,41.9,-41.9,0.001356,-0.000756,0.19791,-0.55066,0.87,-0.33,15.36,14.86,14.691,14.652,13.719,13.396,13.376,-1,0.5691197
CANDIDATE,0,0,0,0,550.859839,307.6892,0.0,0.1202,14.592,364.3,0.01755,1.54259,1.98,240.0,0.79,22.5,3,6241.0,4.45,1.031,1.088,13.093,18.7,-18.7,0.000834,-0.000429,0.10399,-0.63541,0.98,-0.18,13.46,13.036,12.936,12.896,12.022,11.755,11.723,-1,0.5691197
CANDIDATE,0,0,0,0,273.6858196,350.85106,0.0,1.1664,8.4085,16610.0,0.342377,1.13949,36.49,299.0,1.89,200.9,4,6126.0,4.414,0.976,0.9,15.233,105.0,-105.0,0.695142,-0.13692,0.46903,-0.08973,13.09,-4.82,15.715,15.208,15.026,14.939,13.979,13.629,13.553,-1,0.5691197
CANDIDATE,0,0,0,0,17.745444988,137.698563,0.0,1.042,4.0544,81236.0,0.476778,2.57836,115.37,1106.0,353.47,343.3,39,6337.0,3.826,2.216,1.2,12.366,348.0,-348.0,0.076443,-0.060799,0.10419,-0.08171,33.17,-52.27,12.741,12.324,12.205,12.098,11.312,11.085,11.026,-1,4.2657563e-21
CANDIDATE,0,0,0,0,3.66069305,133.8347,0.0,0.2671,12.168,24.2,0.004552,0.01747,0.55,1350.0,785.19,15.6,372,6354.0,4.38,1.102,1.058,13.164,1.7,-1.7,0.000185,-0.00022,0.0025,-0.00658,0.28,-0.06,13.491,13.107,13.024,12.985,12.187,11.931,11.903,-1,0.5691197
CANDIDATE,0,0,0,0,5.1778476,135.771,0.0,0.1244,5.319,131.5,0.010561,0.29554,1.41,1261.0,597.32,10.6,32,6302.0,4.283,1.226,1.049,14.326,15.5,-15.5,0.000743,-0.000687,0.04848,-0.17164,0.77,-0.23,14.707,14.274,14.163,14.066,13.277,12.977,12.903,-1,0.5691197
CANDIDATE,0,0,0,0,220.719361,303.8561,0.0,0.1081,8.056,1038.4,0.028901,3.81479,2.2,235.0,0.72,11.2,5,5139.0,4.627,0.698,0.755,15.827,96.3,-96.3,0.002097,-0.001248,0.52959,-1.59361,0.39,-0.16,16.545,15.785,15.519,15.341,14.414,13.849,13.811,-1,0.5691197
CANDIDATE,0,0,0,0,281.59155,261.81998,0.0,0.5841,5.604,10315.0,0.096194,10.77373,7.55,225.0,0.61,87.2,4,5314.0,4.624,0.719,0.798,15.87,165.0,-165.0,0.008906,-0.003274,7.68911,-1.16042,1.66,-0.56,16.53,15.832,15.588,15.442,14.536,14.051,13.935,-1,0.5691197
CANDIDATE,0,0,0,0,103.722779,176.0676,0.0,0.1326,6.129,338.4,0.016769,3.89295,1.54,359.0,3.93,10.8,14,5721.0,4.537,0.841,0.888,14.775,39.4,-39.4,0.001483,-0.000858,0.89865,-1.72443,0.68,-0.13,15.322,14.731,14.54,14.439,13.454,13.137,13.078,-1,0.5691197
CANDIDATE,0,0,0,0,18.7821603,147.8508,0.0,0.1986,5.573,77.2,0.008047,0.88401,0.83,681.0,50.97,9.8,68,5919.0,4.488,0.94,0.991,14.043,9.4,-9.4,0.00046,-0.000676,0.00253,-0.63163,0.34,-0.08,14.517,13.989,13.84,13.767,12.936,12.588,12.548,-1,0.5691197
CANDIDATE,0,0,0,0,389.311179,351.37192,0.0,0.9289,4.964,2892.0,0.061357,3.63388,6.42,245.0,0.86,43.4,3,5731.0,4.44,0.958,0.921,14.57,124.0,-124.0,0.008256,-0.011501,0.52968,-2.42748,2.5,-0.72,15.115,14.521,14.337,14.262,13.295,12.971,12.933,-1,0.5691197
CANDIDATE,0,0,0,0,3.98914472,132.21439,0.0,0.0028,1.927,322.0,0.016007,4.93953,28.29,3294.0,27838.74,20.2,259,4998.0,2.524,16.187,3.192,13.56,23.7,-23.7,0.001047,-0.000525,1.33814,-2.20109,1.42,-12.38,14.387,13.483,13.206,12.995,11.839,11.296,11.172,-1,4.50263e-06
CANDIDATE,0,0,0,0,29.5632444,158.22656,0.0,0.131,1.496,564.5,0.021626,77.49095,1.96,528.0,18.4,10.5,44,5601.0,4.56,0.83,0.911,15.684,67.6,-67.6,0.001735,-0.001347,13.12106,-50.51495,0.83,-0.15,16.274,15.63,15.432,15.319,14.377,13.983,13.783,-1,0.5691197
CANDIDATE,0,0,0,0,200.79977761,263.875559,0.0,0.9775,7.6521,104240.0,0.485915,5.29739,48.6,303.0,2.0,965.5,6,5896.0,4.518,0.916,1.008,15.814,180.0,-180.0,0.132783,-0.061848,0.38397,-0.16394,18.52,-4.03,16.36,15.775,15.581,15.524,14.611,14.212,14.088,-1,4.288612e-30
CANDIDATE,0,0,0,0,8.0907675,136.7824,0.0,0.4698,2.554,91.9,0.008896,2.92106,0.9,846.0,121.1,8.9,167,5533.0,4.473,0.924,0.926,14.441,13.0,-13.0,0.000227,-0.001252,2.25144,-1.72071,0.33,-0.09,15.049,14.38,14.181,14.093,13.116,12.771,12.744,-1,0.5691197
CANDIDATE,0,0,0,0,9.942229886,133.8474624,0.0,0.9149,2.45173,32615.0,0.237519,3.30002,21.86,740.0,70.93,840.8,134,5268.0,4.475,0.843,0.775,14.099,66.7,-66.7,0.010317,-0.013755,0.07337,-0.06855,20.26,-2.49,14.775,14.05,13.809,13.691,12.718,12.266,12.172,-1,0.013773351
CANDIDATE,0,0,0,0,46.270524292,173.6558962,0.0,2.2255,8.89021,67920.0,1.537256,1.00836,180.46,573.0,25.44,6014.7,29,6354.0,4.401,1.075,1.054,13.529,21.1,-21.1,0.063899,-0.069886,0.03454,-0.04058,91.82,-18.8,13.887,13.488,13.376,13.363,12.493,12.234,12.182,-1,0.0005852855
CANDIDATE,0,0,0,0,7.15555435,133.997146,0.0,0.8762,4.5671,2549.9,0.055013,0.13201,48.37,2049.0,4166.27,145.3,187,4992.0,2.947,8.052,2.096,13.672,22.9,-22.9,0.000725,-0.000891,0.0168,-0.01765,12.46,-25.52,14.531,13.62,13.304,13.124,11.989,11.434,11.304,-1,0.5691197
CANDIDATE,0,0,0,0,5.43367928,136.6954,0.0,0.1838,0.9147,1644.0,0.036032,63.47779,2.24,550.0,21.6,17.5,52,3702.0,4.684,0.569,0.569,15.808,115.0,-115.0,0.002327,-0.001798,7.81857,-33.60698,0.11,-0.29,17.713,16.235,14.992,14.388,12.927,12.397,12.236,-1,0.5691197
CANDIDATE,0,0,0,0,44.714452601,135.3417738,0.0,1.1715,5.7648,94992.0,0.618567,2.74419,63.56,533.0,19.09,2839.4,29,6185.0,4.49,0.941,0.999,14.965,64.2,-64.2,0.042965,-0.069526,0.04902,-0.14089,25.94,-5.94,15.41,14.936,14.775,14.717,13.837,13.543,13.452,-1,9.810481e-22
CANDIDATE,0,0,0,0,200.2371814,305.44514,0.0,0.6565,23.75,12179.0,0.10674,0.08919,11.62,325.0,2.63,241.6,7,6108.0,4.471,0.997,1.072,15.392,65.7,-65.7,0.00044,-0.000705,0.00639,-0.0043,4.65,-1.12,15.895,15.34,15.176,15.093,14.125,13.832,13.766,-1,0.5691197
CANDIDATE,0,0,0,0,31.5030519,159.9839,0.0,0.3282,2.816,212.8,0.013296,10.47978,1.06,470.0,11.55,7.3,43,5314.0,4.617,0.733,0.82,15.164,35.6,-35.6,0.000833,-0.001754,5.24878,-10.27162,0.25,-0.07,15.792,15.101,14.894,14.773,13.786,13.324,13.275,-1,0.5691197
CANDIDATE,0,0,0,0,22.2379754,148.3811,0.0,0.0053,4.668,91.1,0.008751,1.89267,1.01,704.0,58.07,7.6,60,6190.0,4.425,1.059,1.084,14.296,17.6,-17.6,0.001316,-0.000482,5.82691,-1.81198,0.54,-0.1,14.718,14.222,14.115,14.021,13.145,12.872,12.838,-1,0.5691197
CANDIDATE,0,0,0,0,20.5469518,149.2119,0.0,0.2849,4.736,232.3,0.013971,1.50418,1.61,690.0,53.65,9.0,65,5922.0,4.429,1.057,1.095,15.529,30.3,-30.3,0.001168,-0.000993,0.65682,-0.75007,0.78,-0.17,16.104,15.473,15.283,15.192,14.225,13.92,13.785,-1,0.5691197
CANDIDATE,0,0,0,0,1.752563424,132.7222142,0.0,0.542,6.09269,369360.0,0.633986,0.27526,124.27,2017.0,3915.22,4381.9,767,5853.0,3.971,1.795,1.101,11.388,130.0,-130.0,0.002189,-0.002006,0.00083,-0.00058,46.8,-46.38,11.846,11.324,11.191,11.133,10.211,9.94,9.907,-1,0.0
CANDIDATE,0,0,0,0,265.74292,167.0535,0.0,0.9492,20.569,255.1,0.018252,0.0129,2.95,375.0,4.66,22.1,5,6543.0,4.203,1.48,1.277,13.491,13.4,-13.4,0.000203,-0.003659,0.34161,-0.00555,1.64,-0.69,13.799,13.429,13.359,13.358,12.453,12.281,12.23,-1,0.5691197
CANDIDATE,0,0,0,0,21.1273429,142.6851,0.0,0.4263,2.294,46.3,0.00607,11.17293,20.47,2349.0,7200.22,4.4,64,4024.0,1.672,30.882,1.636,8.789,9.8,-9.8,0.0008,-0.00079,29.88523,-10.80241,7.97,-6.03,10.322,8.92,8.132,7.74,6.292,5.517,5.258,-1,0.14248931
CANDIDATE,0,0,0,0,35.882272743,165.5325809,0.0,0.8354,3.95415,105920.0,0.393847,6.80187,35.57,518.0,16.97,4245.4,38,5857.0,4.559,0.827,0.904,14.295,56.0,-56.0,0.006805,-0.00503,0.0079,-0.01142,15.65,-2.84,14.776,14.247,14.089,14.009,13.07,12.743,12.65,-1,1.15964825e-23
CANDIDATE,0,0,0,0,0.812592543,131.55613,0.0,0.9601,1.5565,7128.0,0.115416,0.43795,19.59,2848.0,15542.07,120.9,220,7138.0,4.197,1.554,1.393,14.235,145.0,-145.0,0.032309,-0.023754,0.00255,-0.07132,12.71,-3.8,14.428,14.171,14.125,14.123,13.338,13.098,13.073,-1,0.128319
CANDIDATE,0,0,0,0,2.7200197,133.3342,0.0,0.0078,1.874,869.0,0.026506,3.7863,1.53,713.0,61.08,8.5,32,3939.0,4.735,0.527,0.55,16.56,126.0,-126.0,0.002438,-0.002021,0.88847,-2.4883,0.14,-0.15,17.859,16.557,16.003,15.692,14.406,13.841,13.591,-1,0.5691197
CANDIDATE,0,0,0,0,2.456494241,133.21193,0.0,0.3201,2.83,355.7,0.017067,0.83465,25.12,3774.0,47941.43,35.6,544,4949.0,2.486,13.477,2.027,10.45,13.7,-13.7,0.000415,-0.000654,0.1995,-0.23757,4.17,-8.05,11.22,10.412,10.12,9.972,8.869,8.372,8.266,-1,2.0812595e-11
CANDIDATE,0,0,0,0,7.9544727,135.48215,0.0,0.0078,4.6285,6443.7,0.073734,0.83993,9.63,1064.0,303.36,296.5,22,6217.0,4.306,1.196,1.052,14.406,25.9,-25.9,0.00022,-0.000151,0.00686,-0.02479,5.4,-1.5,14.861,14.364,14.21,14.138,13.275,13.042,12.923,-1,0.5691197
CANDIDATE,0,0,0,0,137.396511,158.9212,0.0,0.157,18.46,122.1,0.009986,0.1829,2.9,517.0,16.87,17.2,11,5425.0,3.704,2.655,1.304,13.668,16.2,-16.2,0.000499,-0.001039,0.02374,-0.10389,1.26,-1.59,14.286,13.603,13.403,13.255,12.245,11.815,11.74,-1,0.5691197
CANDIDATE,0,0,0,0,2.41172336,133.8619,0.0,1.3932,2.6377,3511.3,0.456939,0.11658,66.46,1705.0,1997.33,112.6,40,6363.0,4.22,1.332,1.072,14.777,39.4,-39.4,2.777963,-0.235625,0.64026,-0.02149,35.28,-13.97,15.171,14.742,14.608,14.574,13.654,13.407,13.31,-1,0.5691197
CANDIDATE,0,0,0,0,36.1827669,144.69577,0.0,1.3319,4.2156,10160.0,0.456721,0.83859,65.88,635.0,38.4,118.9,7,5696.0,4.151,1.321,0.901,14.824,102.0,-102.0,17.13052,-0.233043,25.86421,-0.09097,27.68,-17.75,15.371,14.773,14.59,14.494,13.581,13.18,13.08,-1,0.5691197
CANDIDATE,0,0,0,0,24.1529669,146.4123,0.0,0.5949,4.458,93.1,0.00921,1.24644,1.1,701.0,57.15,10.2,55,6223.0,4.392,1.095,1.073,13.664,10.5,-10.5,5.8e-05,-0.001178,1.26853,-0.35336,0.59,-0.12,14.14,13.608,13.459,14.292,12.471,12.224,12.162,-1,0.5691197
CANDIDATE,0,0,0,0,11.173269,142.6078,0.0,0.4957,4.691,70.0,0.007934,0.61877,1.52,1279.0,632.06,12.2,119,7372.0,4.142,1.752,1.552,13.335,8.3,-8.3,0.000314,-0.000737,0.4739,-0.23008,1.02,-0.26,13.484,13.286,13.289,13.309,12.553,12.39,12.344,-1,0.5691197
CANDIDATE,0,0,0,0,472.2266389,363.713547,0.0,0.833,4.9123,169760.0,0.519476,68.95485,48.1,217.0,0.53,724.3,3,5763.0,4.55,0.848,0.929,15.911,435.0,-435.0,0.041972,-0.029869,1.72951,-1.2656,20.14,-3.91,16.454,15.852,15.678,15.561,14.536,14.139,14.098,-1,0.0
CANDIDATE,0,0,0,0,55.249005395,164.9789098,0.0,0.7496,5.16369,217250.0,0.546112,8.36963,60.35,496.0,14.25,4617.4,25,6063.0,4.476,1.012,1.117,14.925,86.2,-86.2,0.008626,-0.011965,0.04555,-0.0555,26.96,-5.31,15.392,14.867,14.724,14.713,13.796,13.478,13.397,-1,0.0
CANDIDATE,0,0,0,0,14.267379,133.9592,0.0,0.3886,2.949,238.6,0.014173,3.85926,1.3,657.0,44.12,9.3,92,5475.0,4.567,0.837,0.944,15.181,29.2,-29.2,0.000837,-0.001203,2.43404,-2.00529,0.48,-0.09,15.796,15.108,14.917,14.814,13.886,13.414,13.367,-1,0.5691197
CANDIDATE,0,0,0,0,124.885607,133.8027,0.0,0.2768,8.601,195.0,0.012908,1.5314,1.74,435.0,8.48,13.3,11,6103.0,4.209,1.234,0.898,13.701,17.0,-17.0,0.000468,-0.000885,0.15216,-0.69039,0.59,-0.39,14.14,13.669,13.513,13.438,12.461,12.095,12.098,-1,0.5691197
CANDIDATE,0,0,0,0,237.819766,320.1774,0.0,0.0799,10.326,625.0,0.02292,1.93202,2.78,326.0,2.68,20.1,6,6202.0,4.395,1.11,1.113,14.573,39.3,-39.3,0.000939,-0.001009,0.00148,-0.86416,1.51,-0.31,15.012,14.522,14.385,14.325,13.465,13.179,13.114,-1,0.5691197
CANDIDATE,0,0,0,0,15.9960911,138.93433,0.0,0.2634,1.719,521.5,0.020462,25.4396,1.74,562.0,23.52,10.1,68,4948.0,4.584,0.78,0.85,15.951,63.3,-63.3,0.001459,-0.001744,8.63127,-15.46108,0.24,-0.1,16.813,15.86,15.581,15.419,14.311,13.753,13.639,-1,0.5691197
CANDIDATE,0,0,0,0,28.297208976,137.2347271,0.0,1.2302,3.94332,23513.0,0.43495,1.57183,59.66,743.0,71.92,2675.3,49,6324.0,4.206,1.256,0.924,12.796,11.6,-11.6,0.024872,-0.044602,0.01138,-0.02263,20.47,-12.97,13.144,12.763,12.647,12.607,11.755,11.479,11.406,-1,0.5691197
CANDIDATE,0,0,0,0,74.624269,194.3691,0.0,0.1412,8.85,408.6,0.018643,0.93242,1.91,448.0,9.49,12.6,15,6187.0,4.499,0.937,1.011,15.335,41.1,-41.1,0.001251,-0.000953,0.2864,-0.53763,0.75,-0.18,15.774,15.299,15.146,15.088,14.199,13.877,13.834,-1,0.5691197
CANDIDATE,0,0,0,0,7.1090653,133.4942,0.0,0.2807,13.13,121.6,0.010078,0.0251,0.9,853.0,125.4,7.8,190,5658.0,4.567,0.815,0.895,15.71,22.8,-22.8,0.001386,-0.000694,0.15947,-0.02288,0.32,-0.07,16.268,15.654,15.471,15.358,14.405,14.053,13.989,-1,0.5691197
CANDIDATE,0,0,0,0,56.6468656,168.4783,0.0,0.2131,4.505,643.8,0.022638,5.22766,1.94,378.0,4.82,10.4,21,5025.0,4.561,0.785,0.819,15.602,76.4,-76.4,0.001746,-0.001609,0.91456,-2.74295,0.29,-0.14,16.37,15.498,15.273,15.094,14.12,13.551,13.52,-1,0.5691197
CANDIDATE,0,0,0,0,1.20609184,132.0817,0.0,1.4003,2.3098,1697.2,0.444026,0.10328,65.7,1941.0,3353.78,69.3,57,5657.0,4.186,1.355,1.028,14.252,31.5,-31.5,1.847166,-0.235193,0.52777,-0.02934,29.19,-16.29,14.853,14.188,13.995,13.902,12.964,12.594,12.5,-1,0.5691197
CANDIDATE,0,0,0,0,8.780603515,137.9237591,0.0,0.7966,3.17581,98742.0,0.359194,3.09715,32.63,775.0,85.17,2082.4,152,5487.0,4.563,0.832,0.924,15.674,98.5,-98.5,0.006474,-0.00651,0.01225,-0.01771,12.2,-2.39,16.278,15.602,15.414,15.307,14.315,13.911,13.953,-1,3.3617625e-26
CANDIDATE,0,0,0,0,5.68324722,134.87778,0.0,0.376,1.706,42.2,0.006074,7.85927,0.54,993.0,230.13,7.5,233,6070.0,4.546,0.812,0.844,13.093,6.3,-6.3,0.000496,-0.000528,5.6111,-4.37707,0.24,-0.04,13.474,13.055,12.93,12.873,12.033,11.731,11.66,-1,0.5691197
CANDIDATE,0,0,0,0,351.2879001,207.294433,0.0,0.7356,11.2584,140160.0,0.406377,3.57581,40.56,252.0,0.96,1055.4,4,5911.0,4.519,0.914,1.006,15.703,263.0,-263.0,0.008512,-0.008435,0.01114,-0.02145,14.07,-3.28,16.212,15.647,15.485,15.406,14.461,14.206,14.115,-1,0.0
CANDIDATE,0,0,0,0,17.946322099,136.9475529,0.0,0.7148,8.16882,116520.0,0.354621,0.42465,66.68,845.0,120.63,5091.7,79,5228.0,3.906,1.722,0.872,14.933,85.3,-85.3,0.001053,-0.001642,0.00129,-0.00087,47.09,-37.02,15.658,14.897,14.622,14.485,13.373,12.93,12.812,-1,3.2297936e-27
CANDIDATE,0,0,0,0,9.358898,133.4849,0.0,0.0676,3.171,2110.0,0.041228,2.77893,20.35,1528.0,1288.85,9.3,29,5188.0,3.327,4.521,1.583,17.054,252.0,-252.0,0.003251,-0.002694,0.61649,-1.40438,9.1,-7.5,18.022,17.096,16.64,16.211,15.178,14.717,14.37,-1,0.5691197
CANDIDATE,0,0,0,0,4.15471847,132.61123,0.0,0.7245,1.3542,2124.0,0.045579,6.06567,8.21,1672.0,1845.84,23.3,328,7025.0,4.15,1.65,1.405,12.572,125.0,-125.0,0.005967,-0.003078,13.0208,-0.7841,4.83,-1.79,12.769,12.506,12.474,12.454,11.742,11.478,11.463,-1,0.5691197
CANDIDATE,0,0,0,0,280.1605704,286.93739,0.0,8.6106,2.883,14572.0,7.726682,281.6601,672.47,236.0,0.73,73.3,4,5377.0,4.583,0.797,0.894,15.884,295.0,-295.0,10.10347,-0.375824,562.35175,-5.38998,197.4,-48.94,16.519,15.817,15.612,15.484,14.525,14.083,14.011,-1,0.5691197
CANDIDATE,0,0,0,0,6.993476792,132.017737,0.0,1.2804,21.279,2959.1,0.340626,0.00171,53.71,1260.0,595.22,717.9,196,6573.0,4.205,1.444,1.226,12.594,6.1,-6.1,0.053548,-0.047599,0.00014,-0.00013,29.05,-11.83,12.881,12.546,12.471,12.461,11.619,11.428,11.355,-1,0.5691197
CANDIDATE,0,0,0,0,22.571974469,145.0346566,0.0,1.0784,4.00561,86955.0,0.52361,3.69691,49.8,617.0,34.24,1915.1,58,5645.0,4.431,0.871,0.746,15.45,76.6,-76.6,0.035935,-0.083056,0.06597,-0.1523,25.73,-7.37,16.021,15.417,15.206,15.071,14.108,13.674,13.692,-1,1.9070657e-21
CANDIDATE,0,0,0,0,25.7557728,154.5757,0.0,0.1794,2.597,2660.0,0.046715,13.59814,4.19,538.0,19.87,8.4,32,5482.0,4.569,0.821,0.913,16.565,339.0,-339.0,0.003259,-0.004011,1.09232,-8.74588,1.72,-0.32,17.265,16.503,16.266,16.068,15.057,14.703,14.633,-1,0.5691197
CANDIDATE,0,0,0,0,6.263491341,134.898211,0.0,0.2506,0.867,2755.0,0.049176,85.73537,6.41,1180.0,458.5,36.3,212,6247.0,4.255,1.194,0.936,13.952,155.0,-155.0,0.001655,-0.001929,12.76928,-34.74207,2.32,-1.23,14.342,13.909,13.785,13.682,12.787,12.444,12.378,-1,0.5691197
CANDIDATE,0,0,0,0,31.59118744,162.500778,0.0,0.9671,2.6079,1357.3,0.04875,1.0047,12.22,783.0,88.84,67.6,41,5178.0,3.714,2.295,0.995,13.687,31.0,-31.0,0.024095,-0.006793,0.64234,-0.30278,7.71,-5.78,14.397,13.652,13.383,13.256,12.216,11.752,11.63,-1,0.5691197
CANDIDATE,0,0,0,0,209.06302378,300.828341,0.0,0.5558,9.91993,254620.0,0.501484,4.90213,56.57,331.0,2.83,4209.1,0,6131.0,4.412,1.033,1.003,14.174,467.0,-467.0,0.00385,-0.003528,0.00813,-0.01906,23.33,-6.19,14.604,14.12,13.989,13.895,13.036,12.725,12.645,-1,0.0
CANDIDATE,0,0,0,0,70.335884717,198.9472673,0.0,1.0342,4.65859,24587.0,0.27685,2.4645,39.48,529.0,18.5,3468.2,19,6082.0,4.215,1.306,1.019,11.701,12.0,-12.0,0.01092,-0.011155,0.00956,-0.01835,19.5,-8.49,12.083,11.64,11.537,11.478,10.637,10.4,10.319,-1,0.5691197
CANDIDATE,0,0,0,0,7.41502841,133.31318,0.0,0.0421,1.47,830.2,0.025825,21.22552,51.51,2815.0,14853.21,16.8,65,4989.0,2.442,18.266,3.366,13.56,56.6,-56.6,0.001423,-0.001157,0.88552,-11.82875,3.12,-18.21,14.412,13.512,13.195,13.006,11.869,11.299,11.157,-1,0.007383075
CANDIDATE,0,0,0,0,295.958074,138.92746,0.0,0.1005,4.348,474.0,0.019846,31.75197,3.83,349.0,3.49,16.2,4,5364.0,3.858,1.769,0.822,13.344,33.4,-33.4,0.001228,-0.000625,5.57029,-11.46274,2.92,-2.25,13.963,13.314,13.079,12.951,12.013,11.594,11.525,-1,0.5691197
CANDIDATE,0,0,0,0,120.939411,246.2521,0.0,0.2814,8.805,950.2,0.028095,1.44475,2.59,333.0,2.91,13.1,10,5456.0,4.477,0.843,0.777,15.54,73.6,-73.6,0.001401,-0.001316,0.3311,-0.43333,1.14,-0.31,16.191,15.496,15.261,15.104,14.109,13.707,13.64,-1,0.5691197
CANDIDATE,0,0,0,0,7.6218969,138.67078,0.0,0.3715,1.951,215.1,0.013431,7.25556,4.64,1422.0,965.88,4.6,173,5222.0,3.556,3.162,1.312,13.629,31.4,-31.4,0.001155,-0.001011,4.41306,-4.08923,2.14,-1.38,14.389,13.6,13.303,13.134,12.155,11.699,11.551,-1,0.5691197
CANDIDATE,0,0,0,0,3.479507187,133.389241,0.0,1.2663,3.8913,3172.3,0.336733,0.05105,596.25,3521.0,36323.24,243.4,386,4724.0,2.323,16.215,2.017,10.565,16.6,-16.6,0.185631,-0.133917,0.00663,-0.00363,174.9,-275.4,11.518,10.513,10.156,9.899,8.751,8.141,8.025,-1,4.3479865e-08
CANDIDATE,0,0,0,0,0.9886513,131.99434,0.0,0.1245,1.972,129.8,0.010531,1.13735,3.19,3183.0,24258.04,16.6,34,6456.0,3.725,2.773,1.49,12.551,10.3,-10.3,0.000634,-0.000406,0.18609,-0.47461,0.73,-1.36,12.86,12.481,12.42,14.292,11.548,11.322,11.29,-1,0.00012758558
CANDIDATE,0,0,0,0,397.395705,374.57092,0.0,1.1954,6.0935,31487.0,0.443777,7.86282,45.99,244.0,0.83,442.0,4,5753.0,4.448,0.949,0.923,14.857,89.5,-89.5,0.12558,-0.131913,0.46568,-0.319,18.12,-5.09,15.39,14.808,14.629,14.548,13.604,13.263,13.143,-1,0.05380733
CANDIDATE,0,0,0,0,5.2362936,133.7168,0.0,0.9763,2.988,1665.4,0.05706,0.11576,10.26,1382.0,863.31,29.5,19,6170.0,4.106,1.646,1.259,14.786,92.9,-92.9,0.010361,-0.016173,3.4279,-0.07165,4.95,-3.22,15.297,14.75,14.567,14.474,13.609,13.329,13.26,-1,0.5691197
CANDIDATE,0,0,0,0,7.77715263,133.86305,0.0,0.8487,3.203,69.8,0.008854,0.32784,1.1,903.0,157.11,10.8,174,5243.0,4.287,1.134,0.907,13.725,8.1,-8.1,0.001938,-0.00153,1.65292,-0.30377,0.66,-0.25,14.433,13.613,13.422,13.299,12.255,11.864,11.761,-1,0.5691197
CANDIDATE,0,0,0,0,51.510703,168.8474,0.0,0.0611,4.66,310.7,0.01571,4.48885,3.27,603.0,31.34,7.6,81,5053.0,3.824,1.907,0.885,14.498,90.5,-90.5,0.003204,-0.000802,11.03156,-4.34337,2.38,-2.03,15.27,14.448,14.166,13.993,12.928,12.422,12.313,-1,0.5691197
CANDIDATE,0,0,0,0,9.0158684,138.053,0.0,0.8737,3.189,1114.7,0.035802,0.40754,6.78,1105.0,351.97,18.2,8,5627.0,4.002,1.735,1.103,14.321,71.6,-71.6,0.000349,-0.006006,2.4879,-0.21644,2.69,-2.51,14.967,14.261,14.044,13.913,12.965,12.591,12.52,-1,0.5691197
CANDIDATE,0,0,0,0,23.81488303,135.92298,0.0,9.9305,1.955,87515.0,9.267149,477.9187,1912.63,847.0,121.57,629.1,3,5421.0,3.79,1.89,0.803,14.488,226.0,-226.0,6.046384,-0.461497,454.49097,-48.91354,1403.0,-1222.0,15.16,14.48,14.2,14.05,13.034,12.587,12.513,-1,7.036001e-27
CANDIDATE,0,0,0,0,116.451879,162.0127,0.0,0.116,16.196,1926.0,0.039386,0.25481,3.17,306.0,2.06,14.9,4,5197.0,4.548,0.736,0.697,16.017,115.0,-115.0,0.001714,-0.001656,0.01841,-0.1035,2.0,-0.34,16.743,15.992,15.706,15.571,14.455,13.917,13.876,-1,0.5691197
CANDIDATE,0,0,0,0,24.9092714,155.3897,0.0,0.1518,3.647,341.3,0.016381,4.3976,1.24,455.0,10.12,9.1,53,4810.0,4.624,0.694,0.742,15.712,48.7,-48.7,0.001864,-0.000949,3.44439,-3.71628,0.16,-0.1,16.586,15.681,15.337,15.227,14.073,13.495,13.405,-1,0.5691197
CANDIDATE,0,0,0,0,264.4655369,134.96895,0.0,0.1291,6.3806,459.2,0.019805,8.88879,4.41,433.0,8.29,43.5,5,6543.0,3.972,2.04,1.427,11.154,12.1,-12.1,0.000461,-0.000346,0.58489,-2.32778,1.68,-1.53,11.423,11.112,11.039,11.053,10.289,10.089,10.031,-1,0.5691197
CANDIDATE,0,0,0,0,83.500613,163.4972,0.0,0.525,14.45,460.0,0.019972,0.15628,1.69,343.0,3.29,8.8,13,5141.0,4.526,0.773,0.731,15.726,45.0,-45.0,0.000763,-0.001603,0.13817,-0.06027,0.66,-0.18,16.457,15.661,15.412,15.213,14.129,13.659,13.641,-1,0.5691197
CANDIDATE,0,0,0,0,140.884708,243.1383,0.0,0.1433,10.035,157.5,0.011555,1.18073,1.21,366.0,4.23,17.2,8,6200.0,4.488,0.958,1.029,13.06,10.5,-10.5,0.000537,-0.000433,0.08816,-0.4303,0.43,-0.11,13.407,13.01,12.911,12.893,12.104,11.834,11.794,-1,0.5691197
CANDIDATE,0,0,0,0,11.0155857,140.6558,0.0,3.0838,2.6126,3622.6,2.13629,1.01321,391.45,1048.0,284.63,48.2,6,5515.0,3.899,1.678,0.813,14.333,94.1,-94.1,63.67465,-1.904608,253.78383,-0.67858,279.2,-216.0,14.951,14.315,14.068,13.952,12.957,12.547,12.435,-1,0.5691197
CANDIDATE,0,0,0,0,0.512581563,131.7811101,0.0,0.4778,2.57122,405000.0,0.650391,1.31212,42.9,1543.0,1339.86,1448.6,0,4612.0,4.648,0.604,0.591,14.884,410.0,-410.0,0.009893,-0.008852,0.0212,-0.01346,4.05,-3.77,15.804,14.851,14.49,14.259,13.154,12.541,12.43,-1,0.0
CANDIDATE,0,0,0,0,14.5555333,132.8671,0.0,0.2204,1.965,921.0,0.027344,16.34419,2.19,594.0,29.47,8.7,53,5183.0,4.614,0.735,0.821,16.897,146.0,-146.0,0.002238,-0.003048,5.89815,-16.07076,0.39,-0.17,17.628,16.835,16.584,16.402,15.349,14.882,14.675,-1,0.5691197
CANDIDATE,0,0,0,0,2.64179608,132.53363,0.0,0.6657,2.037,71.7,0.008168,1.16417,0.48,723.0,64.6,13.8,507,3901.0,4.711,0.542,0.551,14.137,6.7,-6.7,0.003372,-0.000651,1.74819,-0.12518,0.05,-0.04,15.492,14.188,13.556,13.218,12.0,11.32,11.179,-1,0.5691197
CANDIDATE,0,0,0,0,11.03570797,137.28538,0.0,0.8641,5.63792,158220.0,0.517247,1.01304,69.47,991.0,227.54,2167.2,8,6201.0,4.213,1.23,0.9,14.916,133.0,-133.0,0.038737,-0.021204,0.02067,-0.01246,23.45,-15.47,15.375,14.898,14.72,14.641,13.767,13.457,13.415,-1,0.0
CANDIDATE,0,0,0,0,42.093339,141.1115,0.0,0.1725,4.53,1129.0,0.029852,3.99745,2.49,407.0,6.47,8.5,21,4885.0,4.541,0.763,0.738,16.523,151.0,-151.0,0.002679,-0.002225,0.8102,-2.18527,0.34,-0.23,17.437,16.449,16.131,15.894,14.929,14.371,14.213,-1,0.5691197
CANDIDATE,0,0,0,0,7.863363755,131.6853189,0.0,0.8711,3.42201,18354.0,0.149244,0.70294,31.85,1245.0,567.38,2761.4,138,5738.0,3.912,1.954,1.136,12.524,14.9,-14.9,0.000416,-0.000406,0.00306,-0.00354,12.28,-13.4,13.052,12.468,12.298,12.218,11.342,10.979,10.905,-1,0.5691197
CANDIDATE,0,0,0,0,78.4285969,169.31254,0.0,1.0784,3.571,90900.0,0.510206,17.16685,55.71,425.0,7.74,175.4,7,5780.0,4.438,1.0,1.0,15.069,942.0,-942.0,12.96621,-0.158854,378.39392,-1.29845,0.0,0.0,15.503,15.019,14.884,14.292,15.949,15.451,14.972,-1,1.9134079e-26
CANDIDATE,0,0,0,0,2.506027,132.17768,0.0,1.3455,21.34,284.2,0.360032,0.00751,50.95,1547.0,1354.08,26.2,14,5780.0,4.178,1.296,0.924,12.294,26.1,-26.1,0.147594,-0.02698,0.00227,-0.00098,20.29,-12.66,12.9,12.242,12.034,14.292,11.345,11.03,10.95,-1,0.5691197
CANDIDATE,0,0,0,0,1.33263023,131.9951,0.0,0.9156,5.051,1680.0,0.047521,0.02969,3.94,1209.0,505.52,16.3,133,4611.0,4.551,0.76,0.748,17.511,122.0,-122.0,0.000365,-0.011501,0.1355,-0.00683,0.24,-0.31,18.604,17.49,17.043,16.785,15.69,15.115,14.99,-1,0.5691197
CANDIDATE,0,0,0,0,28.507881493,132.792832,0.0,0.9708,3.1276,25713.0,0.236634,3.5349,24.42,613.0,33.32,680.3,38,6131.0,4.497,0.945,1.023,14.876,65.4,-65.4,0.048118,-0.031461,0.00262,-0.21021,9.43,-2.25,15.328,14.836,14.682,14.622,13.71,13.412,13.303,-1,0.5691197
CANDIDATE,0,0,0,0,65.3558881,154.47727,0.0,0.4827,2.165,1158.0,0.031252,41.08934,2.61,337.0,3.05,9.6,17,4703.0,4.55,0.764,0.755,15.676,140.0,-140.0,0.001926,-0.002535,40.61331,-11.32746,0.2,-0.21,16.646,15.606,15.26,15.081,13.942,13.39,13.254,-1,0.5691197
CANDIDATE,0,0,0,0,39.40141,160.2606,0.0,0.2493,5.733,393.3,0.017934,1.69565,1.55,499.0,14.63,8.8,28,5911.0,4.581,0.794,0.878,15.453,52.0,-52.0,0.000842,-0.002049,0.24504,-1.65087,0.51,-0.11,15.915,15.412,15.255,15.181,14.299,13.946,13.901,-1,0.5691197
CANDIDATE,0,0,0,0,1.16683439,131.913316,0.0,3.2569,2.13867,16914.0,2.382619,1.77804,552.37,3456.0,33728.08,310.1,160,8982.0,4.111,2.123,2.122,14.99,55.3,-55.3,1.955042,-0.265671,3.18684,-0.2883,245.3,-124.6,15.02,14.98,15.045,15.072,14.379,14.206,14.248,-1,0.00022982227
CANDIDATE,0,0,0,0,30.695331935,155.7207472,0.0,1.0419,5.95219,89326.0,0.49654,1.52397,57.53,669.0,47.46,12239.6,44,6340.0,4.34,1.061,0.897,12.508,11.9,-11.9,0.013089,-0.01579,0.00952,-0.0111,18.6,-9.22,12.823,12.468,12.373,12.334,11.514,11.246,11.203,-1,0.5691197
CANDIDATE,0,0,0,0,11.374442971,142.4558347,0.0,0.9238,2.30102,29053.0,0.22821,4.18228,20.14,688.0,52.84,1194.0,93,5297.0,4.546,0.808,0.838,14.585,53.5,-53.5,0.012654,-0.01102,0.05122,-0.12373,6.13,-1.65,15.233,14.514,14.307,14.167,13.186,12.76,12.704,-1,0.5584796
CANDIDATE,0,0,0,0,29.9373498,145.096,0.0,0.3346,4.298,206.6,0.013056,2.78103,1.24,519.0,17.09,12.4,44,5268.0,4.458,0.871,0.794,14.489,20.7,-20.7,0.00066,-0.000979,0.64936,-1.44056,0.61,-0.14,15.146,14.426,14.208,14.112,13.107,12.62,12.603,-1,0.5691197
CANDIDATE,0,0,0,0,1.391714994,132.10088,0.0,0.1182,1.262,40.4,0.005473,5.85833,35.67,8352.0,1150147.99,10.6,959,3749.0,0.833,59.684,0.885,13.71,6.5,-6.5,0.000983,-0.000336,13.00436,-4.22779,7.85,-1.06,15.1345,13.71,14.368,14.292,9.528,8.698,8.371,-1,0.0
CANDIDATE,0,0,0,0,70.516233234,142.8575597,0.0,0.6119,4.10291,354060.0,0.656318,31.39822,56.55,390.0,5.47,3794.6,0,5511.0,4.531,0.789,0.773,15.284,284.0,-284.0,0.021606,-0.025825,0.45135,-1.00264,24.01,-5.38,15.873,15.258,15.031,14.921,13.915,13.554,13.336,-1,0.0
CANDIDATE,0,0,0,0,6.13293722,131.99083,0.0,0.0825,1.513,57.8,0.00699,15.11323,0.88,1122.0,374.09,9.7,222,6140.0,4.344,1.149,1.06,13.421,7.7,-7.7,0.00052,-0.000566,6.2934,-8.81106,0.48,-0.12,13.835,13.365,13.243,13.206,12.301,12.007,11.924,-1,0.5691197
CANDIDATE,0,0,0,0,12.6306692,136.70291,0.0,0.1322,2.141,289.4,0.015438,11.08439,1.35,689.0,53.18,9.1,84,5571.0,4.576,0.798,0.874,15.633,39.1,-39.1,0.001768,-0.000726,2.32305,-6.78938,0.45,-0.11,16.195,15.567,15.392,15.268,14.263,13.857,13.745,-1,0.5691197
CANDIDATE,0,0,0,0,7.58054567,132.89816,0.0,0.0481,3.567,83.3,0.008349,1.44178,0.66,799.0,96.35,16.6,177,5632.0,4.616,0.721,0.783,14.498,10.0,-10.0,0.000683,-0.000487,0.26393,-0.78102,0.2,-0.04,15.002,14.455,14.282,14.189,13.292,12.95,12.823,-1,0.5691197
CANDIDATE,0,0,0,0,1.213747448,131.742331,0.0,0.8433,5.76869,184920.0,0.551916,0.17515,105.53,2529.0,9671.17,4415.6,1105,6782.0,4.076,1.751,1.337,10.811,191.0,-191.0,0.010898,-0.015931,0.00231,-0.00315,50.87,-29.71,10.986,10.753,10.714,10.842,9.955,9.706,9.671,-1,0.0
CANDIDATE,0,0,0,0,30.114684427,158.5291523,0.0,1.0518,5.6953,90940.0,0.509364,1.74615,57.35,636.0,38.8,3730.0,44,6277.0,4.449,1.031,1.085,14.482,38.2,-38.2,0.041917,-0.034713,0.0337,-0.03365,28.42,-5.06,14.854,14.438,14.323,14.306,13.468,13.198,13.152,-1,8.1395226e-18
CANDIDATE,0,0,0,0,178.26391,229.76118,0.0,0.3829,4.826,1864.0,0.039101,12.05812,3.32,252.0,0.96,19.7,7,4972.0,4.585,0.777,0.847,15.518,116.0,-116.0,0.001747,-0.001898,5.43373,-4.16225,0.43,-0.22,16.329,15.441,15.171,15.025,13.945,13.428,13.313,-1,0.5691197
CANDIDATE,0,0,0,0,215.737102,330.88429,0.0,0.9401,7.221,8650.0,0.122383,1.11378,9.68,231.0,0.67,42.4,3,4889.0,4.574,0.724,0.718,15.705,197.0,-197.0,34.42343,-0.021011,63.00481,-0.44348,1.23,-0.89,16.505,15.64,15.363,15.18,14.095,12.723,12.553,-1,0.5691197
CANDIDATE,0,0,0,0,2.037453464,131.552099,0.0,0.5972,5.43534,329760.0,0.617465,0.39718,138.63,2221.0,5752.74,8488.0,0,6456.0,3.906,2.056,1.244,12.22,58.8,-58.8,0.001631,-0.001296,0.00062,-0.00056,46.26,-55.22,12.525,12.214,14.368,14.292,11.11,10.884,10.839,-1,0.0
CANDIDATE,0,0,0,0,11.0068817,135.9877,0.0,0.0228,4.917,168.5,0.011878,0.80974,1.36,875.0,138.34,12.1,121,6091.0,4.424,1.047,1.058,15.355,17.4,-17.4,0.000674,-0.000807,0.07238,-0.54809,0.63,-0.14,15.804,15.268,15.163,15.032,14.143,13.869,13.754,-1,0.5691197
CANDIDATE,0,0,0,0,1.427977594,132.59743,0.0,0.9853,14.398,10487.0,0.157666,0.01259,15.82,1638.0,1700.47,134.2,1496,6099.0,4.511,0.919,1.0,13.731,1444.0,-1444.0,0.079695,-0.058417,0.00379,-0.0012,4.63,-1.34,14.1,13.675,13.572,13.544,12.727,12.427,12.39,-1,0.5691197
CANDIDATE,0,0,0,0,25.285232922,135.9661939,0.0,1.1707,4.76426,63729.0,0.531483,1.90155,86.24,841.0,118.38,9151.2,43,6475.0,4.114,1.486,1.048,12.138,11.4,-11.4,0.022271,-0.026534,0.02287,-0.02566,39.47,-22.34,12.441,12.108,12.008,12.012,11.174,10.953,10.889,-1,0.5691197
CANDIDATE,0,0,0,0,113.083949,217.155,0.0,0.0322,9.761,114.8,0.009897,1.05473,1.37,475.0,12.06,10.8,12,6522.0,4.252,1.271,1.051,13.336,12.4,-12.4,0.00055,-0.00068,1.49821,-0.46437,0.62,-0.24,13.637,13.294,13.206,13.198,12.346,12.099,12.05,-1,0.5691197
CANDIDATE,0,0,0,0,10.5522337,132.6526,0.0,0.3253,2.727,1012.5,0.029243,4.0877,1.86,485.0,13.05,12.3,17,4029.0,4.667,0.584,0.578,15.712,94.9,-94.9,0.001477,-0.001886,1.04476,-1.69391,0.15,-0.25,17.155,15.76,15.093,14.735,13.52,12.848,12.774,-1,0.5691197
CANDIDATE,0,0,0,0,440.160997,470.36666,0.0,0.9516,11.098,697.8,0.030459,0.16771,3.28,260.0,1.08,38.4,3,6277.0,4.435,0.987,0.968,13.014,23.0,-23.0,0.000688,-0.000849,0.03198,-0.03653,1.25,-0.36,13.347,12.965,12.872,12.835,11.994,11.711,11.667,-1,0.5691197
CANDIDATE,0,0,0,0,37.537952,159.7348,0.0,0.221,6.618,297.4,0.015818,1.06496,1.85,577.0,26.29,7.9,23,6077.0,4.444,1.072,1.165,15.769,42.8,-42.8,0.001085,-0.001489,0.40412,-0.50984,0.9,-0.18,16.257,15.71,15.559,15.538,14.574,14.234,14.134,-1,0.5691197
CANDIDATE,0,0,0,0,57.7746338,154.2912,0.0,0.0904,5.512,291.1,0.015673,3.01277,1.85,520.0,17.29,10.7,18,6224.0,4.409,1.083,1.092,14.753,33.0,-33.0,0.001373,-0.000659,0.85874,-1.87896,0.94,-0.18,15.157,14.684,14.579,14.542,13.625,13.379,13.379,-1,0.5691197
CANDIDATE,0,0,0,0,303.226376,344.05409,0.0,0.1097,1.802,1464.0,0.035058,476.40961,3.66,274.0,1.33,12.7,4,5952.0,4.469,0.955,0.982,14.897,170.0,-170.0,0.004634,-0.000472,296.92288,-164.14188,1.48,-0.38,15.383,14.815,14.688,14.522,13.578,13.174,13.298,-1,0.5691197
CANDIDATE,0,0,0,0,240.571886,239.50104,0.0,0.2095,11.15,953.5,0.028461,1.49432,2.93,302.0,1.96,38.6,5,6146.0,4.497,0.943,1.02,14.466,28.1,-28.1,0.000684,-0.000528,0.16085,-0.31136,1.09,-0.27,14.876,14.426,14.291,14.252,13.424,13.107,13.087,-1,0.5691197
CANDIDATE,0,0,0,0,217.792092,210.6962,0.0,0.2242,3.545,1526.0,0.035786,42.65319,3.31,284.0,1.53,17.0,3,5821.0,4.554,0.848,0.937,15.138,115.0,-115.0,0.001622,-0.00179,6.28305,-18.74524,1.18,-0.27,15.625,15.077,14.929,14.849,13.955,13.554,13.528,-1,0.5691197
CANDIDATE,0,0,0,0,8.67237968,132.55073,0.0,0.1385,2.826,99.1,0.009044,3.2406,0.87,825.0,109.61,12.3,157,5620.0,4.498,0.882,0.893,14.219,10.6,-10.6,0.000685,-0.00048,0.54311,-1.76104,0.36,-0.08,14.761,14.162,13.987,13.914,12.936,12.586,12.504,-1,0.5691197
CANDIDATE,0,0,0,0,4.2743294,133.0319,0.0,0.2522,2.754,247.0,0.014581,1.64573,1.82,1327.0,732.24,10.9,37,6495.0,4.366,1.145,1.11,14.496,27.6,-27.6,0.001034,-0.000848,0.50165,-0.71707,0.96,-0.23,14.82,14.453,14.357,14.35,13.508,13.19,13.211,-1,0.5691197
CANDIDATE,0,0,0,0,11.8309193,140.0991,0.0,0.6151,8.751,137.6,0.011176,0.07797,1.17,770.0,83.17,11.1,114,5550.0,4.411,0.958,0.862,15.337,14.6,-14.6,0.00016,-0.001191,0.12041,-0.00668,0.45,-0.16,15.953,15.288,15.073,14.985,14.021,13.567,13.494,-1,0.5691197
CANDIDATE,0,0,0,0,58.669218,168.6211,0.0,0.332,3.712,169.4,0.011875,8.44604,1.28,450.0,9.68,10.0,19,5548.0,4.433,0.986,0.961,13.899,21.6,-21.6,0.000789,-0.00101,3.71048,-3.98844,0.47,-0.14,14.477,13.825,13.652,13.577,12.651,12.263,12.151,-1,0.5691197
CANDIDATE,0,0,0,0,22.57560933,149.08591,0.0,2.3668,34.347,1363.2,1.395448,0.00102,202.06,822.0,107.89,713.2,62,6587.0,4.268,1.326,1.191,11.612,16.2,-16.2,0.123317,-0.016458,0.00012,-2e-05,112.8,-35.35,11.83,11.539,11.479,11.508,10.673,10.478,10.443,-1,0.5691197
CANDIDATE,0,0,0,0,7.0799969,131.5887,0.0,0.5608,2.396,364.7,0.017841,2.66713,1.57,738.0,70.05,9.7,162,4808.0,4.521,0.806,0.785,15.975,46.5,-46.5,0.000462,-0.002352,3.36098,-0.90877,1.98,-0.12,16.896,15.902,15.58,15.369,14.251,13.757,13.682,-1,0.5691197
CANDIDATE,0,0,0,0,41.9936864,143.8872,0.0,0.0125,3.362,281.6,0.015253,9.75258,1.52,503.0,15.19,8.1,27,5766.0,4.498,0.915,0.963,14.847,38.9,-38.9,0.001298,-0.001136,3.35818,-5.70928,0.63,-0.13,15.363,14.781,14.626,14.552,13.585,13.23,13.109,-1,0.5691197
CANDIDATE,0,0,0,0,466.003777,435.01033,0.0,0.9081,10.67,2453.4,0.05458,0.49851,5.22,223.0,0.58,46.0,3,5830.0,4.54,0.876,0.97,14.692,79.7,-79.7,0.001292,-0.009166,4.1223,-0.27671,2.0,-0.4,15.175,14.624,14.485,14.402,13.483,13.095,13.093,-1,0.5691197
CANDIDATE,0,0,0,0,27.2020198,151.86857,0.0,0.2274,1.894,182.8,0.012546,32.41259,1.37,668.0,47.17,9.4,49,6353.0,4.428,1.0,0.979,14.172,25.0,-25.0,0.00111,-0.000806,12.25503,-21.11418,0.54,-0.15,14.537,14.14,14.015,13.986,13.112,12.826,12.778,-1,0.5691197
CANDIDATE,0,0,0,0,64.713159812,171.3677551,0.0,0.6112,5.64553,318000.0,0.609234,10.00784,64.8,482.0,12.8,5908.2,0,6175.0,4.44,0.974,0.952,13.882,210.0,-210.0,0.005163,-0.005368,0.0342,-0.06032,24.35,-7.19,14.28,13.846,13.711,13.68,12.808,12.494,12.435,-1,0.0
CANDIDATE,0,0,0,0,19.1597617,141.5680245,0.0,0.9835,3.11226,34322.0,0.291626,3.14996,16.43,424.0,7.65,835.6,73,4492.0,4.727,0.516,0.518,15.053,58.9,-58.9,0.167006,-0.029825,0.0801,-0.05436,1.05,-1.3,15.995,15.083,14.65,14.439,13.321,12.746,12.663,-1,0.00021484883
CANDIDATE,0,0,0,0,32.0335206,146.8112,0.0,0.012,5.4,81.1,0.008213,1.75886,0.9,591.0,28.78,10.1,45,6039.0,4.478,1.005,1.108,13.186,9.6,-9.6,0.00059,-0.000542,0.12575,-0.92995,0.43,-0.07,13.605,13.114,13.006,12.985,12.115,11.787,11.754,-1,0.5691197
CANDIDATE,0,0,0,0,43.3976505,153.9339,0.0,0.3126,3.931,680.0,0.023411,5.57564,1.85,388.0,5.37,9.1,31,4877.0,4.608,0.723,0.774,15.944,87.2,-87.2,0.001538,-0.002257,0.71589,-3.94023,0.23,-0.14,16.763,15.816,15.593,15.361,14.26,13.671,13.574,-1,0.5691197
CANDIDATE,0,0,0,0,4.76818366,131.85269,0.0,0.0511,2.254,74.4,0.007641,3.58768,0.54,761.0,79.48,11.6,281,4680.0,4.618,0.649,0.638,13.442,8.1,-8.1,0.000665,-0.000363,1.22371,-1.79914,0.06,-0.05,14.344,13.406,13.057,14.292,11.886,11.287,11.203,-1,0.5691197
CANDIDATE,0,0,0,0,2.709570556,134.084924,0.0,1.2235,5.57018,13523.0,0.382707,0.05154,217.65,2428.0,8211.89,964.9,495,5030.0,3.18,5.208,1.498,13.368,17.7,-17.7,0.078787,-0.042596,0.00318,-0.00174,112.0,-84.75,14.165,13.317,13.027,12.86,11.781,11.183,11.076,-1,0.5691197
CANDIDATE,0,1,0,0,4.264729016,135.1986622,0.0,0.8921,2.19366,22937.0,0.178248,1.57173,27.58,1428.0,983.86,922.1,313,6052.0,4.084,1.417,0.887,12.873,45.7,-45.7,0.004586,-0.003384,0.02142,-0.04355,11.33,-8.25,13.286,12.834,12.696,12.617,11.812,11.52,11.441,-1,0.5691197
CANDIDATE,0,0,0,0,19.741615865,136.4469053,0.0,1.0528,3.07504,88993.0,0.507052,7.1868,89.59,923.0,171.82,4357.4,67,6508.0,4.136,1.618,1.309,10.543,58.0,-58.0,0.051389,-0.05126,0.12525,-0.23757,51.44,-23.09,10.783,10.482,10.44,10.456,9.663,9.463,9.415,-1,3.9507035e-15
CANDIDATE,0,0,0,0,37.806940861,153.8409351,0.0,1.1537,3.83862,112720.0,0.647201,9.16424,81.7,633.0,37.97,2894.3,36,6428.0,4.377,1.156,1.16,14.898,85.8,-85.8,0.043763,-0.062163,0.20748,-0.43642,41.34,-10.32,15.279,14.839,14.735,14.679,13.786,13.443,13.446,-1,1.7631895e-28
CANDIDATE,0,0,0,0,5.233452463,133.125845,0.0,0.4634,8.28735,435380.0,0.667503,0.32739,71.21,1050.0,287.6,3394.3,0,5841.0,4.454,0.977,0.992,13.424,416.0,-416.0,0.002222,-0.003826,0.00103,-0.00191,29.09,-7.5,14.009,13.372,13.174,14.292,12.139,11.803,11.74,-1,0.0
CANDIDATE,0,0,0,0,3.518356029,131.7998776,0.0,0.5876,6.89166,337200.0,0.620058,0.32715,66.97,1266.0,606.41,3963.0,0,6201.0,4.472,0.989,1.058,15.168,167.0,-167.0,0.004419,-0.005345,0.00142,-0.00159,24.17,-6.57,15.595,15.12,14.986,14.928,14.046,13.673,13.571,-1,0.0
CANDIDATE,0,0,0,0,8.752913498,138.724864,0.0,1.0022,3.447,42074.0,0.323192,1.17018,92.61,1635.0,1689.12,355.9,152,7279.0,3.856,2.624,1.8,11.961,200.0,-200.0,0.120112,-0.067789,0.03878,-0.02852,31.2,-27.46,12.137,11.902,11.874,11.875,11.131,10.982,10.925,-1,0.0009447793
CANDIDATE,0,0,0,0,15.249338053,143.6626602,0.0,1.5352,3.79718,35074.0,0.767378,1.58605,99.64,875.0,138.77,2774.2,90,6385.0,4.316,1.189,1.062,13.593,22.9,-22.9,0.175043,-0.200736,0.17443,-0.17816,56.48,-14.08,13.94,13.552,13.445,13.441,12.558,12.317,12.263,-1,0.5691197
CANDIDATE,0,0,0,0,17.734022106,143.9224604,0.0,0.88,7.28129,189550.0,0.586192,0.89358,61.64,711.0,60.39,5226.4,78,5892.0,4.426,0.963,0.901,12.553,54.7,-54.7,0.014672,-0.016796,0.00918,-0.01067,22.98,-7.61,12.99,12.509,12.366,12.329,11.435,11.141,11.098,-1,0.0
CANDIDATE,0,0,0,0,122.8056263,179.31737,0.0,0.2578,1.93,280.6,0.015457,136.55765,1.99,418.0,7.21,10.3,11,6109.0,4.312,1.179,1.038,13.436,32.9,-32.9,0.000819,-0.001319,32.52222,-63.96835,1.04,-0.3,13.858,13.38,13.255,13.196,12.334,12.055,11.951,-1,0.5691197
CANDIDATE,0,0,0,0,16.2483414,143.95252,0.0,0.7247,7.741,466.4,0.021249,0.11091,2.14,704.0,58.1,21.2,69,5729.0,4.436,0.923,0.848,14.708,23.9,-23.9,0.003509,-0.001654,0.19695,-0.00677,0.86,-0.27,15.263,14.676,14.47,14.37,13.5,13.079,13.068,-1,0.5691197
CANDIDATE,0,0,0,0,22.913446964,140.6466745,0.0,0.6919,4.1306,252670.0,0.567247,7.6292,163.59,1112.0,361.94,3112.4,60,6620.0,3.779,2.641,1.531,11.856,54.8,-54.8,0.005156,-0.005761,0.0238,-0.03031,39.09,-68.38,12.145,11.815,11.732,11.711,10.93,10.702,10.62,-1,0.0
CANDIDATE,0,0,0,0,2.243015793,133.4507844,0.0,0.6431,4.3308,283120.0,0.582474,0.74048,91.85,1812.0,2547.31,10178.3,484,6181.0,4.084,1.444,0.923,12.785,60.2,-60.2,0.002458,-0.004801,0.00165,-0.00242,38.8,-26.65,13.188,12.756,12.613,12.56,11.694,11.398,11.344,-1,0.0
CANDIDATE,0,0,0,0,1.237147433,132.658165,0.0,0.4529,7.09102,444660.0,0.675225,0.17266,75.5,1793.0,2442.42,6644.1,0,6131.0,4.457,1.024,1.094,13.82,130.0,-130.0,0.000758,-0.000874,0.00027,-0.00021,36.65,-6.78,14.24,13.77,13.639,13.585,12.801,12.51,12.485,-1,0.0
CANDIDATE,0,0,0,0,1.542879534,132.61496,0.0,0.5991,1.083,838.0,0.019949,5.82364,1.17,1008.0,243.62,14.0,668,4530.0,4.704,0.539,0.537,15.121,715.0,-715.0,0.00528,-0.003986,311.73221,-4.80956,0.09,-0.08,16.031,15.106,14.731,14.521,13.45,12.854,12.726,-1,0.5691197
CANDIDATE,0,0,0,0,33.3199167,150.0553,0.0,0.0619,6.555,6454.0,0.073624,1.22901,13.1,746.0,73.19,96.3,4,6266.0,4.142,1.63,1.345,14.624,107.0,-107.0,0.001176,-0.000578,0.04797,-0.16927,7.22,-3.66,15.124,14.579,14.41,14.344,13.49,13.263,13.079,-1,0.5691197
CANDIDATE,0,0,0,0,11.8674823,142.951,0.0,0.2607,4.774,577.7,0.022151,0.88964,3.94,1053.0,290.14,15.4,14,6266.0,4.142,1.63,1.345,14.624,52.6,-52.6,0.001043,-0.00143,0.19235,-0.36592,2.17,-1.1,15.124,14.579,14.41,14.344,13.49,13.263,13.079,-1,0.5691197
CANDIDATE,0,0,0,0,7.3143123,137.486,0.0,0.2384,1.545,233.9,0.014222,16.03905,2.31,1263.0,601.53,9.1,23,6486.0,4.136,1.485,1.098,14.263,62.2,-62.2,0.002596,-0.002215,76.68865,-15.71499,1.13,-0.6,14.682,14.261,14.083,14.059,13.161,12.862,12.735,-1,0.5691197
CANDIDATE,0,0,0,0,10.40321412,138.11039,0.0,1.3785,17.477,808.1,0.404422,0.0011,58.78,1067.0,306.19,256.8,127,6434.0,4.202,1.331,1.027,13.272,5.0,-5.0,0.412612,-0.077186,0.00081,-0.0001,26.15,-12.54,13.62,13.236,13.122,13.085,12.215,11.938,11.851,-1,0.5691197
CANDIDATE,0,0,0,0,29.5129453,134.7075,0.0,0.0858,6.686,222.5,0.013604,0.85835,1.29,564.0,23.84,11.6,48,5774.0,4.491,0.867,0.848,15.334,23.0,-23.0,0.000744,-0.00093,0.18265,-0.4339,0.55,-0.14,15.891,15.302,15.095,15.0,14.073,13.687,13.609,-1,0.5691197
CANDIDATE,0,0,0,0,35.4260967,161.16554,0.0,0.9672,4.317,515.9,0.03,0.16555,116.94,2217.0,5712.61,20.0,33,4289.0,1.603,35.695,1.863,11.925,29.2,-29.2,0.002732,-0.009826,7.51811,-0.0385,30.53,-30.82,12.742,12.02,14.368,14.292,9.083,8.357,8.158,-1,0.36778474
CANDIDATE,0,0,0,0,9.86867621,138.99688,0.0,41.7312,3.027,5732.0,40.790203,64.6158,7648.02,1332.0,743.72,15.1,139,7301.0,4.11,1.717,1.384,10.656,515.0,-515.0,44.40867,-1.911169,296.95905,-18.84754,3822.0,-1826.0,10.762,10.621,10.632,10.698,9.941,9.827,9.773,-1,0.54842836
CANDIDATE,0,0,0,0,13.0327791,133.6742,0.0,0.6736,3.97,252.8,0.015424,0.77288,1.68,809.0,101.4,10.3,103,6122.0,4.471,0.996,1.07,15.863,30.3,-30.3,0.000276,-0.001785,1.63459,-0.6902,0.58,-0.16,16.321,15.812,15.667,15.61,14.683,14.362,14.304,-1,0.5691197
CANDIDATE,0,0,0,0,16.2959751,133.6218,0.0,0.5904,6.817,475.0,0.020747,0.25142,2.29,744.0,72.62,17.2,68,6063.0,4.476,1.012,1.117,15.735,32.6,-32.6,0.000201,-0.001592,0.33521,-0.00623,0.99,-0.21,16.233,15.669,15.521,15.465,14.486,14.159,14.03,-1,0.5691197
CANDIDATE,0,0,0,0,24.0763833,141.0899,0.0,0.9383,20.939,1351.5,0.043863,0.00231,56.19,1816.0,2571.16,68.7,59,4700.0,2.214,11.732,0.821,11.43,58.1,-58.1,0.002044,-0.002604,0.0006,-0.00084,33.16,-15.65,12.381,11.42,11.023,10.732,9.542,8.888,8.786,-1,0.5691197
CANDIDATE,0,0,0,0,19.2401414,138.7552,0.0,0.765,3.146,274.5,0.01662,1.56679,1.49,585.0,27.69,9.0,69,5243.0,4.49,0.821,0.761,15.099,36.5,-36.5,0.005068,-0.002326,4.19649,-1.52283,0.6,-0.17,15.805,15.055,14.796,14.671,13.654,13.192,13.084,-1,0.5691197
CANDIDATE,0,0,0,0,4.326946402,132.1921979,0.0,0.4741,5.53939,422210.0,0.663408,0.88582,108.74,1481.0,1137.15,8172.5,0,6231.0,4.078,1.501,0.984,13.253,147.0,-147.0,0.001249,-0.00136,0.00162,-0.00159,48.9,-32.17,13.662,13.214,13.078,12.967,12.085,11.773,11.746,-1,0.0
CANDIDATE,0,0,0,0,1.645306652,132.13171,0.0,0.442,1.6835,1150.2,0.031447,2.38964,2.61,1305.0,685.76,20.3,816,5423.0,4.591,0.759,0.822,15.517,70.2,-70.2,0.00093,-0.00232,1.60118,-0.37109,0.71,-0.2,16.128,15.472,15.255,15.143,14.245,13.838,13.666,-1,0.5691197
CANDIDATE,0,0,0,0,2.179925173,132.1292896,0.0,0.6952,4.88941,262130.0,0.581528,0.48503,61.34,1448.0,1040.63,12808.4,617,6106.0,4.487,0.966,1.043,13.96,36.6,-36.6,0.00195,-0.003176,0.00087,-0.0012,25.72,-5.52,14.378,13.9,13.782,13.701,12.854,12.573,12.545,-1,0.0
CANDIDATE,0,0,0,0,9.7044192,138.1883,0.0,0.5009,3.668,129.7,0.010728,1.12465,1.21,926.0,173.51,11.9,134,6258.0,4.449,1.031,1.087,14.752,13.9,-13.9,0.000441,-0.000816,1.12048,-0.17468,0.61,-0.11,15.172,14.715,14.573,14.531,13.677,13.346,13.302,-1,0.5691197
CANDIDATE,0,0,0,0,42.296632,133.809,0.0,0.3528,23.35,175.1,0.011916,0.02399,9.18,1050.0,286.83,23.3,33,4902.0,3.042,7.056,1.996,12.057,12.2,-12.2,0.000617,-0.000415,0.0117,-0.00876,0.65,-2.23,12.908,11.994,11.692,11.534,10.397,9.919,9.758,-1,0.5691197
CANDIDATE,0,0,0,0,1.444474883,132.31555,0.0,0.128,1.452,1084.4,0.029209,4.27845,1.78,1052.0,290.01,19.1,926,4569.0,4.686,0.559,0.553,15.356,84.6,-84.6,0.00213,-0.00145,0.71338,-2.13153,0.13,-0.13,16.271,15.336,14.964,14.756,13.676,13.101,12.967,-1,0.5691197
CANDIDATE,0,0,0,0,12.71422376,134.8097,0.0,0.0439,3.278,677.6,0.02375,3.25916,2.49,785.0,89.81,10.3,35,5947.0,4.481,0.962,1.022,16.154,73.9,-73.9,0.001624,-0.001485,0.29892,-1.6743,1.06,-0.23,16.699,16.098,15.92,15.826,14.799,14.559,14.586,-1,0.5691197
CANDIDATE,0,0,0,0,7.72955243,138.93335,0.0,0.1033,2.387,455.5,0.0195,5.00412,2.05,927.0,174.28,8.5,56,5947.0,4.481,0.962,1.022,16.154,83.3,-83.3,0.002759,-0.001198,7.72415,-4.83956,0.87,-0.2,16.699,16.098,15.92,15.826,14.799,14.559,14.586,-1,0.5691197
CANDIDATE,0,0,0,0,7.7017812,134.2191,0.0,0.1202,10.962,147.4,0.010873,0.05078,0.64,626.0,36.41,14.6,181,4822.0,4.709,0.543,0.55,15.268,11.1,-11.1,0.000709,-0.000464,0.00498,-0.0233,0.04,-0.04,16.046,15.243,14.935,14.905,13.685,13.177,13.048,-1,0.5691197
CANDIDATE,0,0,0,0,21.02546116,148.2225003,0.0,0.9869,6.51964,117330.0,0.520504,0.99293,105.44,999.0,235.36,10236.3,51,6632.0,3.985,1.855,1.213,13.079,26.9,-26.9,0.006865,-0.019506,0.00309,-0.01047,42.0,-35.87,13.394,13.041,12.944,12.872,12.083,11.828,11.749,-1,1.0177987e-13
CANDIDATE,0,0,0,0,3.103728994,132.8746978,0.0,0.5164,6.91764,389090.0,0.643642,0.31783,78.86,1361.0,812.03,6709.5,0,6077.0,4.395,1.122,1.143,15.001,290.0,-290.0,0.003705,-0.004354,0.00145,-0.00166,45.97,-9.0,15.47,14.945,14.8,14.771,13.871,13.605,13.529,-1,0.0
CANDIDATE,0,1,0,0,1.927175172,132.572923,0.0,0.003,2.62476,150450.0,0.351156,2.25277,29.68,1220.0,523.16,569.3,691,5193.0,4.525,0.774,0.732,15.706,388.0,-388.0,0.0005,-0.000478,0.0124,-0.0228,6.86,-3.07,16.413,15.661,15.403,15.264,14.138,13.687,13.636,-1,0.0
CANDIDATE,0,0,0,0,2.053866648,132.943896,0.0,1.2914,4.8007,5154.4,0.380382,0.03983,169.85,2526.0,9631.57,512.8,652,5051.0,3.22,4.089,1.014,13.912,12.3,-12.3,0.103382,-0.101028,0.00374,-0.00558,114.6,-46.69,14.731,13.881,13.56,13.368,12.234,11.671,11.62,-1,0.21682182
CANDIDATE,0,0,0,0,1.27623492,131.6604,0.0,0.5707,2.191,222.0,0.014197,0.63986,1.6,1832.0,2662.95,4.5,0,6297.0,4.448,1.031,1.084,15.534,18.3,-18.3,0.000112,-0.00135,0.40451,-0.36495,0.7,-0.14,15.945,15.49,15.357,15.301,14.422,14.138,14.122,-1,0.5691197
CANDIDATE,0,0,0,0,9.13314525,139.98476,0.0,0.2042,2.1582,226.9,0.013883,7.50929,1.46,900.0,155.42,24.8,109,6122.0,4.487,0.964,1.041,11.767,10.9,-10.9,0.000691,-0.000223,1.65561,-2.31145,0.6,-0.13,12.111,11.704,11.619,11.594,10.774,10.496,10.459,-1,0.5691197
CANDIDATE,0,1,0,0,1.853209008,132.249832,0.0,1.5663,1.78189,12580.0,0.695632,0.8706,130.35,2099.0,4584.55,398.3,731,6384.0,4.026,1.716,1.14,13.085,44.4,-44.4,3.082596,-0.045286,3.59019,-0.04182,58.04,-43.45,13.285,13.017,13.001,14.292,11.976,11.744,11.69,-1,0.5691197
CANDIDATE,0,0,0,0,14.66768363,139.16218,0.0,1.0531,2.4283,30713.0,0.319554,4.34855,112.57,1552.0,1370.6,90.9,90,7517.0,3.717,3.226,1.98,13.415,555.0,-555.0,3.918408,-0.119117,25.08486,-0.6261,19.54,-39.71,13.559,13.368,13.359,13.359,12.59,12.405,12.377,-1,0.5691197
CANDIDATE,0,0,0,0,27.556452,132.1916,0.0,0.1438,8.23,289.2,0.015347,0.42381,1.4,531.0,18.86,6.7,43,5509.0,4.565,0.836,0.937,15.979,55.4,-55.4,0.000913,-0.002548,0.32042,-0.3639,0.54,-0.1,16.62,15.906,15.705,15.547,14.595,14.224,14.184,-1,0.5691197
CANDIDATE,0,0,0,0,14.137062,136.69826,0.0,0.2133,2.264,393.0,0.017714,10.12845,1.37,568.0,24.62,7.5,93,4861.0,4.574,0.709,0.689,15.729,58.6,-58.6,0.001764,-0.001387,3.40537,-7.93948,0.19,-0.13,16.574,15.677,15.367,15.118,14.047,13.512,13.444,-1,0.5691197
CANDIDATE,0,0,0,0,0.764598174,131.69488,0.0,0.0636,1.074,15.4,0.003643,5.31611,0.32,2041.0,4098.14,10.0,1749,6174.0,4.456,0.814,0.69,11.215,2.7,-2.7,0.000791,-0.000383,28.02278,-4.52334,0.26,-0.04,11.522,11.182,11.083,11.035,10.208,9.974,9.911,-1,0.4105363
CANDIDATE,0,0,0,0,4.78111626,131.71016,0.0,0.2919,2.625,122.5,0.010119,2.02279,1.23,1131.0,386.46,10.4,277,5683.0,4.326,1.115,0.959,14.595,12.3,-12.3,0.000571,-0.000661,0.5792,-0.86501,0.45,-0.2,15.181,14.534,14.343,14.234,13.31,12.953,12.809,-1,0.5691197
CANDIDATE,0,0,0,0,7.1884725,133.1627,0.0,0.2447,2.243,125.1,0.010201,5.06179,1.24,986.0,223.87,8.6,176,5683.0,4.326,1.115,0.959,14.595,17.4,-17.4,0.000445,-0.001285,23.198,-2.41066,0.45,-0.2,15.181,14.534,14.343,14.234,13.31,12.953,12.809,-1,0.5691197
CANDIDATE,0,0,0,0,2.4357503,133.4569,0.0,0.9079,17.75,6902.0,0.090308,0.00371,17.56,2102.0,4614.94,61.9,212,7239.0,4.129,1.781,1.558,14.141,295.0,-295.0,0.002851,-0.002658,7e-05,-3e-05,11.49,-3.31,14.4,14.095,14.03,13.995,13.202,13.019,12.987,-1,0.5691197
CANDIDATE,0,0,0,0,0.673141323,131.68751,0.0,0.1065,0.921,229.5,0.013791,7.57052,1.29,1834.0,2675.15,10.5,1985,5461.0,4.552,0.858,0.957,15.771,25.1,-25.1,0.001102,-0.000764,1.3019,-4.91971,0.44,-0.09,16.419,15.713,15.493,15.387,14.455,14.041,13.952,-1,0.51789075
CANDIDATE,0,0,0,0,8.60964779,134.38905,0.0,0.1867,2.123,74.6,0.007814,7.37478,3.61,1550.0,1365.41,9.6,151,5418.0,3.447,4.233,1.83,12.765,8.9,-8.9,0.000429,-0.000727,0.85934,-4.7571,1.19,-2.26,13.438,12.705,12.477,12.338,11.321,10.897,10.794,-1,0.5691197
CANDIDATE,0,0,0,0,1.109841884,132.165538,0.0,0.0447,8.174,313940.0,0.519477,0.09714,61.66,1910.0,3147.39,2313.1,1216,5947.0,4.336,1.087,0.934,14.52,398.0,-398.0,0.000135,-0.000394,0.00029,-0.00015,21.16,-9.87,15.031,14.485,14.3,14.228,13.211,12.916,12.833,-1,0.0
CANDIDATE,0,0,0,0,13.8912619,137.3445,0.0,0.1408,4.499,231.6,0.013828,1.30322,1.19,674.0,48.8,10.4,95,5472.0,4.499,0.79,0.718,15.365,24.6,-24.6,0.000623,-0.001257,2.08718,-0.56172,0.58,-0.13,15.964,15.328,15.108,14.954,14.062,13.648,13.538,-1,0.5691197
CANDIDATE,0,0,0,0,18.1775122,145.8008,0.0,0.184,3.821,232.3,0.014005,2.7265,1.56,734.0,68.72,8.2,70,6147.0,4.457,1.023,1.092,15.324,34.1,-34.1,0.00086,-0.001439,4.60395,-1.65708,0.64,-0.14,15.792,15.274,15.123,15.039,14.188,13.862,13.758,-1,0.5691197
CANDIDATE,0,0,0,0,3.09872371,134.39482,0.0,0.4584,1.886,268.0,0.015191,2.91014,0.68,579.0,26.58,10.1,435,3627.0,4.843,0.41,0.427,15.87,32.1,-32.1,0.000852,-0.001243,2.48144,-1.16658,0.08,-0.1,17.408,16.029,15.211,14.774,13.527,12.925,12.718,-1,0.5691197
CANDIDATE,0,0,0,0,8.8324193,137.7004,0.0,0.185,2.252,74.1,0.007933,6.3509,0.98,999.0,234.99,8.1,150,6060.0,4.29,1.133,0.914,13.303,10.6,-10.6,0.00039,-0.000951,0.16943,-6.25452,0.33,-0.18,13.734,13.271,13.119,13.083,12.166,11.843,11.83,-1,0.5691197
CANDIDATE,0,0,0,0,5.88838498,136.02778,0.0,0.1268,1.061,121.3,0.010194,41.84277,1.21,1125.0,379.27,8.7,230,6243.0,4.39,1.084,1.048,14.199,20.5,-20.5,0.001206,-0.000704,24.06816,-40.91112,0.64,-0.13,14.6,14.152,14.027,13.98,13.124,12.827,12.794,-1,0.5691197
CANDIDATE,0,0,0,0,204.268012,164.7386,0.0,0.7284,38.04,21715.0,0.146333,0.02173,11.62,236.0,0.73,21.9,7,4907.0,4.582,0.727,0.737,15.615,627.0,-627.0,0.002397,-0.008898,0.00913,-0.0066,1.42,-1.01,16.437,15.553,15.263,15.083,13.966,13.423,13.388,-1,0.5691197
CANDIDATE,0,0,0,0,2.629870492,132.067637,0.0,0.6571,6.6298,124350.0,0.349612,0.13819,36.92,1292.0,659.45,1133.7,514,5566.0,4.382,0.967,0.822,14.043,228.0,-228.0,0.001262,-0.001007,0.00062,-0.00096,15.15,-5.61,14.614,13.997,13.799,13.719,12.601,12.255,12.114,-1,1.374183e-38
CANDIDATE,0,0,0,0,0.947553302,131.88176,0.0,0.2731,1.122,68.3,0.007631,5.24637,0.68,1696.0,1955.62,12.8,1410,5627.0,4.516,0.817,0.799,13.853,7.1,-7.1,0.00048,-0.000447,1.99855,-2.60351,0.31,-0.07,14.368,13.805,13.632,13.547,12.659,12.264,12.223,-1,0.5691197
CANDIDATE,0,0,0,0,50.271712,160.4694,0.0,0.0621,6.027,603.9,0.022631,2.06031,3.16,600.0,30.63,8.4,24,6517.0,4.349,1.278,1.332,15.923,75.6,-75.6,0.001934,-0.001168,0.55635,-1.11765,1.58,-0.52,16.342,15.882,15.744,15.719,14.868,14.612,14.558,-1,0.5691197
CANDIDATE,0,0,0,0,7.047106313,132.750197,0.0,1.0848,3.1392,70261.0,0.47994,1.97495,121.64,1846.0,2744.25,1116.9,186,8162.0,3.973,2.321,1.845,9.002,172.0,-172.0,0.069647,-0.050934,0.06183,-0.0579,44.86,-30.76,8.963,9.015,9.146,9.257,8.587,8.522,8.532,-1,1.901892e-11
CANDIDATE,0,0,0,0,5.32737192,133.27114,0.0,0.3554,2.226,107.7,0.009419,3.44309,0.7,782.0,88.33,6.8,202,4905.0,4.593,0.679,0.659,14.44,17.9,-17.9,0.0008,-0.000974,2.73243,-3.34282,0.1,-0.07,15.212,14.385,14.109,13.937,12.863,12.336,12.232,-1,0.5691197
CANDIDATE,0,0,0,0,5.90260586,136.35507,0.0,0.1049,1.832,337.7,0.01638,8.37101,1.26,759.0,78.58,8.2,180,4960.0,4.627,0.707,0.786,15.734,44.6,-44.6,0.001342,-0.001395,2.73219,-5.02433,0.18,-0.09,16.524,15.668,15.396,15.232,14.181,13.598,13.591,-1,0.5691197
CANDIDATE,0,0,0,0,22.80265,132.9476,0.0,0.1018,19.34,53.1,0.006509,0.02688,2.36,1045.0,281.59,11.8,60,5011.0,3.321,3.324,0.843,13.124,6.8,-6.8,0.000683,-0.000291,0.045,-0.02556,1.92,-0.46,13.906,13.087,12.789,12.589,11.535,11.049,10.937,-1,0.5691197
CANDIDATE,0,0,0,0,14.658014077,140.4755976,0.0,1.422,3.02361,129940.0,0.934411,10.10344,165.91,855.0,126.35,6000.8,94,5146.0,3.986,1.626,0.934,13.391,44.8,-44.8,0.025245,-0.033578,0.20491,-0.23139,120.2,-81.73,14.106,13.314,13.085,12.951,11.908,11.429,11.339,-1,5.249045e-31
CANDIDATE,0,0,0,0,12.4698897,143.733,0.0,0.5724,4.08,81.6,0.008591,0.8891,0.99,858.0,127.93,8.2,106,6201.0,4.416,1.056,1.055,14.024,12.6,-12.6,0.000757,-0.000634,2.14131,-0.8527,0.49,-0.1,14.444,13.98,13.844,13.794,12.946,12.689,12.619,-1,0.5691197
CANDIDATE,0,0,0,0,5.823024,133.9866,0.0,0.3272,2.162,226.1,0.013844,4.30426,1.21,913.0,164.11,7.3,148,5693.0,4.574,0.802,0.88,15.902,49.8,-49.8,0.002043,-0.00132,36.7812,-2.8814,0.51,-0.09,16.487,15.859,15.651,15.524,14.573,14.228,14.174,-1,0.5691197
CANDIDATE,0,0,0,0,3.471399167,133.7510199,0.0,1.0274,5.07136,92890.0,0.497595,0.3101,91.78,1557.0,1390.76,3957.9,381,6026.0,4.101,1.689,1.315,12.161,35.4,-35.4,0.012374,-0.027318,0.00176,-0.00527,39.77,-28.42,12.613,12.089,11.967,11.931,11.015,10.739,10.661,-1,2.1182408e-18
CANDIDATE,0,0,0,0,9.78184193,132.3447759,0.0,0.4711,2.3,507.1,0.023196,1.0851,2.41,941.0,185.17,33.5,119,5806.0,4.466,0.962,0.965,15.198,19.3,-19.3,0.000832,-0.000914,0.22037,-0.18209,0.88,-0.26,15.627,15.148,15.015,14.921,14.062,13.803,13.792,-1,0.5691197
CANDIDATE,0,0,0,0,8.177112,136.8198,0.0,0.1346,4.424,41.0,0.005922,0.79104,0.78,1115.0,365.09,10.6,163,6501.0,4.281,1.209,1.017,12.419,4.9,-4.9,0.000345,-0.000462,0.84137,-0.36997,0.31,-0.13,12.706,12.377,12.296,12.279,11.427,11.192,11.14,-1,0.5691197
CANDIDATE,0,0,0,0,569.45154,143.4551,0.0,0.206,13.15,400.2,0.018407,2.09393,1.9,225.0,0.61,9.9,3,6117.0,4.496,0.947,1.025,14.542,57.0,-57.0,0.000415,-0.002665,0.29583,-2.03346,0.71,-0.17,14.969,14.481,14.359,14.293,13.454,13.089,12.964,-1,0.5691197
CANDIDATE,0,0,0,0,2.9590637,133.9227,0.0,0.2957,28.81,23.6,0.004506,0.00247,0.65,1564.0,1415.74,6.4,455,6192.0,4.195,1.322,0.999,12.913,3.7,-3.7,0.000256,-0.000248,0.00042,-0.00022,0.3,-0.15,13.298,12.873,12.747,12.707,11.859,11.579,11.569,-1,0.5691197
CANDIDATE,0,0,0,0,5.11685165,133.914,0.0,0.3053,3.104,177.7,0.012296,1.30236,1.22,1039.0,275.15,9.8,168,5955.0,4.52,0.91,0.999,15.221,22.3,-22.3,0.000827,-0.000963,0.37722,-0.6762,0.5,-0.1,15.739,15.175,14.999,14.902,13.987,13.637,13.583,-1,0.5691197
CANDIDATE,0,0,0,0,10.0716247,140.0415,0.0,0.3104,6.881,41.0,0.005926,0.22963,1.82,1362.0,814.46,9.6,136,5768.0,3.633,2.81,1.236,13.472,5.4,-5.4,0.000376,-0.000465,0.11685,-0.07098,0.74,-1.0,14.025,13.447,13.234,13.12,12.213,11.902,11.823,-1,0.5691197
CANDIDATE,0,0,0,0,4.37198245,131.91063,0.0,0.5262,2.256,96.8,0.009261,2.06088,0.93,1085.0,327.65,9.3,308,5823.0,4.489,0.919,0.951,14.701,13.3,-13.3,0.000502,-0.000981,1.63445,-1.20995,0.37,-0.09,15.229,14.659,14.475,14.403,13.512,13.118,13.123,-1,0.5691197
CANDIDATE,0,0,0,0,6.72876606,134.0424,0.0,0.5757,2.277,117.4,0.010286,2.75829,1.03,940.0,184.66,7.8,195,5823.0,4.489,0.919,0.951,14.701,17.6,-17.6,0.000535,-0.001166,3.753,-2.68404,0.42,-0.1,15.229,14.659,14.475,14.403,13.512,13.118,13.123,-1,0.5691197
CANDIDATE,0,0,0,0,3.09383466,132.75554,0.0,0.0246,1.602,390.7,0.018009,6.70144,1.36,1006.0,242.11,9.9,282,5327.0,4.631,0.691,0.743,15.896,65.5,-65.5,0.002795,-0.000844,8.43007,-6.59571,0.27,-0.1,16.547,15.855,15.616,15.469,14.53,14.011,13.935,-1,0.5691197
CANDIDATE,0,0,0,0,9.4588176,136.8106,0.0,0.0415,3.796,296.3,0.015797,1.52705,1.78,926.0,174.18,8.2,138,6210.0,4.45,1.033,1.093,15.812,38.9,-38.9,0.001352,-0.001065,0.39923,-1.05035,0.68,-0.15,16.258,15.768,15.621,15.559,14.715,14.447,14.388,-1,0.5691197
CANDIDATE,0,0,0,0,71.008017,140.865,0.0,0.1788,5.395,170.2,0.011971,3.76818,1.11,419.0,7.27,6.6,19,5847.0,4.526,0.849,0.882,14.603,32.8,-32.8,0.000955,-0.001736,1.10939,-3.72089,0.48,-0.1,15.088,14.558,14.396,14.319,13.37,13.023,12.931,-1,0.5691197
CANDIDATE,0,0,0,0,2.90809712,134.3196,0.0,0.3122,2.224,107.9,0.009592,1.98617,0.91,1217.0,519.31,6.9,366,5887.0,4.545,0.866,0.957,14.557,21.6,-21.6,0.00101,-0.00109,1.80303,-1.97581,0.4,-0.07,15.066,14.51,14.355,14.244,13.378,13.014,12.97,-1,0.5691197
CANDIDATE,0,0,0,0,566.28176,440.2605,0.0,0.2065,20.39,1200.0,0.031803,0.5824,2.79,203.0,0.4,8.9,3,5829.0,4.575,0.802,0.879,15.992,152.0,-152.0,0.002396,-0.002171,0.22655,-0.26132,1.07,-0.22,16.535,15.959,15.759,15.652,14.765,14.317,14.221,-1,0.5691197
CANDIDATE,0,0,0,0,9.761168885,133.7038456,0.0,0.3351,11.407,208080.0,0.429435,0.15089,96.04,1325.0,729.48,513.9,223,6468.0,3.893,2.048,1.196,13.773,38.4,-38.4,7.4e-05,-4.7e-05,9e-05,-0.00019,31.09,-39.16,14.195,13.75,13.592,13.501,12.691,12.438,12.346,-1,0.0
CANDIDATE,0,0,0,0,5.197419839,132.5675326,0.0,0.9779,6.82641,111170.0,0.49935,0.21204,83.32,1416.0,949.86,502.3,519,6248.0,4.05,1.528,0.955,13.961,30.2,-30.2,0.011767,-0.011937,0.00135,-0.00146,35.88,-26.01,14.379,13.932,13.781,13.674,12.764,12.467,12.411,-1,2.0685169e-33
CANDIDATE,0,0,0,0,2.183510062,132.695,0.0,1.3235,4.2336,3517.1,0.391288,0.04003,7.9,454.0,10.02,120.4,598,3200.0,5.109,0.185,0.161,11.296,43.2,-43.2,2.314621,-0.237726,0.29014,-0.00747,0.0,0.0,13.454,11.927,10.371,9.58,8.046,7.158,6.844,-1,0.5691197
CANDIDATE,0,0,0,0,11.257808534,140.792932,0.0,97.4648,23.7236,658240.0,97.703239,215.50829,20004.7,1272.0,617.93,2074.3,0,6915.0,4.012,1.875,1.322,12.538,592.0,-592.0,2.286083,-29.9725,13.27812,-116.3971,8599.0,-6284.0,12.724,12.476,12.412,12.309,11.185,10.732,10.609,-1,0.0
CANDIDATE,0,0,0,0,9.402228,134.8913,0.0,0.142,2.771,322.4,0.015795,3.79568,23.93,2309.0,6719.57,9.6,114,4597.0,2.42,13.874,1.845,10.59,44.4,-44.4,0.001365,-0.001193,29.03767,-1.32036,5.14,-5.97,11.556,10.521,10.176,9.927,8.749,8.187,8.044,-1,0.26885742
CANDIDATE,0,0,0,0,6.7689239,133.0772,0.0,0.1673,3.672,106.1,0.009362,1.14006,1.15,1017.0,253.3,9.6,158,5737.0,4.327,1.125,0.979,14.725,14.1,-14.1,0.000781,-0.000608,0.27992,-0.69953,0.43,-0.19,15.304,14.656,14.476,14.354,13.468,13.07,13.005,-1,0.5691197
CANDIDATE,0,0,0,0,1.96102766,132.387,0.0,1.0389,17.83,220.3,0.058688,0.00561,9.0,1900.0,3079.5,84.6,547,6613.0,4.241,1.404,1.258,13.749,10.5,-10.5,0.009721,-0.041025,0.00016,-0.00078,4.95,-1.83,14.068,13.689,13.612,13.549,12.801,12.527,12.441,-1,0.5691197
CANDIDATE,0,0,0,0,19.9310602,145.7465,0.0,0.0766,8.48,97.9,0.008906,0.28109,2.42,960.0,201.01,14.2,54,5500.0,3.775,2.491,1.348,13.37,8.5,-8.5,0.000511,-0.000501,0.07994,-0.09829,1.09,-1.3,14.026,13.304,13.089,12.956,11.989,11.563,11.492,-1,0.5691197
CANDIDATE,0,0,0,0,2.5346749,132.92545,0.0,1.2232,21.486,327.2,0.239901,0.00567,30.76,1606.0,1574.31,106.3,418,6395.0,4.292,1.174,0.986,13.92,4.4,-4.4,0.058546,-0.114288,0.00042,-0.00168,12.12,-5.03,14.292,13.886,13.761,13.684,12.884,12.615,12.571,-1,0.5691197
CANDIDATE,0,0,0,0,5.627911279,133.1492113,0.0,0.4618,7.08691,436650.0,0.671524,0.56233,81.76,1167.0,438.81,528.5,0,6280.0,4.361,1.115,1.036,13.858,186.0,-186.0,0.001188,-0.001347,0.00118,-0.0011,43.34,-9.68,14.24,13.822,13.694,13.677,12.852,12.592,12.495,-1,0.0
CANDIDATE,0,0,0,0,0.629277143,132.01474,0.0,0.0715,0.7377,1188.3,0.031852,14.59483,3.39,2103.0,4624.3,6.4,2128,5628.0,4.388,0.976,0.85,14.027,89.4,-89.4,0.003315,-0.000413,5.36779,-7.99097,1.39,-0.51,14.543,13.955,13.806,13.444,12.5,12.09,11.976,-1,0.22814533
CANDIDATE,0,0,0,0,0.572079565,132.0190913,0.0,1.3662,2.2628,128690.0,0.88088,1.48036,61.47,1713.0,2036.56,525.8,1873,5233.0,4.625,0.639,0.627,14.235,387.0,-387.0,0.121852,-0.339661,0.09146,-0.53907,155.2,-4.52,14.872,14.206,13.962,13.795,12.803,12.36,12.317,-1,0.0
CANDIDATE,0,0,0,0,521.10826,189.5977,0.0,0.3485,18.36,244.7,0.014478,0.6145,1.5,231.0,0.68,8.7,3,5942.0,4.432,0.947,0.884,14.163,37.1,-37.1,0.001217,-0.001166,0.37203,-0.59373,0.57,-0.19,14.637,14.122,13.959,13.857,13.006,12.669,12.633,-1,0.5691197
CANDIDATE,0,0,0,0,91.649983,175.7156,0.0,0.2136,10.294,193.6,0.012908,0.68807,2.27,568.0,24.57,8.7,5,6705.0,4.145,1.608,1.325,12.964,23.9,-23.9,0.000892,-0.000892,0.24793,-0.30176,1.27,-0.54,13.246,12.913,12.843,12.806,12.052,11.874,11.797,-1,0.5691197
CANDIDATE,0,0,0,0,29.9315174,135.0082,0.0,0.5986,2.53,353.0,0.017879,8.75161,1.58,517.0,16.9,5.6,33,5551.0,4.57,0.809,0.887,15.671,142.0,-142.0,0.004103,-0.004555,317.23611,-8.69147,0.59,-0.12,16.263,15.606,15.418,15.262,14.338,13.95,13.958,-1,0.5691197
CANDIDATE,0,0,0,0,0.602277579,131.5303,0.0,0.7502,2.38,34.6,0.005841,0.19379,0.78,2699.0,12545.82,26.7,1775,6510.0,4.256,1.228,0.992,12.361,6.0,-6.0,5.2e-05,-0.001155,0.46723,-0.13238,0.29,-0.14,12.646,12.32,12.238,12.209,11.399,11.166,11.132,-1,0.008561596
CANDIDATE,0,0,0,0,27.2173855,144.6728,0.0,0.6516,3.268,155.9,0.012067,3.05581,1.34,667.0,46.8,6.7,50,6263.0,4.404,1.019,0.959,15.0,30.3,-30.3,0.00129,-0.001103,18.43229,-2.54402,0.5,-0.16,15.415,14.96,14.823,14.736,13.843,13.523,13.439,-1,0.5691197
CANDIDATE,0,0,0,0,2.470284342,133.251938,0.0,0.8018,7.933,195080.0,0.541014,0.11374,98.19,1969.0,3555.25,249.0,873,7012.0,4.173,1.662,1.501,11.108,210.0,-210.0,0.00821,-0.010146,0.00091,-0.00105,68.18,-19.08,11.316,11.039,11.108,11.135,10.351,10.282,10.264,-1,0.0
CANDIDATE,0,0,0,0,34.188302698,132.1422965,0.0,0.9522,3.01064,118900.0,0.504463,16.70314,74.09,660.0,44.91,3413.9,41,5757.0,4.134,1.345,0.898,12.869,48.0,-48.0,0.015816,-0.017512,0.13373,-0.15732,31.51,-20.6,13.48,12.82,12.606,14.292,11.702,11.356,11.295,-1,3.8145285e-31
CANDIDATE,0,0,0,0,4.84508835,134.94644,0.0,0.2291,1.832,400.4,0.01844,6.50227,0.81,503.0,15.19,12.8,220,3694.0,4.854,0.4,0.417,13.731,42.4,-42.4,0.001132,-0.001091,2.25123,-3.07326,0.14,-0.17,15.221,13.79,13.093,12.697,11.503,10.848,10.638,-1,0.5691197
CANDIDATE,0,0,0,0,24.714790536,149.492722,0.0,0.7778,5.07158,210060.0,0.552231,3.87628,66.21,706.0,58.75,14860.3,52,6302.0,4.388,1.098,1.07,12.526,39.8,-39.8,0.004281,-0.003441,0.01178,-0.00716,35.82,-6.99,12.86,12.46,12.383,12.346,11.487,11.247,11.224,-1,0.0
CANDIDATE,0,0,0,0,16.1191449,146.7978,0.0,0.6704,3.039,262.2,0.015667,2.15332,1.34,619.0,34.7,8.2,70,5319.0,4.514,0.783,0.729,15.696,41.1,-41.1,0.000111,-0.002587,4.89298,-1.8874,0.51,-0.15,16.373,15.659,15.406,15.267,14.326,13.869,13.796,-1,0.5691197
CANDIDATE,0,0,0,0,14.05652256,136.7555724,0.0,0.4711,2.56,507.1,0.023196,1.0851,2.41,941.0,185.17,33.5,77,5806.0,4.466,0.962,0.965,13.697,19.3,-19.3,0.000832,-0.000914,0.22037,-0.18209,0.88,-0.26,14.221,13.62,13.473,13.342,12.405,12.074,12.025,-1,0.5691197
CANDIDATE,0,0,0,0,27.122801,141.9673,0.0,0.3462,5.255,234.7,0.014111,1.366,1.46,594.0,29.38,8.1,49,5878.0,4.512,0.945,1.058,15.747,37.4,-37.4,0.000981,-0.001647,0.24154,-1.35714,0.57,-0.13,16.275,15.69,15.521,15.43,14.535,14.215,14.096,-1,0.5691197
CANDIDATE,0,0,0,0,5.62241111,132.74702,0.0,0.4026,1.185,464.1,0.019835,23.4636,1.17,561.0,23.43,8.5,239,3894.0,4.71,0.541,0.548,15.627,65.9,-65.9,0.001723,-0.001583,14.66606,-22.8607,0.11,-0.11,16.994,15.675,15.04,14.691,13.49,12.803,12.687,-1,0.5691197
CANDIDATE,0,0,0,0,11.2901559,135.3964,0.0,0.6285,10.475,163.8,0.012221,0.04227,0.88,617.0,34.17,8.6,102,5025.0,4.609,0.657,0.639,15.929,22.9,-22.9,0.000239,-0.001744,0.08111,-0.00015,0.12,-0.08,16.698,15.895,15.6,15.423,14.357,13.863,13.712,-1,0.5691197
CANDIDATE,0,0,0,0,28.24753303,136.0869137,0.0,0.4711,13.2,507.1,0.023196,1.0851,2.41,941.0,185.17,33.5,42,5806.0,4.466,0.962,0.965,15.929,19.3,-19.3,0.000832,-0.000914,0.22037,-0.18209,0.88,-0.26,16.698,15.895,15.6,15.423,14.357,13.863,13.712,-1,0.5691197
CANDIDATE,0,0,0,0,18.611957751,133.866156,0.0,0.9486,4.23812,125120.0,0.510769,3.35644,65.26,829.0,111.83,8729.9,74,6492.0,4.32,1.17,1.041,13.528,52.8,-52.8,0.013815,-0.017485,0.02302,-0.03031,29.89,-9.21,13.851,13.486,13.389,13.37,12.499,12.217,12.215,-1,2.7767988e-20
CANDIDATE,0,0,0,0,486.77832,529.0865,0.0,0.1737,15.29,370.8,0.017214,1.15541,9.3,409.0,6.6,10.4,3,5039.0,3.295,4.95,1.765,13.892,38.7,-38.7,0.001103,-0.001287,0.09857,-0.65873,0.57,-2.36,14.747,13.846,13.525,13.277,12.201,11.683,11.546,-1,0.5691197
CANDIDATE,0,0,0,0,0.813998777,132.12441,0.0,0.0435,0.549,209.3,0.013649,43.35912,1.47,1931.0,3285.52,14.2,1595,5705.0,4.424,0.989,0.945,15.567,19.8,-19.8,0.001406,-0.001123,14.8254,-38.25896,0.56,-0.17,16.137,15.492,15.324,15.173,14.23,13.929,13.823,-1,0.5479659
CANDIDATE,0,0,0,0,6.12650913,133.2391,0.0,0.809,31.412,73.4,0.008679,0.00101,1.55,1411.0,936.9,54.7,222,6903.0,4.206,1.634,1.563,12.625,1.8,-1.8,0.000298,-0.000429,0.00045,-1e-05,1.2,-0.2,12.854,12.546,12.527,12.562,11.825,11.741,11.703,-1,0.5691197
CANDIDATE,0,0,0,0,0.720605568,131.97645,0.0,1.0299,5.03,131.7,0.044758,0.04103,10.81,3931.0,56448.93,22.3,1289,8497.0,4.07,2.211,2.095,12.051,19.5,-19.5,0.003006,-0.027346,0.01282,-0.00382,6.41,-2.16,12.05,12.051,12.167,12.248,11.595,11.563,11.525,-1,5.416619e-12
CANDIDATE,0,0,0,0,129.839927,240.7111,0.0,0.1761,14.324,218.7,0.013587,0.37064,1.53,385.0,5.22,12.1,10,6133.0,4.427,1.032,1.035,14.52,21.3,-21.3,0.000929,-0.000601,0.09931,-0.14416,0.69,-0.16,14.985,14.483,14.321,14.325,13.381,13.053,13.017,-1,0.5691197
CANDIDATE,0,0,0,0,0.8867443,131.899639,0.0,0.4711,3.16,507.1,0.023196,1.0851,2.41,941.0,185.17,33.5,1510,5806.0,4.466,0.962,0.965,11.27,19.3,-19.3,0.000832,-0.000914,0.22037,-0.18209,0.88,-0.26,11.472,11.202,11.133,11.143,10.316,10.113,10.069,-1,0.5691197
CANDIDATE,0,0,0,0,3.39401935,134.37424,0.0,0.0869,2.891,98.5,0.009117,1.21177,1.02,1307.0,689.16,9.6,391,6181.0,4.431,1.029,1.036,15.42,12.1,-12.1,0.000627,-0.000657,0.20721,-0.61089,0.47,-0.1,15.87,15.37,15.227,15.129,14.291,13.872,13.861,-1,0.5691197
CANDIDATE,0,0,0,0,6.6345115,137.068,0.0,0.0617,3.621,74.1,0.007941,1.20351,1.07,1183.0,463.52,8.3,203,6474.0,4.307,1.238,1.132,13.805,8.4,-8.4,0.000468,-0.00054,0.01154,-0.69295,0.61,-0.16,14.163,13.754,13.652,13.578,12.778,12.523,12.46,-1,0.5691197
CANDIDATE,0,0,0,0,0.6397213,131.8546732,0.0,0.3864,2.70098,480270.0,0.689714,1.45467,47.07,1507.0,1220.53,1263.8,2095,4794.0,4.633,0.625,0.612,14.767,503.0,-503.0,0.004748,-0.003111,0.00942,-0.00976,121.3,-4.14,15.62,14.731,14.401,14.167,13.061,12.523,12.406,-1,0.0
CANDIDATE,0,0,0,0,20.28277209,137.05331,0.0,0.7068,35.873,2800.8,0.051781,0.00192,57.1,1623.0,1638.95,323.5,52,4963.0,2.733,10.098,2.014,11.777,11.0,-11.0,0.000394,-0.000412,0.00014,-0.00014,22.25,-25.12,12.661,11.731,11.399,11.158,10.046,9.532,9.422,-1,0.5691197
CANDIDATE,0,0,0,0,9.584055873,138.8710411,0.0,0.7952,6.82477,119680.0,0.399586,0.39259,99.27,1212.0,510.85,807.2,283,5605.0,3.813,2.275,1.226,13.094,46.7,-46.7,0.003847,-0.003439,0.00043,-0.00062,45.34,-49.0,13.674,13.04,12.846,12.739,11.823,11.485,11.425,-1,2.2274339e-37
CANDIDATE,0,0,0,0,6.27649563,136.18344,0.0,0.2657,1.864,166.8,0.011722,7.60758,0.66,532.0,18.9,9.2,213,3914.0,4.748,0.516,0.543,15.516,24.1,-24.1,0.001028,-0.000932,3.92167,-4.08389,0.12,-0.08,16.871,15.529,14.935,14.604,13.463,12.793,12.637,-1,0.5691197
CANDIDATE,0,0,0,0,16.214474,136.435,0.0,0.6311,4.149,161.7,0.012247,0.9506,3.53,1256.0,587.82,9.4,23,6801.0,3.833,2.637,1.727,10.896,23.4,-23.4,0.000208,-0.001766,1.43775,-0.91008,1.07,-1.23,11.083,10.867,14.368,14.292,10.093,9.957,9.931,-1,0.5691197
CANDIDATE,0,0,0,0,0.61810542,131.74488,0.0,1.2326,6.666,12264.0,0.381399,0.11827,39.52,1994.0,3735.52,118.7,2160,5371.0,4.403,0.949,0.83,14.684,1977.0,-1977.0,0.026143,-0.248173,0.00764,-0.05506,24.04,-5.58,15.367,14.623,14.391,14.233,13.315,12.828,12.713,-1,0.5691197
CANDIDATE,0,0,0,0,0.759764397,131.7927964,0.0,0.5658,5.7603,394460.0,0.678796,0.25076,69.16,2004.0,3810.62,2334.5,1760,5930.0,4.462,0.933,0.922,11.378,421.0,-421.0,0.007121,-0.011856,0.00323,-0.00524,26.91,-7.41,11.774,11.323,11.208,11.193,10.301,9.982,9.934,-1,0.0
CANDIDATE,0,0,0,0,2.65280772,131.5428,0.0,0.2094,2.049,169.9,0.011908,2.53781,1.2,1270.0,615.7,9.6,325,5774.0,4.492,0.923,0.964,15.668,22.1,-22.1,0.000976,-0.000836,0.18289,-1.88455,0.5,-0.11,16.246,15.6,15.42,15.263,14.37,14.0,13.887,-1,0.5691197
CANDIDATE,0,0,0,0,2.43136951,133.9169,0.0,0.7884,1.353,138.5,0.011897,2.14298,1.24,1422.0,965.4,6.3,554,6231.0,4.488,0.955,1.025,15.225,34.0,-34.0,0.00167,-0.00398,187.86739,-1.87355,0.46,-0.12,15.663,15.183,15.037,14.944,14.073,13.754,13.707,-1,0.5691197
CANDIDATE,0,0,0,0,10.95210361,132.6922455,0.0,0.4711,1.5,507.1,0.023196,1.0851,2.41,941.0,185.17,33.5,9,5806.0,4.466,0.962,0.965,11.969,19.3,-19.3,0.000832,-0.000914,0.22037,-0.18209,0.88,-0.26,12.122,11.917,11.948,11.931,11.189,11.046,11.015,-1,0.5691197
CANDIDATE,0,0,0,0,2.70581614,132.53726,0.0,0.6199,6.56,46.9,0.00656,0.04624,0.69,1356.0,799.75,41.8,497,5992.0,4.42,0.961,0.884,10.715,1.3,-1.3,0.000873,-0.000271,0.03174,-0.02897,0.25,-0.09,11.081,10.66,10.559,10.527,9.685,9.397,9.368,-1,0.5691197
CANDIDATE,0,0,0,0,17.9925773,135.45587,0.0,0.2285,2.739,208.2,0.013247,7.10205,1.57,748.0,73.97,8.8,57,5931.0,4.351,1.087,0.967,14.604,29.3,-29.3,0.000906,-0.001291,1.37931,-6.95579,0.57,-0.23,15.096,14.571,14.392,14.362,13.462,13.117,13.057,-1,0.5691197
CANDIDATE,0,0,0,0,0.648775787,131.745967,0.0,0.9597,4.3461,108600.0,0.488958,0.24697,41.43,1714.0,2038.54,4329.6,1590,5143.0,4.559,0.776,0.796,10.201,262.0,-262.0,0.183373,-0.011142,0.17444,-0.0042,9.19,-3.52,11.142,10.32,14.368,14.292,8.723,8.29,8.215,-1,6.3267926e-26
CANDIDATE,0,0,0,0,74.371666,187.379,0.0,0.6894,12.59,102.8,0.009895,0.12643,2.39,767.0,81.88,12.1,5,6865.0,3.742,2.211,0.983,11.319,10.6,-10.6,0.002777,-0.000806,0.2119,-0.05332,1.12,-1.13,11.489,11.262,11.158,11.107,10.34,10.097,10.05,-1,0.5691197
CANDIDATE,0,0,0,0,315.07717192,286.7429498,0.0,0.4711,10.31,507.1,0.023196,1.0851,2.41,941.0,185.17,33.5,3,5806.0,4.466,0.962,0.965,15.341,19.3,-19.3,0.000832,-0.000914,0.22037,-0.18209,0.88,-0.26,15.939,15.304,15.084,14.965,13.939,13.477,13.48,-1,0.5691197
CANDIDATE,0,0,0,0,1.216176563,132.4049,0.0,0.9866,5.6963,134.1,0.014864,0.01303,4.06,2801.0,14545.24,67.2,1098,6234.0,3.741,2.5,1.255,13.333,3.6,-3.6,0.000315,-0.000846,4e-05,-3e-05,1.22,-2.07,13.807,13.308,13.13,13.025,12.105,11.839,11.772,-1,0.006076215
CANDIDATE,0,0,0,0,8.00196682,135.41354,0.0,0.1466,3.377,109.6,0.009558,1.74961,0.91,864.0,131.75,9.8,168,5830.0,4.54,0.876,0.97,15.032,12.4,-12.4,0.000626,-0.000656,0.20655,-0.81529,0.37,-0.07,15.534,14.966,14.817,14.718,13.819,13.475,13.413,-1,0.5691197
CANDIDATE,0,0,0,0,8.6040858,138.163,0.0,0.4146,3.01,87.6,0.008743,2.06598,0.94,947.0,189.96,6.4,159,6250.0,4.472,0.986,1.052,15.173,40.2,-40.2,0.003856,-0.00196,121.69936,-1.96488,0.3,-0.09,15.567,15.125,15.004,14.949,14.121,13.821,13.723,-1,0.5691197
CANDIDATE,0,0,0,0,34.6505715,143.0348,0.0,47.0966,10.955,521.6,46.109882,2.52558,6611.22,715.0,61.83,16.7,39,6680.0,4.291,1.313,1.237,12.954,30.2,-30.2,2.754894,-45.666,0.49198,-2.52267,3786.0,-1052.0,13.226,12.899,12.837,12.846,12.0,11.777,11.726,-1,0.4714094
CANDIDATE,0,0,0,0,2.56272536,131.69291,0.0,0.679,2.017,32.2,0.005511,1.09471,0.83,1502.0,1204.65,9.5,403,5475.0,4.118,1.374,0.904,13.273,4.6,-4.6,4.8e-05,-0.000821,1.95299,-1.07571,0.38,-0.27,13.859,13.202,13.022,12.912,11.994,11.548,11.475,-1,0.5691197
CANDIDATE,0,0,0,0,0.52740121,131.6718,0.0,0.4309,4.807,1316.0,0.033391,0.06427,1.49,1027.0,263.23,31.1,2539,3582.0,4.847,0.41,0.431,14.353,433.0,-433.0,0.001223,-0.003461,0.00706,-0.0008,0.19,-0.18,15.951,14.564,13.668,13.179,11.903,11.239,11.043,-1,0.5691197
CANDIDATE,0,0,0,0,1.400904463,131.84512,0.0,0.1704,0.921,140.8,0.011053,15.04787,1.18,1764.0,2290.53,9.5,806,6366.0,4.472,0.979,1.037,15.514,21.0,-21.0,0.001197,-0.000735,8.10224,-14.62524,0.44,-0.12,15.922,15.481,15.34,15.264,14.412,14.125,14.09,-1,0.5691197
CANDIDATE,0,0,0,0,7.13561127,135.10273,0.0,0.0617,1.64,240.8,0.013788,14.13759,1.19,751.0,75.39,8.5,145,4926.0,4.522,0.793,0.763,15.125,35.0,-35.0,0.001534,-0.000893,3.58992,-9.52306,0.22,-0.1,15.949,15.07,14.772,14.648,13.534,13.125,12.97,-1,0.5691197
CANDIDATE,0,0,0,0,1.044408447,132.31116,0.0,0.1512,3.633,46.2,0.006332,0.20213,1.17,2745.0,13421.48,15.1,466,7274.0,4.161,1.698,1.523,11.865,3.6,-3.6,0.000218,-0.000359,0.02927,-0.08659,0.82,-0.19,12.009,11.817,11.832,11.875,11.09,10.962,10.927,-1,0.04764231
CANDIDATE,0,0,0,0,28.2682167,135.5505,0.0,0.5643,1.355,197.0,0.01329,57.07105,1.22,526.0,18.12,6.0,49,5496.0,4.564,0.838,0.939,14.927,52.1,-52.1,0.00084,-0.003428,169.81071,-55.94353,0.47,-0.09,15.534,14.845,14.667,14.57,13.576,13.155,13.145,-1,0.5691197
CANDIDATE,0,0,0,0,0.576272479,132.0811,0.0,0.3703,4.51,97.4,0.009269,0.00298,1.73,3398.0,31519.61,12.8,2315,7289.0,4.13,1.709,1.435,13.865,9.9,-9.9,0.000466,-0.000557,0.03089,-0.00196,0.97,-0.37,14.05,13.803,13.757,13.769,12.974,12.8,12.713,-1,3.413549e-07
CANDIDATE,0,0,0,0,14.7638878,133.5336,0.0,0.4654,3.13,163.2,0.0119,2.94683,0.96,638.0,39.05,7.5,93,5547.0,4.599,0.742,0.798,15.559,37.5,-37.5,0.001704,-0.001565,26.9651,-2.18988,0.28,-0.06,16.122,15.519,15.318,15.229,14.282,13.883,13.816,-1,0.5691197
CANDIDATE,0,0,0,0,1.118507672,131.60904,0.0,0.1196,1.199,75.9,0.008014,5.54694,0.76,1681.0,1889.74,9.4,1190,5918.0,4.546,0.863,0.953,14.796,9.6,-9.6,0.000604,-0.000619,0.75457,-3.89095,0.31,-0.06,15.282,14.755,14.588,14.524,13.627,13.277,13.279,-1,0.5691197
CANDIDATE,0,0,0,0,27.46718976,143.6730642,0.0,1.1913,4.19042,72151.0,0.577004,3.47683,46.75,527.0,18.22,3488.6,50,5503.0,4.536,0.742,0.69,13.182,45.0,-45.0,0.032299,-0.075744,0.05137,-0.16012,24.77,-4.72,13.71,13.146,12.955,12.854,11.969,11.648,11.537,-1,4.6848237e-12
CANDIDATE,0,0,0,0,2.28494299,132.92347,0.0,0.2321,0.968,172.1,0.012009,20.3436,1.04,1182.0,462.03,10.9,450,5393.0,4.564,0.793,0.84,15.181,19.3,-19.3,0.000586,-0.001139,1.14764,-19.90937,0.37,-0.08,15.801,15.124,14.915,14.779,13.897,13.426,13.302,-1,0.5691197
CANDIDATE,0,0,0,0,439.21978,523.3139,0.0,0.2863,9.392,342.3,0.017205,4.15804,1.81,266.0,1.18,10.3,3,6553.0,4.479,0.962,1.017,13.993,33.5,-33.5,0.000675,-0.001344,1.18498,-1.9243,0.62,-0.17,14.287,13.964,13.868,13.85,13.067,12.811,12.779,-1,0.5691197
CANDIDATE,0,0,0,0,5.52500644,135.1672,0.0,0.366,2.634,57.9,0.007022,2.11236,0.91,1133.0,389.68,8.7,184,5921.0,4.326,1.182,1.081,13.692,7.2,-7.2,0.000329,-0.000673,0.54725,-1.21645,0.46,-0.14,14.17,13.617,13.487,13.419,12.529,12.229,12.127,-1,0.5691197
CANDIDATE,0,0,0,0,1.25334355,132.6608,0.0,0.0889,4.862,35.5,0.005454,0.10554,0.69,1890.0,3017.81,12.6,1073,5861.0,4.246,1.16,0.865,13.907,3.6,-3.6,0.000441,-0.00025,0.00937,-0.08722,0.23,-0.15,14.41,13.869,13.692,13.591,12.747,12.414,12.348,-1,0.5691197
CANDIDATE,0,0,0,0,1.002591869,131.65801,0.0,0.0976,1.339,125.7,0.009994,3.63844,0.81,1391.0,884.21,9.4,1329,4893.0,4.574,0.739,0.746,15.79,18.0,-18.0,0.001269,-0.000523,2.25859,-3.45246,0.09,-0.07,16.653,15.721,15.42,15.311,14.158,13.632,13.498,-1,0.5691197
CANDIDATE,0,0,0,0,3.37116067,132.0219,0.0,0.4954,4.338,76.9,0.008175,0.24242,1.04,1291.0,656.3,10.0,313,5653.0,4.288,1.163,0.958,15.03,9.4,-9.4,0.000378,-0.000808,0.19141,-0.0883,0.37,-0.19,15.613,14.963,14.78,14.672,13.741,13.379,13.239,-1,0.5691197
CANDIDATE,0,0,0,0,82.97062172,171.428214,0.0,0.4711,8.22,507.1,0.023196,1.0851,2.41,941.0,185.17,33.5,11,5806.0,4.466,0.962,0.965,13.678,19.3,-19.3,0.000832,-0.000914,0.22037,-0.18209,0.88,-0.26,13.847,13.622,13.597,13.576,12.858,12.668,12.623,-1,0.5691197
CANDIDATE,0,0,0,0,0.99514378,131.5277,0.0,1.0182,5.742,101.0,0.033717,0.02217,0.4,508.0,15.69,19.4,1009,3325.0,5.364,0.109,0.101,15.673,7.2,-7.2,0.142455,-0.02263,0.00967,-0.00154,0.21,0.0,16.728,15.649,15.22,14.292,12.239,11.648,11.383,-1,0.5691197
CANDIDATE,0,0,0,0,43.5356893,155.20688,0.0,0.4942,4.761,622.0,0.023258,2.44869,1.99,448.0,9.53,12.1,30,5500.0,4.581,0.785,0.858,15.857,51.3,-51.3,0.000532,-0.001858,1.64808,-0.41364,0.59,-0.15,16.451,15.81,15.602,15.515,14.542,14.064,14.056,-1,0.5691197
CANDIDATE,0,0,0,0,1.195516531,132.303049,0.0,0.2461,6.23235,543630.0,0.701049,0.25484,76.55,1715.0,2045.19,1727.5,0,5780.0,4.438,1.0,1.0,13.908,934.0,-934.0,0.001349,-0.001392,0.00102,-0.00067,0.0,0.0,13.836,13.838,13.936,14.292,16.46,16.031,14.913,-1,0.0
CANDIDATE,0,0,0,0,3.84614966,133.3836,0.0,0.3252,3.184,112.2,0.009802,0.88477,1.03,1198.0,487.47,8.0,344,6106.0,4.487,0.966,1.043,15.256,18.4,-18.4,0.001141,-0.000604,1.30657,-0.85242,0.38,-0.09,15.736,15.214,15.05,14.982,14.057,13.785,13.746,-1,0.5691197
CANDIDATE,0,0,0,0,1.28942156,132.0644,0.0,0.6417,3.7,31.8,0.00544,0.12209,0.68,1984.0,3664.4,11.1,801,6450.0,4.337,1.143,1.033,13.897,3.5,-3.5,0.000126,-0.000554,0.1468,-0.00879,0.32,-0.09,14.224,13.855,13.757,13.736,12.874,12.592,12.562,-1,0.5691197
CANDIDATE,0,0,0,0,498.27269,146.1528,0.0,0.0481,8.92,534.0,0.020824,6.27252,2.12,214.0,0.5,6.6,3,5618.0,4.514,0.932,1.033,15.477,104.0,-104.0,0.001436,-0.003964,3.42318,-6.12817,0.84,-0.17,16.075,15.374,15.22,15.128,14.133,13.769,13.591,-1,0.5691197
CANDIDATE,0,0,0,0,19.1639605,139.8305,0.0,0.4819,2.795,213.5,0.013538,5.25186,0.98,518.0,17.04,7.4,68,5127.0,4.659,0.663,0.733,15.455,33.0,-33.0,0.000558,-0.001843,4.08896,-5.13275,0.16,-0.06,16.128,15.4,15.166,15.03,14.007,13.557,13.473,-1,0.5691197
CANDIDATE,0,0,0,0,383.85362,426.5941,0.0,0.5927,9.76,422.9,0.019659,1.98657,2.78,314.0,2.29,7.5,4,6675.0,4.341,1.293,1.336,15.232,65.8,-65.8,0.001218,-0.002061,5.17164,-1.90641,1.22,-0.46,15.561,15.186,15.091,15.051,14.272,13.983,13.954,-1,0.5691197
CANDIDATE,0,0,0,0,2.56440651,134.0801954,0.0,0.4711,0.87,507.1,0.023196,1.0851,2.41,941.0,185.17,33.5,69,5806.0,4.466,0.962,0.965,14.121,19.3,-19.3,0.000832,-0.000914,0.22037,-0.18209,0.88,-0.26,14.553,14.083,13.936,13.822,12.957,12.689,12.585,-1,0.5691197
CANDIDATE,0,0,0,0,5.21395187,135.7273,0.0,0.1971,3.004,83.9,0.008401,1.57381,0.92,1087.0,329.77,9.1,255,6045.0,4.469,1.005,1.081,14.43,11.6,-11.6,0.000586,-0.000762,0.53444,-0.9766,0.43,-0.08,14.883,14.378,14.235,14.223,13.339,12.943,12.898,-1,0.5691197
CANDIDATE,0,0,0,0,24.99540518,144.9791575,0.0,0.4711,5.97,507.1,0.023196,1.0851,2.41,941.0,185.17,33.5,9,5806.0,4.466,0.962,0.965,15.183,19.3,-19.3,0.000832,-0.000914,0.22037,-0.18209,0.88,-0.26,15.611,15.107,14.999,14.873,13.933,13.58,13.441,-1,0.5691197
CANDIDATE,0,0,0,0,8.94294126,137.265,0.0,0.1521,1.524,279.8,0.015032,21.53485,0.98,536.0,19.51,9.6,117,4183.0,4.655,0.594,0.582,15.537,44.9,-44.9,0.00105,-0.001904,144.39255,-14.61153,0.07,-0.12,16.813,15.512,14.99,14.719,13.523,12.863,12.75,-1,0.5691197
CANDIDATE,0,0,0,0,72.28198,156.753,0.0,0.2405,2.478,1265.0,0.033111,40.65378,13.11,984.0,221.28,5.4,5,7694.0,3.631,3.627,2.054,9.277,376.0,-376.0,0.005766,-0.005087,181.59137,-39.99995,1.98,-4.57,9.32,9.263,9.372,9.402,8.713,8.675,8.588,-1,0.5691197
CANDIDATE,0,0,0,0,371.70965709,163.4814151,0.0,0.4711,4.65,507.1,0.023196,1.0851,2.41,941.0,185.17,33.5,4,5806.0,4.466,0.962,0.965,14.936,19.3,-19.3,0.000832,-0.000914,0.22037,-0.18209,0.88,-0.26,15.55,14.883,14.673,14.592,13.622,13.271,13.149,-1,0.5691197
CANDIDATE,0,0,0,0,15.08186,141.7289,0.0,0.7171,4.004,81.6,0.008867,0.70973,0.98,758.0,78.11,7.1,89,5794.0,4.377,1.012,0.89,14.45,17.5,-17.5,0.000932,-0.000995,7.78526,-0.65023,0.35,-0.15,14.983,14.396,14.222,14.084,13.168,12.846,12.75,-1,0.5691197
CANDIDATE,0,0,0,0,2.446954699,132.99242,0.0,0.7554,0.888,28.3,0.00535,8.63686,0.52,1326.0,730.6,9.7,545,5891.0,4.491,0.893,0.9,12.16,4.9,-4.9,0.000981,-0.000829,161.76178,-8.00552,0.22,-0.05,12.576,12.109,11.982,11.944,11.034,10.69,10.676,-1,0.5691197
CANDIDATE,0,0,0,0,13.0560804,140.7064,0.0,0.2202,3.371,167.3,0.011907,2.7717,1.29,814.0,103.85,11.1,104,6078.0,4.434,0.994,0.978,15.154,19.8,-19.8,0.000731,-0.000927,0.1074,-1.80816,0.5,-0.14,15.626,15.118,14.952,14.895,13.967,13.625,13.504,-1,0.5691197
CANDIDATE,0,0,0,0,17.381621828,142.4068289,0.0,0.6669,2.73804,59630.0,0.23948,8.14919,26.67,756.0,77.09,1407.5,52,6116.0,4.407,1.02,0.969,15.567,76.1,-76.1,0.000255,-0.000395,0.09708,-0.05641,10.05,-3.24,16.012,15.515,15.376,15.269,14.372,13.997,13.954,-1,2.410991e-10
CANDIDATE,0,0,0,0,28.6550687,157.1677,0.0,0.5468,8.869,190.7,0.01306,0.21533,1.65,670.0,47.61,10.8,48,6269.0,4.405,1.155,1.237,15.426,20.6,-20.6,0.000271,-0.001375,0.14238,-0.16538,0.84,-0.2,15.85,15.353,15.244,15.168,14.337,14.068,14.046,-1,0.5691197
CANDIDATE,0,0,0,0,13.4450206,137.2467,0.0,0.0139,2.136,220.5,0.01321,12.09511,1.09,606.0,31.92,9.7,104,5003.0,4.553,0.759,0.75,15.256,31.2,-31.2,0.000971,-0.001404,2.86648,-11.76765,0.16,-0.09,16.033,15.196,14.924,14.796,13.74,13.168,13.102,-1,0.5691197
CANDIDATE,0,0,0,0,14.5909249,142.72,0.0,0.3084,1.591,146.9,0.011062,27.29381,0.93,622.0,35.34,6.3,92,5214.0,4.527,0.766,0.72,14.953,32.0,-32.0,0.00158,-0.001228,35.52392,-26.91239,0.43,-0.1,15.634,14.899,14.662,14.516,13.449,12.97,12.906,-1,0.5691197
CANDIDATE,0,0,0,0,11.8497072,140.3634,0.0,0.8181,3.572,191.4,0.014148,0.4748,1.44,802.0,97.71,8.9,112,6032.0,4.508,0.929,1.014,15.472,26.3,-26.3,0.003434,-0.001651,4.11902,-0.34309,0.52,-0.13,15.959,15.429,15.264,15.182,14.339,13.962,13.934,-1,0.5691197
CANDIDATE,0,0,0,0,455.6333,581.8758,0.0,0.2444,13.304,1099.3,0.030409,1.63705,2.96,228.0,0.64,13.8,3,5883.0,4.53,0.892,0.985,15.975,91.8,-91.8,0.001669,-0.001555,0.29431,-0.82559,1.2,-0.25,16.542,15.935,15.732,15.632,14.667,14.368,14.142,-1,0.5691197
CANDIDATE,0,0,0,0,36.473116405,159.7666516,0.0,0.7162,2.91804,164600.0,0.444611,24.4508,37.34,469.0,11.42,2805.9,35,5461.0,4.589,0.769,0.838,14.359,142.0,-142.0,0.008831,-0.008458,0.05221,-0.06612,13.54,-2.77,14.931,14.303,14.114,14.008,13.044,12.686,12.578,-1,0.0
CANDIDATE,0,0,0,0,3.62658665,133.57277,0.0,0.2949,1.809,112.9,0.009681,4.66687,0.84,1014.0,249.58,11.3,373,5411.0,4.578,0.799,0.886,14.835,11.3,-11.3,0.000683,-0.0005,2.19963,-2.1425,0.32,-0.06,15.434,14.738,14.578,14.391,13.443,13.025,12.919,-1,0.5691197
CANDIDATE,0,0,0,0,7.841067222,136.5882676,0.0,0.57,5.47962,347650.0,0.624364,1.42295,57.89,888.0,146.76,795.9,515,5985.0,4.543,0.849,0.919,15.144,185.0,-185.0,0.003278,-0.002698,0.00437,-0.00489,24.47,-4.71,15.622,15.102,14.939,14.837,13.969,13.539,13.528,-1,0.0
CANDIDATE,0,0,0,0,2.64182865,131.9438,0.0,0.2952,2.662,131.9,0.010469,1.07796,3.36,2104.0,4636.69,8.9,499,5195.0,3.409,2.935,0.805,13.533,22.6,-22.6,0.001303,-0.000694,1.74964,-1.01138,2.57,-0.57,14.266,13.52,13.219,13.047,11.968,11.451,11.369,-1,0.537173
CANDIDATE,0,0,0,0,5.077745376,134.635583,0.0,1.3085,3.17787,19066.0,0.485839,0.48327,72.26,1315.0,706.71,593.4,527,6178.0,4.184,1.362,1.034,12.847,37.7,-37.7,0.133312,-0.134113,0.03185,-0.0311,36.87,-16.93,13.248,12.808,12.676,12.627,11.809,11.552,11.514,-1,0.5691197
CANDIDATE,0,0,0,0,3.226232203,134.41924,0.0,0.145,0.4022,36.3,0.006444,413.20212,1.01,1620.0,1627.1,9.9,415,6534.0,4.203,1.437,1.205,11.429,3.8,-3.8,0.001067,-0.0007,257.38046,-345.07025,0.54,-0.22,11.678,11.365,11.322,11.32,10.467,10.253,10.206,-1,0.5691197
CANDIDATE,0,0,0,0,22.50053441,150.2171942,0.0,0.4711,7.44,507.1,0.023196,1.0851,2.41,941.0,185.17,33.5,59,5806.0,4.466,0.962,0.965,13.903,19.3,-19.3,0.000832,-0.000914,0.22037,-0.18209,0.88,-0.26,14.311,13.861,13.728,13.659,12.835,12.552,12.469,-1,0.5691197
CANDIDATE,0,0,0,0,12.54476298,139.58139,0.0,0.0487,1.25,281.9,0.015317,56.53878,1.43,734.0,68.79,10.5,110,5580.0,4.448,0.853,0.743,15.082,32.6,-32.6,0.000961,-0.001183,12.25607,-37.51255,0.76,-0.2,15.673,15.046,14.829,14.68,13.673,13.329,13.277,-1,0.5691197
CANDIDATE,0,0,0,0,0.57673506,132.0654,0.0,0.2763,1.64,31.9,0.005074,1.0851,0.34,1396.0,898.91,7.8,2313,4315.0,4.637,0.619,0.605,13.291,6.7,-6.7,0.000788,-0.000914,19.58495,-0.72295,0.03,-0.03,14.416,13.25,12.809,12.591,11.397,10.813,10.687,-1,0.5691197
CANDIDATE,0,0,0,0,11.0495766,138.535,0.0,0.218,2.13,102.8,0.009266,9.22859,0.83,738.0,70.24,5.7,122,5533.0,4.505,0.819,0.782,14.804,22.8,-22.8,0.001362,-0.000939,21.13889,-8.31743,0.36,-0.09,15.379,14.775,14.557,14.477,13.564,13.156,13.078,-1,0.5691197
CANDIDATE,0,0,0,0,2.659418902,133.3208316,0.0,0.6261,6.9924,310520.0,0.607129,0.23273,61.79,1352.0,789.69,6847.7,510,6156.0,4.5,0.932,1.0,14.905,65.9,-65.9,0.001051,-0.002687,0.00038,-0.00048,23.01,-5.64,15.334,14.859,14.721,14.639,13.786,13.464,13.421,-1,0.0
CANDIDATE,0,0,0,0,13.5164708,144.0259,0.0,0.1593,2.628,140.1,0.010754,6.24592,0.88,645.0,40.81,7.1,101,5442.0,4.6,0.747,0.811,15.087,24.5,-24.5,0.001246,-0.000835,4.86263,-6.14351,0.27,-0.07,15.69,15.041,14.828,14.716,13.735,13.342,13.317,-1,0.5691197
CANDIDATE,0,0,0,0,281.502787,171.5976,0.0,1.3236,56.77,7688.6,0.435524,0.00224,455.14,672.0,48.07,210.4,6,4795.0,2.634,9.57,1.44,10.974,87.8,-87.8,6.077521,-0.216945,0.01684,-0.00029,7.14,-8.08,11.784,10.913,10.626,10.427,9.305,8.783,8.66,-1,0.5691197
CANDIDATE,0,0,0,0,0.77353126,132.1953,0.0,0.0483,1.346,183.3,0.012496,2.84227,1.84,2475.0,8868.22,14.4,232,6296.0,4.217,1.35,1.093,14.752,17.4,-17.4,0.000879,-0.000528,0.46314,-1.61596,1.07,-0.39,15.207,14.72,14.557,14.477,13.603,13.32,13.189,-1,0.28782302
CANDIDATE,0,0,0,0,2.42186898,132.7886605,0.0,0.4711,6.22,507.1,0.023196,1.0851,2.41,941.0,185.17,33.5,562,5806.0,4.466,0.962,0.965,13.583,19.3,-19.3,0.000832,-0.000914,0.22037,-0.18209,0.88,-0.26,14.309,13.54,13.27,14.292,12.281,12.032,11.952,-1,0.5691197
CANDIDATE,0,0,0,0,75.906736,185.6963,0.0,0.0506,11.64,26.9,0.004771,0.41033,0.63,507.0,15.65,9.2,18,6140.0,4.248,1.206,0.941,11.649,4.8,-4.8,0.000502,-0.000413,0.81241,-0.3905,0.23,-0.12,12.0,11.6,11.498,11.472,10.58,10.303,10.297,-1,0.5691197
CANDIDATE,0,0,0,0,17.5805297,148.676,0.0,0.7366,4.211,142.1,0.011778,0.66401,1.23,729.0,66.58,9.0,75,6168.0,4.488,0.96,1.034,14.989,22.7,-22.7,0.003457,-0.001192,3.14631,-0.61795,0.48,-0.11,15.415,14.946,14.806,14.752,13.858,13.543,13.467,-1,0.5691197
CANDIDATE,0,0,0,0,26.1556767,154.35223,0.0,0.166,1.542,295.0,0.015481,60.54705,1.28,501.0,14.92,7.0,46,5204.0,4.573,0.76,0.787,15.425,76.3,-76.3,0.002732,-0.002315,227.63109,-57.47594,0.28,-0.1,16.125,15.365,15.125,14.97,13.96,13.479,13.292,-1,0.5691197
CANDIDATE,0,0,0,0,1.74336627,132.8574,0.0,1.855,10.405,451.0,0.870432,0.04175,140.49,2029.0,4006.15,20.8,766,6640.0,4.208,1.478,1.291,13.142,28.7,-28.7,0.002755,-0.617445,0.00027,-0.02611,85.54,-29.95,13.434,13.079,13.017,12.993,12.119,11.968,11.913,-1,0.5691197
CANDIDATE,0,0,0,0,4.60687433,133.8739,0.0,0.1999,2.182,278.5,0.015047,3.69165,1.17,866.0,132.78,8.1,250,5110.0,4.582,0.711,0.704,15.93,41.0,-41.0,0.001545,-0.001068,0.91331,-3.5316,0.19,-0.11,16.702,15.888,15.599,15.424,14.441,13.885,13.753,-1,0.5691197
CANDIDATE,0,0,0,0,1.75173647,132.2995,0.0,0.6637,5.122,68.4,0.008072,0.06019,3.86,4900.0,136315.31,10.2,490,10894.0,3.667,4.378,3.249,13.752,8.2,-8.2,0.000275,-0.000739,0.11135,-0.04554,0.53,-1.36,13.402,13.869,14.199,14.494,14.222,14.255,14.468,-1,2.3002346e-31
CANDIDATE,0,0,0,0,0.902403563,131.827273,0.0,0.8925,1.7129,4759.5,0.074796,0.4054,6.17,1688.0,1919.35,220.3,1483,5776.0,4.599,0.755,0.826,14.596,36.9,-36.9,0.000522,-0.001059,0.03463,-0.0337,2.59,-0.41,15.079,14.554,14.389,14.306,13.423,13.048,13.002,-1,0.5691197
CANDIDATE,0,0,0,0,8.79986138,136.37883,0.0,0.0238,1.001,337.8,0.016276,77.54274,1.2,577.0,26.18,8.7,154,4298.0,4.603,0.675,0.668,15.86,72.7,-72.7,0.006055,-0.000965,371.45477,-76.39474,0.06,-0.11,17.09,15.871,15.333,15.003,13.845,13.161,13.017,-1,0.5691197
CANDIDATE,0,0,0,0,6.8777602,133.0413,0.0,0.1425,3.162,122.6,0.010194,1.8396,1.23,1080.0,321.35,8.4,197,6276.0,4.385,1.106,1.078,15.099,16.4,-16.4,0.000974,-0.0006,0.34038,-1.80188,0.65,-0.14,15.522,15.058,14.917,14.887,13.966,13.7,13.646,-1,0.5691197
CANDIDATE,0,0,0,0,12.9489256,142.445,0.0,0.0847,2.162,331.0,0.016341,11.23116,0.94,416.0,7.09,7.2,99,3867.0,4.734,0.525,0.545,15.663,125.0,-125.0,0.006152,-0.002611,389.06573,-10.07449,0.09,-0.13,17.022,15.739,15.08,14.7,13.574,12.918,12.718,-1,0.5691197
CANDIDATE,0,0,0,0,2.54029506,133.78093,0.0,0.5139,1.755,161.3,0.011929,2.64788,1.19,1268.0,611.31,8.2,515,5778.0,4.531,0.911,1.028,15.921,25.5,-25.5,0.001307,-0.000791,4.02051,-2.43135,0.46,-0.09,16.498,15.861,15.674,15.567,14.64,14.318,14.145,-1,0.5691197
CANDIDATE,0,0,0,0,7.226945453,136.162919,0.0,0.0006,25.6361,685560.0,0.789115,0.02309,117.19,1179.0,457.25,1543.0,192,6270.0,4.199,1.36,1.064,13.27,572.0,-572.0,0.000322,-0.000107,8e-05,-0.0001,64.37,-26.11,13.639,13.266,13.111,13.091,11.601,11.174,11.098,-1,0.0
CANDIDATE,0,0,0,0,22.2546864,142.2758,0.0,0.3123,14.051,87.4,0.008504,0.05993,2.22,899.0,154.4,11.6,64,5349.0,3.76,2.388,1.197,14.156,8.5,-8.5,0.000517,-0.000476,0.0156,-0.02215,1.09,-1.21,14.809,14.084,13.877,13.707,12.633,12.2,12.12,-1,0.5691197
CANDIDATE,0,0,0,0,1.258274103,132.7042581,0.0,1.2511,1.92431,14405.0,0.412771,0.52545,26.46,1207.0,502.19,685.3,1065,4937.0,4.669,0.587,0.585,15.179,27.1,-27.1,0.094333,-0.083628,0.01783,-0.03617,2.21,-1.76,15.913,15.176,14.864,14.689,13.598,13.143,12.987,-1,0.5691197
CANDIDATE,0,0,0,0,2.1041431,132.63265,0.0,0.6645,4.3753,309700.0,0.629438,0.73991,68.73,1421.0,963.4,120.5,90,5780.0,4.438,1.0,1.0,19.485,5004.0,-5004.0,0.110031,-0.092766,0.1127,-0.08123,0.0,0.0,19.993,19.359,18.28,14.292,13.284,12.882,12.79,-1,0.0
CANDIDATE,0,0,0,0,13.174807845,136.4631664,0.0,1.0637,3.3757,72107.0,0.470979,3.03685,51.28,811.0,102.2,2150.7,99,6067.0,4.433,0.997,0.981,14.098,48.2,-48.2,0.024568,-0.015312,0.03177,-0.02254,19.49,-5.76,14.538,14.041,13.91,13.803,12.944,12.592,12.549,-1,6.237671e-14
CANDIDATE,0,0,0,0,2.352435,131.94,0.0,0.0696,6.18,43.9,0.006135,0.0903,0.8,1702.0,1985.09,5.9,570,6751.0,4.354,1.196,1.185,12.047,11.3,-11.3,0.001163,-0.001553,217.22545,-0.07587,0.41,-0.09,12.234,11.984,11.944,11.977,11.192,11.023,10.99,-1,0.5691197
CANDIDATE,0,0,0,0,10.6445423,140.3298,0.0,0.6395,35.667,118.7,0.010476,0.00124,1.69,1038.0,274.67,56.1,131,5930.0,4.084,1.473,0.96,13.615,2.2,-2.2,0.000414,-0.000418,0.00061,-0.00024,0.78,-0.51,14.225,13.563,13.353,14.292,12.493,12.174,12.118,-1,0.5691197
CANDIDATE,0,0,0,0,6.6136111,136.5019,0.0,0.5853,5.097,30.9,0.005286,0.23299,0.57,1005.0,241.53,9.4,200,6067.0,4.47,0.995,1.065,13.109,3.7,-3.7,0.000225,-0.000482,0.42143,-0.0007,0.24,-0.05,13.512,13.049,12.936,12.903,12.032,11.766,11.704,-1,0.5691197
CANDIDATE,0,0,0,0,1.7962083,131.552968,0.0,0.4711,5.96,507.1,0.023196,1.0851,2.41,941.0,185.17,33.5,754,5806.0,4.466,0.962,0.965,12.895,19.3,-19.3,0.000832,-0.000914,0.22037,-0.18209,0.88,-0.26,13.069,12.837,12.812,12.834,12.081,11.909,11.889,-1,0.5691197
CANDIDATE,0,0,0,0,20.2593635,141.4323,0.0,0.7306,23.033,76.3,0.008607,0.00493,1.23,849.0,122.62,21.0,65,6590.0,4.275,1.31,1.182,13.618,3.9,-3.9,0.001151,-0.000501,0.00862,-0.00382,0.66,-0.21,13.936,13.578,13.482,13.466,12.637,12.446,12.358,-1,0.5691197
CANDIDATE,0,0,0,0,1.48062818,131.51623,0.0,0.1937,2.939,71.1,0.007782,0.49396,0.8,1654.0,1770.63,10.7,913,6187.0,4.499,0.937,1.011,15.189,7.3,-7.3,0.000327,-0.000628,0.12734,-0.20163,0.32,-0.08,15.644,15.15,14.994,14.892,14.024,13.718,13.662,-1,0.5691197
CANDIDATE,0,0,0,0,4.88698828,132.88081,0.0,0.481,1.175,121.2,0.010386,17.8555,1.15,1137.0,395.06,9.9,129,6151.0,4.457,1.015,1.076,13.873,17.3,-17.3,0.000899,-0.000789,29.94196,-16.1926,0.53,-0.11,14.286,13.823,13.696,13.655,12.808,12.521,12.497,-1,0.5691197
CANDIDATE,0,0,0,0,10.8636758,141.5705,0.0,0.5628,27.35,142.6,0.011298,0.00301,1.13,802.0,98.04,19.0,128,5896.0,4.516,0.914,1.0,15.429,8.1,-8.1,0.000286,-0.000579,0.00283,-0.0002,0.48,-0.1,15.955,15.389,15.203,15.138,14.235,13.849,13.779,-1,0.5691197
CANDIDATE,0,0,0,0,8.47485044,138.47642,0.0,0.2867,1.876,232.4,0.013968,9.97123,1.21,787.0,90.47,9.8,157,5578.0,4.578,0.794,0.87,15.381,29.2,-29.2,0.000898,-0.001164,2.56159,-5.9752,0.39,-0.09,15.933,15.325,15.144,15.046,14.095,13.742,13.725,-1,0.5691197
CANDIDATE,0,0,0,0,40.7697719,158.86356,0.0,0.8033,3.041,263.0,0.016495,2.95615,1.5,487.0,13.3,9.4,32,5749.0,4.56,0.83,0.912,14.908,35.1,-35.1,0.003829,-0.001985,13.46589,-0.89184,0.62,-0.12,15.438,14.866,14.681,14.609,13.716,13.344,13.305,-1,0.5691197
CANDIDATE,0,0,0,0,129.220949,255.192,0.0,0.2143,6.63,431.9,0.018558,3.69312,1.6,290.0,1.66,12.2,10,4989.0,4.522,0.789,0.755,14.784,40.9,-40.9,0.001249,-0.001073,0.91206,-1.90659,3.79,-0.15,15.607,14.731,14.431,14.265,13.16,12.655,12.572,-1,0.5691197
CANDIDATE,0,0,0,0,3.07550437,134.47126,0.0,0.6071,1.699,54.7,0.007079,2.76411,0.8,1306.0,687.69,9.6,430,5881.0,4.388,1.029,0.944,13.359,6.6,-6.6,0.000256,-0.000711,4.74721,-0.35563,0.28,-0.11,13.817,13.307,13.163,13.113,12.248,11.92,11.885,-1,0.5691197
CANDIDATE,0,0,0,0,6.29343705,133.8616,0.0,0.4809,2.798,103.7,0.009555,1.69975,1.19,1102.0,349.23,9.3,214,6215.0,4.397,1.145,1.195,15.186,14.9,-14.9,0.000623,-0.00092,0.95507,-1.63171,0.7,-0.13,15.623,15.124,14.999,14.941,14.092,13.822,13.687,-1,0.5691197
CANDIDATE,0,0,0,0,7.7026761,138.389,0.0,0.1005,4.042,78.8,0.008121,0.99501,0.77,887.0,146.29,8.6,171,5906.0,4.535,0.867,0.941,14.32,9.9,-9.9,0.000571,-0.000592,0.32472,-0.63848,0.33,-0.06,14.793,14.269,14.117,14.037,13.113,12.78,12.759,-1,0.5691197
CANDIDATE,0,0,0,0,10.9279755,139.9174,0.0,0.0956,2.486,71.5,0.007748,6.05849,0.81,834.0,114.42,7.3,123,6045.0,4.494,0.955,1.038,14.347,12.7,-12.7,0.000488,-0.001162,26.88261,-4.13033,0.26,-0.08,14.775,14.29,14.164,14.115,13.273,12.932,12.881,-1,0.5691197
CANDIDATE,0,0,0,0,13.8085936,141.6066,0.0,0.05,3.631,206.8,0.013056,2.52185,1.08,659.0,44.5,8.6,95,5515.0,4.568,0.761,0.782,15.567,26.8,-26.8,0.001151,-0.000845,0.05033,-1.63251,0.44,-0.08,16.158,15.525,15.314,15.185,14.213,13.74,13.794,-1,0.5691197
CANDIDATE,0,0,0,0,4.25907441,135.5832,0.0,0.0563,4.685,28.3,0.00485,0.35658,0.83,1425.0,975.73,11.1,316,5858.0,4.048,1.567,1.002,12.832,2.9,-2.9,0.000383,-0.00024,0.1322,-0.139,0.37,-0.27,13.312,12.78,12.627,12.55,11.69,11.33,11.288,-1,0.5691197
CANDIDATE,0,0,0,0,0.898501322,1472.522007,0.0,0.4781,3.9657,415240.0,0.661452,0.60308,93.83,2336.0,7043.84,72.5,105,6338.0,4.239,1.299,1.065,15.282,795.0,-795.0,0.0047,-0.007555,0.00452,-0.00826,50.56,-18.64,15.754,15.27,15.079,14.988,14.255,13.901,13.847,-1,0.0
CANDIDATE,0,0,0,0,4.8301434,134.64249,0.0,0.2543,0.815,224.7,0.013871,71.15528,1.42,1039.0,275.02,11.4,278,5693.0,4.467,0.939,0.943,14.991,30.5,-30.5,0.001324,-0.001345,634.69336,-48.07684,0.57,-0.14,15.572,14.939,14.743,14.635,13.773,13.366,13.339,-1,0.5691197
CANDIDATE,0,0,0,0,2.41194709,133.01311,0.0,0.5566,1.821,66.6,0.007728,2.02075,0.74,1295.0,664.97,10.1,550,5667.0,4.453,0.875,0.793,14.106,10.2,-10.2,0.000813,-0.000509,6.08927,-1.91704,0.33,-0.1,14.634,14.059,13.879,13.758,12.861,12.5,12.435,-1,0.5691197
CANDIDATE,0,0,0,0,6.2089181,136.6828,0.0,0.6977,2.292,1664.0,0.039866,2.00299,9.2,1378.0,853.5,8.4,43,5548.0,3.797,2.113,1.021,16.984,242.0,-242.0,0.000134,-0.006625,3.42601,-1.90045,5.25,-4.48,17.789,16.999,16.638,16.397,15.167,14.722,14.633,-1,0.5691197
CANDIDATE,0,0,0,0,0.800264149,132.06617,0.0,0.619,0.871,157.3,0.012112,5.39893,0.78,1242.0,561.84,13.5,1668,4336.0,4.656,0.59,0.574,15.695,18.1,-18.1,0.000668,-0.001147,10.9337,-4.77344,0.07,-0.08,16.772,15.588,15.233,14.968,13.799,13.21,13.094,-1,0.5691197
CANDIDATE,0,0,0,0,2.441988008,132.1323926,0.0,0.8735,3.94327,95631.0,0.393478,0.45853,88.47,1992.0,3721.74,1208.9,284,6078.0,3.874,2.059,1.156,11.535,128.0,-128.0,0.061551,-0.021048,0.00801,-0.00333,29.35,-38.76,11.948,11.498,11.358,11.332,10.444,10.161,10.112,-1,1.5431315e-25
CANDIDATE,0,0,0,0,0.95707921,131.773679,0.0,1.1009,3.8607,58592.0,0.458318,0.21824,73.47,2443.0,8421.62,1298.4,1401,6367.0,4.133,1.468,1.066,13.484,214.0,-214.0,0.018494,-0.129404,0.00338,-0.02641,36.54,-19.12,13.876,13.451,13.315,13.276,12.312,12.041,11.967,-1,2.0583632e-10
CANDIDATE,0,0,0,0,2.71772573,133.9539,0.0,0.188,3.759,68.9,0.007491,0.42611,0.57,1024.0,259.6,10.1,254,5208.0,4.641,0.693,0.771,14.52,9.7,-9.7,0.00072,-0.000525,0.18012,-0.40183,0.1,-0.04,15.159,14.466,14.246,14.128,13.092,12.676,12.574,-1,0.5691197
CANDIDATE,0,0,0,0,5.1344052,134.345,0.0,1.2173,38.4,118.8,0.226997,0.00132,24.81,1040.0,276.25,27.9,266,5515.0,4.357,1.001,0.831,14.49,7.5,-7.5,0.011184,-0.106908,5e-05,-0.00031,10.39,-4.11,15.088,14.432,14.234,14.127,13.13,12.731,12.653,-1,0.5691197
CANDIDATE,0,0,0,0,3.64048702,134.96803,0.0,0.4127,1.137,42.1,0.006071,16.13622,0.66,1223.0,529.24,8.2,364,5955.0,4.429,0.991,0.961,12.646,6.9,-6.9,0.000669,-0.000486,15.99861,-13.61606,0.24,-0.08,13.074,12.591,12.463,12.417,11.554,11.216,11.162,-1,0.5691197
CANDIDATE,0,0,0,0,12.4944568,131.862,0.0,2.2296,48.25,141.8,1.236598,0.0014,368.65,1397.0,899.44,79.6,111,6821.0,3.805,2.73,1.733,13.054,10.8,-10.8,0.013597,-0.239398,0.00056,-0.00021,102.5,-134.8,13.384,12.987,12.913,14.292,12.447,12.283,12.247,-1,0.5691197
CANDIDATE,0,0,0,0,502.20642,162.9131,0.0,0.9802,9.39,447.9,0.027256,0.14869,2.18,212.0,0.48,7.1,3,6018.0,4.615,0.733,0.807,14.948,85.2,-85.2,0.004854,-0.010523,30.05113,-0.07371,0.76,-0.11,15.381,14.924,14.763,14.69,13.831,13.518,13.432,-1,0.5691197
CANDIDATE,0,0,0,0,8.3613962,139.2565,0.0,0.1126,3.549,107.3,0.00949,1.59568,0.81,793.0,93.31,8.4,160,5470.0,4.509,0.777,0.71,15.122,14.1,-14.1,0.000705,-0.000716,0.22654,-1.0671,0.37,-0.09,15.73,15.095,14.861,14.747,13.779,13.387,13.27,-1,0.5691197
CANDIDATE,0,0,0,0,13.254135334,136.3678568,0.0,1.3424,4.34744,45243.0,0.624919,1.05165,97.99,990.0,227.51,2955.8,104,6175.0,4.111,1.436,0.97,13.876,22.1,-22.1,0.023841,-0.140018,0.01097,-0.0754,44.09,-27.16,14.325,13.856,13.684,13.633,12.753,12.468,12.413,-1,0.10306052
CANDIDATE,0,0,0,0,1.262273109,132.0407635,0.0,1.2482,3.29122,7352.6,0.360984,0.10162,508.63,4591.0,105012.62,1116.6,1058,4900.0,2.508,12.903,1.956,11.516,9.1,-9.1,0.020032,-0.104506,0.00124,-0.0105,166.7,-215.2,12.405,11.476,11.136,10.895,9.795,9.261,9.111,-1,5.952937e-25
CANDIDATE,0,0,0,0,0.652956856,131.52408,0.0,0.2355,0.3049,47.7,0.008392,183.48657,0.68,1777.0,2357.15,12.9,2047,5360.0,4.543,0.74,0.696,13.506,5.9,-5.9,0.002808,-6e-06,317.6048,-180.45947,0.18,-0.07,14.077,13.464,13.262,13.123,12.152,11.803,11.655,-1,0.41533566
CANDIDATE,0,0,0,0,0.772807044,131.69894,0.0,0.2967,1.264,328.3,0.016275,3.05016,1.19,1367.0,826.03,10.8,1467,4535.0,4.607,0.668,0.659,15.856,65.9,-65.9,0.003906,-0.002338,28.27086,-2.68987,0.1,-0.12,16.842,15.696,15.433,15.134,13.886,13.313,13.191,-1,0.5691197
CANDIDATE,0,1,0,0,0.530967178,131.725443,0.0,0.8195,3.81,376640.0,0.834496,0.70707,90.31,2310.0,6728.14,865.0,2520,5951.0,4.439,0.991,0.983,10.292,2036.0,-2036.0,0.055922,-0.050664,0.07197,-0.04638,34.72,-9.84,10.677,10.242,10.127,10.126,9.481,9.206,9.128,-1,0.0
CANDIDATE,0,0,0,0,0.61932352,131.5387,0.0,0.9689,0.47,623.1,0.029448,0.05307,5.93,3365.0,30293.26,0.8,2160,7105.0,4.063,1.844,1.434,13.154,79.1,-79.1,0.029418,-0.006172,26.80512,-0.01088,3.04,-1.51,13.347,13.09,13.057,13.051,12.22,12.048,12.051,-1,7.722318e-07
CANDIDATE,0,0,0,0,1.371587993,131.80506,0.0,0.9829,12.901,456.1,0.028042,0.01031,4.91,2413.0,8016.36,43.3,794,7045.0,4.154,1.604,1.341,13.104,49.9,-49.9,0.004155,-0.005255,0.00024,-0.00012,2.8,-1.09,13.304,13.038,12.987,12.979,12.208,11.99,11.925,-1,0.40674856
CANDIDATE,0,1,0,0,0.739769976,131.9671036,0.0,1.2445,1.96596,20908.0,0.437982,0.50987,88.34,3017.0,19590.61,561.5,1808,6465.0,3.947,1.847,1.101,11.634,41.3,-41.3,0.049377,-0.05556,0.02152,-0.02901,32.57,-32.76,11.943,11.601,11.502,11.488,10.623,10.398,10.318,-1,0.00050538935
CANDIDATE,0,0,0,0,1.01486138,131.6157,0.0,0.3085,1.597,217.8,0.013678,1.94572,1.53,1929.0,3274.72,7.9,167,6158.0,4.453,1.024,1.08,15.572,45.7,-45.7,0.001949,-0.00154,3.98875,-1.69466,0.75,-0.14,16.018,15.504,15.382,15.289,14.344,14.06,14.004,-1,0.5691197
CANDIDATE,0,0,0,0,279.012698,246.6813,0.0,58.8261,25.35,376.7,57.837112,0.34365,7218.97,322.0,2.56,26.6,4,6338.0,4.357,1.143,1.08,13.054,16.0,-16.0,3.424442,-43.79873,0.36261,-0.26893,4156.0,-840.0,13.388,13.004,12.911,12.902,12.055,11.786,11.773,-1,0.32771745
CANDIDATE,0,0,0,0,26.8552365,146.688,0.0,0.825,2.185,194.2,0.014325,4.46409,1.49,618.0,34.48,6.7,49,6045.0,4.494,0.955,1.038,14.958,50.5,-50.5,0.046662,-0.002277,101.29549,-3.83994,0.6,-0.13,15.429,14.914,14.756,14.695,13.822,13.452,13.442,-1,0.5691197
CANDIDATE,0,0,0,0,16.234743,139.9736,0.0,0.5698,4.114,129.8,0.010848,1.14596,1.4,849.0,122.67,12.7,79,6475.0,4.375,1.178,1.2,14.299,13.1,-13.1,0.000177,-0.001063,1.08111,-0.34348,0.82,-0.17,14.639,14.247,14.153,14.123,13.307,13.059,13.013,-1,0.5691197
CANDIDATE,0,0,0,0,3.69718373,131.7512928,0.0,0.4711,12.3,507.1,0.023196,1.0851,2.41,941.0,185.17,33.5,371,5806.0,4.466,0.962,0.965,11.956,19.3,-19.3,0.000832,-0.000914,0.22037,-0.18209,0.88,-0.26,12.36,11.97,14.368,14.292,11.102,10.868,10.824,-1,0.5691197
CANDIDATE,0,0,0,0,0.998217608,131.8141981,0.0,0.8839,3.917,102610.0,0.414906,0.26772,79.52,2795.0,14421.97,2639.4,1343,6980.0,4.06,1.755,1.292,12.457,420.0,-420.0,0.006606,-0.012242,0.0012,-0.00252,38.51,-21.62,12.569,12.42,12.217,12.241,11.365,11.032,11.009,-1,7.4126806e-24
CANDIDATE,0,0,0,0,2.68807373,132.6832,0.0,0.1239,1.17,155.7,0.011503,14.34075,0.92,1128.0,382.53,7.0,503,5607.0,4.613,0.732,0.802,15.563,22.6,-22.6,0.001288,-0.000624,3.1247,-13.9971,0.27,-0.06,16.096,15.518,15.335,15.226,14.301,13.914,13.761,-1,0.5691197
CANDIDATE,0,0,0,0,97.991193,134.6707,0.0,0.5775,4.834,113.8,0.010171,4.16687,1.3,466.0,11.15,9.1,14,6484.0,4.377,1.173,1.195,13.65,18.8,-18.8,0.00114,-0.000715,12.9801,-3.92385,0.83,-0.15,13.959,13.591,13.517,13.504,12.639,12.407,12.33,-1,0.5691197
CANDIDATE,0,0,0,0,13.56092626,142.642578,0.0,0.4711,2.53,507.1,0.023196,1.0851,2.41,941.0,185.17,33.5,94,5806.0,4.466,0.962,0.965,15.561,19.3,-19.3,0.000832,-0.000914,0.22037,-0.18209,0.88,-0.26,16.088,15.527,15.335,15.263,14.299,13.939,13.79,-1,0.5691197
CANDIDATE,0,0,0,0,34.0357766,138.9291,0.0,0.6983,3.849,386.6,0.019173,2.05976,1.05,337.0,3.06,9.6,42,4367.0,4.739,0.501,0.503,15.534,50.0,-50.0,0.005787,-0.001981,4.83953,-0.08325,0.07,-0.1,16.533,15.482,15.107,14.876,13.787,13.176,12.968,-1,0.5691197
CANDIDATE,0,0,0,0,5.01881216,132.2501,0.0,0.3178,1.968,96.7,0.009119,4.88562,1.08,1178.0,455.98,10.3,266,6220.0,4.398,1.083,1.064,14.541,11.7,-11.7,0.000772,-0.000432,2.49176,-2.35861,0.56,-0.12,14.958,14.492,14.362,14.307,13.418,13.15,13.137,-1,0.5691197
CANDIDATE,0,0,0,0,3.43109938,133.600246,0.0,1.1372,2.8484,41274.0,0.432279,0.85681,45.74,1252.0,580.05,809.7,389,5815.0,4.349,0.969,0.764,13.681,155.0,-155.0,0.138036,-0.05548,0.05839,-0.02395,21.9,-8.92,14.166,13.667,13.474,13.409,12.53,12.081,11.997,-1,8.209481e-05
CANDIDATE,0,0,0,0,23.59919017,134.2797605,0.0,0.4711,2.05,507.1,0.023196,1.0851,2.41,941.0,185.17,33.5,57,5806.0,4.466,0.962,0.965,15.365,19.3,-19.3,0.000832,-0.000914,0.22037,-0.18209,0.88,-0.26,15.958,15.346,15.111,14.973,14.008,13.58,13.434,-1,0.5691197
CANDIDATE,0,0,0,0,2.52557212,133.06519,0.0,0.3903,2.302,35.5,0.00555,1.40433,0.75,1574.0,1452.26,10.1,540,6068.0,4.235,1.242,0.966,13.564,4.0,-4.0,0.000301,-0.000437,0.61827,-0.70932,0.31,-0.15,14.007,13.525,13.374,13.322,12.414,12.121,12.06,-1,0.5691197
CANDIDATE,0,0,0,0,8.2927558,135.0352,0.0,0.6346,4.784,103.3,0.009775,0.31213,1.01,927.0,174.36,8.4,158,6146.0,4.497,0.943,1.02,15.382,14.7,-14.7,0.00032,-0.001196,0.46819,-0.07223,0.31,-0.1,15.809,15.334,15.199,15.133,14.29,13.903,13.859,-1,0.5691197
CANDIDATE,0,0,0,0,22.786522,153.2108,0.0,0.3817,2.197,228.3,0.014069,15.02637,1.45,661.0,45.26,7.9,61,6146.0,4.497,0.943,1.02,15.382,44.3,-44.3,0.001652,-0.001451,29.88755,-14.93389,0.44,-0.14,15.809,15.334,15.199,15.133,14.29,13.903,13.859,-1,0.5691197
CANDIDATE,0,0,0,0,35.026564035,160.6019132,0.0,0.7499,2.90023,122390.0,0.384581,19.09815,34.14,491.0,13.71,1824.8,37,5543.0,4.568,0.813,0.891,15.496,132.0,-132.0,0.005974,-0.006894,0.0757,-0.12814,13.19,-2.56,16.078,15.466,15.246,15.124,14.134,13.695,13.669,-1,1.7488474e-36
CANDIDATE,0,0,0,0,7.9183999,134.1963,0.0,0.1706,3.102,107.3,0.009494,2.20707,1.05,953.0,195.36,8.3,171,5966.0,4.418,1.016,0.985,14.758,14.1,-14.1,0.000202,-0.001343,1.86264,-2.20555,0.41,-0.12,15.246,14.694,14.548,14.491,13.569,13.252,13.237,-1,0.5691197
CANDIDATE,0,0,0,0,0.687014326,131.85174,0.0,0.9968,6.417,116.8,0.018035,0.04263,5.52,3534.0,36888.8,55.4,1214,6240.0,3.684,2.803,1.385,13.316,4.0,-4.0,0.028867,-0.005075,0.00352,-0.00051,1.7,-2.87,13.785,13.284,13.114,13.0,12.084,11.836,11.756,-1,3.2662456e-08
CANDIDATE,0,0,0,0,64.1983721,147.98378,0.0,0.347,0.934,248.2,0.014753,576.70325,1.74,506.0,15.49,6.8,22,6088.0,4.329,1.077,0.901,13.839,55.3,-55.3,0.00161,-0.002655,192.28609,-420.87369,0.57,-0.29,14.254,13.79,13.662,13.559,12.706,12.396,12.331,-1,0.5691197
CANDIDATE,0,0,0,0,82.784677,141.3878,0.0,0.3953,8.485,206.7,0.013377,0.92884,1.53,450.0,9.66,8.4,16,5833.0,4.292,1.047,0.782,14.909,26.8,-26.8,0.000708,-0.001266,0.59277,-0.89035,0.59,-0.34,15.447,14.886,14.679,14.587,13.626,13.283,13.173,-1,0.5691197
CANDIDATE,0,0,0,0,441.17369,374.0092,0.0,0.3151,14.82,702.0,0.024204,1.05781,2.27,217.0,0.52,11.5,3,5610.0,4.551,0.858,0.953,15.632,110.0,-110.0,0.001739,-0.002399,1.56753,-1.04834,0.86,-0.17,16.202,15.537,15.389,15.251,14.272,13.888,13.893,-1,0.5691197
CANDIDATE,0,0,0,0,0.839902185,131.69538,0.0,0.2097,1.171,115.5,0.009693,4.33376,0.9,1639.0,1705.12,11.2,1547,5120.0,4.478,0.853,0.797,15.695,15.3,-15.3,0.001137,-0.000432,2.35145,-4.14824,0.81,-0.09,16.458,15.634,15.369,15.257,14.2,13.674,13.589,-1,0.5691197
CANDIDATE,0,0,0,0,1.76137447,132.9925437,0.0,0.4711,1.23,507.1,0.023196,1.0851,2.41,941.0,185.17,33.5,55,5806.0,4.466,0.962,0.965,15.02,19.3,-19.3,0.000832,-0.000914,0.22037,-0.18209,0.88,-0.26,15.388,14.966,14.863,14.798,13.971,13.708,13.557,-1,0.5691197
CANDIDATE,0,0,0,0,14.443127944,139.3903779,0.0,1.768,8.3078,41961.0,1.016534,0.19982,390.85,1308.0,692.04,3499.7,88,5759.0,3.519,3.521,1.496,12.732,36.3,-36.3,0.128916,-0.148869,0.01224,-0.02221,154.1,-240.0,13.308,12.713,12.485,12.373,11.438,11.144,11.046,-1,0.5691197
CANDIDATE,0,0,0,0,23.982754,136.7861,0.0,0.0274,15.46,84.2,0.00832,0.0563,1.17,718.0,62.83,13.4,57,5696.0,4.178,1.292,0.916,13.863,8.1,-8.1,0.000609,-0.000339,0.04542,-0.02186,0.45,-0.29,14.412,13.794,13.627,13.478,12.553,12.22,12.112,-1,0.5691197
CANDIDATE,0,0,0,0,5.1581326,131.7252,0.0,0.0714,11.03,33.0,0.005143,0.03404,1.64,1550.0,1365.69,13.0,263,5162.0,3.604,2.916,1.246,13.031,3.6,-3.6,0.00049,-0.000227,0.01937,-0.03127,0.8,-0.45,13.756,12.983,12.721,12.567,11.614,11.079,11.004,-1,0.5691197
CANDIDATE,0,0,0,0,10.5113678,140.9562,0.0,0.2837,4.972,30.8,0.005159,0.64847,0.75,1061.0,299.23,9.4,128,6587.0,4.268,1.326,1.191,12.931,3.9,-3.9,0.000243,-0.000497,0.0339,-0.46301,0.41,-0.14,13.229,12.861,12.803,14.292,11.941,11.766,11.698,-1,0.5691197
CANDIDATE,0,0,0,0,1.58486876,132.7019,0.0,0.492,2.705,38.5,0.005745,0.47804,0.36,944.0,187.91,8.4,839,4201.0,4.675,0.566,0.552,13.742,5.9,-5.9,0.000745,-0.000227,1.58903,-0.44041,0.03,-0.05,14.907,13.681,13.243,13.022,11.85,11.247,11.129,-1,0.5691197
CANDIDATE,0,0,0,0,9.2742685,133.599,0.0,0.5027,25.37,72.1,0.007966,0.00362,0.82,868.0,134.36,41.9,150,5880.0,4.452,0.938,0.909,12.997,1.9,-1.9,0.000104,-0.000323,0.00204,-0.00058,0.31,-0.1,13.437,12.938,12.809,12.731,11.848,11.529,11.475,-1,0.5691197
CANDIDATE,0,0,0,0,407.14656,509.257,0.0,0.7466,23.26,82.3,0.008994,0.08531,1.18,272.0,1.29,8.2,3,5845.0,4.282,1.198,1.001,13.31,12.2,-12.2,0.002324,-0.001042,0.40496,-0.07313,0.49,-0.22,13.544,13.244,13.21,14.292,11.535,11.211,11.156,-1,0.5691197
CANDIDATE,0,0,0,0,487.83894,606.1226,0.0,0.1252,32.77,453.3,0.019229,0.12099,3.94,298.0,1.88,8.8,3,5421.0,3.882,1.877,0.978,13.728,42.6,-42.6,0.001055,-0.001087,0.00469,-0.0487,2.55,-1.93,14.385,13.683,13.446,13.297,12.278,11.899,11.791,-1,0.5691197
CANDIDATE,0,0,0,0,5.89773974,133.42423,0.0,0.1566,2.243,77.9,0.008134,4.36201,1.0,1150.0,414.11,8.1,225,6300.0,4.371,1.126,1.082,14.742,12.4,-12.4,0.000855,-0.000547,1.77299,-2.55533,0.52,-0.11,15.138,14.699,14.572,14.543,13.692,13.411,13.368,-1,0.5691197
CANDIDATE,0,0,0,0,1.74147417,131.9964,0.0,0.4582,1.817,366.0,0.01768,1.86658,1.47,1230.0,541.5,10.9,207,5227.0,4.6,0.763,0.855,16.269,42.2,-42.2,0.001041,-0.001422,1.51339,-0.82159,0.33,-0.11,16.984,16.208,15.962,15.82,14.809,14.307,14.202,-1,0.5691197
CANDIDATE,0,0,0,0,20.2944118,148.08554,0.0,8.7053,0.357,453.9,7.728274,950.09515,774.73,648.0,41.69,5.6,67,5865.0,4.518,0.918,1.012,15.919,97.1,-97.1,43.96756,-7.692931,49.7663,-571.01263,287.8,-65.83,16.451,15.845,15.691,15.577,14.608,14.292,14.205,-1,0.5691197
CANDIDATE,0,0,0,0,2.3532493,133.487,0.0,1.0561,5.818,552.5,0.090506,0.00856,9.88,1369.0,829.58,23.2,12,5780.0,4.438,1.0,1.0,14.106,40.5,-40.5,0.034266,-0.051715,0.1887,-0.00126,0.0,0.0,14.694,14.012,13.854,13.766,12.867,12.521,12.454,-1,0.5691197
CANDIDATE,0,0,0,0,3.57944367,133.46198,0.0,0.3976,1.869,117.2,0.009952,3.71167,0.87,1018.0,253.89,8.5,367,5341.0,4.546,0.801,0.824,15.56,19.6,-19.6,0.000959,-0.000981,4.48242,-3.61696,0.29,-0.07,16.204,15.492,15.284,15.161,13.942,13.715,13.57,-1,0.5691197
CANDIDATE,0,0,0,0,8.2553601,135.1711,0.0,0.4692,3.726,55.0,0.006967,0.95537,0.85,1034.0,270.58,9.7,163,6357.0,4.375,1.113,1.066,13.816,6.9,-6.9,0.000304,-0.000698,0.59128,-0.45116,0.45,-0.1,14.153,13.747,13.672,13.638,12.874,12.536,12.487,-1,0.5691197
CANDIDATE,0,0,0,0,3.9073345,133.73607,0.0,0.1146,2.497,122.1,0.009987,2.14775,0.89,1007.0,243.02,9.5,338,5492.0,4.576,0.812,0.911,15.283,15.2,-15.2,0.000647,-0.000905,0.34517,-1.43007,0.27,-0.07,15.86,15.215,15.036,14.944,13.974,13.549,13.539,-1,0.5691197
CANDIDATE,0,0,0,0,0.646527772,131.6806,0.0,0.7505,3.993,25.3,0.004984,0.07637,0.82,3040.0,20183.02,22.9,2069,7247.0,4.247,1.501,1.448,12.884,2.6,-2.6,8e-06,-0.000541,0.06847,-0.02263,0.66,-0.12,13.047,12.83,12.832,12.865,12.1,11.934,11.886,-1,0.00018798231
CANDIDATE,0,0,0,0,1.057080402,131.69044,0.0,0.0865,1.543,75.8,0.007989,2.5059,0.83,1807.0,2518.85,11.3,1261,6000.0,4.487,0.946,1.003,15.102,8.7,-8.7,0.000783,-0.000268,0.25866,-1.55449,0.34,-0.08,15.59,15.037,14.893,14.78,13.808,13.469,13.338,-1,0.5691197
CANDIDATE,0,0,0,0,317.058383,297.8453,0.0,0.0254,9.875,453.1,0.019221,2.93765,1.53,221.0,0.57,9.1,5,5370.0,4.599,0.73,0.772,14.634,47.3,-47.3,0.001351,-0.001042,0.02072,-1.61773,0.38,-0.12,15.235,14.578,14.376,14.243,13.284,12.865,12.79,-1,0.5691197
CANDIDATE,0,0,0,0,13.4959496,142.1992,0.0,0.2136,2.085,253.6,0.014581,12.24811,1.62,784.0,89.25,7.3,84,5962.0,4.464,1.019,1.102,15.669,45.6,-45.6,0.001321,-0.001747,89.93307,-4.60032,0.73,-0.15,16.159,15.594,15.459,15.378,14.517,14.127,13.979,-1,0.5691197
CANDIDATE,0,0,0,0,42.48452259,165.1372596,0.0,0.4711,4.16,507.1,0.023196,1.0851,2.41,941.0,185.17,33.5,24,5806.0,4.466,0.962,0.965,14.824,19.3,-19.3,0.000832,-0.000914,0.22037,-0.18209,0.88,-0.26,15.227,14.755,14.651,14.56,13.733,13.488,13.429,-1,0.5691197
CANDIDATE,0,0,0,0,4.74701479,133.33305,0.0,64.5159,2.464,3622.0,63.561352,336.51843,13333.5,1640.0,1708.72,10.1,196,6531.0,3.962,1.921,1.234,13.388,453.0,-453.0,32.19933,-4.008739,355.42914,-335.7659,5171.0,-4789.0,13.756,13.36,13.23,13.198,12.262,12.097,11.952,-1,0.0005850864
CANDIDATE,0,0,0,0,299.70688,360.3939,0.0,0.1196,15.39,230.7,0.013829,0.7071,1.15,237.0,0.75,8.6,5,5606.0,4.597,0.76,0.832,14.713,34.3,-34.3,0.001088,-0.001231,2.08171,-0.36197,0.38,-0.08,15.226,14.661,14.493,14.414,13.503,13.072,13.017,-1,0.5691197
CANDIDATE,0,0,0,0,14.461866,137.252,0.0,0.1017,7.383,88.5,0.008511,0.30688,0.76,659.0,44.6,9.5,93,5543.0,4.568,0.813,0.891,14.75,11.4,-11.4,0.000691,-0.000617,0.15189,-0.17542,0.3,-0.06,15.322,14.684,14.505,14.382,13.454,13.048,12.934,-1,0.5691197
CANDIDATE,0,0,0,0,8.9651028,137.54086,0.0,1.6442,37.4,305.0,0.656964,0.00114,82.86,1036.0,271.89,166.7,123,6528.0,4.384,1.155,1.177,12.039,2.5,-2.5,0.092573,-0.073376,0.00019,-0.00014,54.24,-8.82,12.298,11.977,11.927,11.93,11.114,10.898,10.849,-1,0.5691197
CANDIDATE,0,0,0,0,10.2170552,139.13453,0.0,0.2397,2.097,129.5,0.010533,8.84751,1.21,929.0,176.34,8.3,102,6211.0,4.384,1.054,0.98,14.455,20.9,-20.9,0.00059,-0.001392,4.00984,-8.48582,0.47,-0.15,14.891,14.429,14.268,14.226,13.349,13.039,12.934,-1,0.5691197
CANDIDATE,0,0,0,0,86.95432088,187.7282221,0.0,0.4711,12.11,507.1,0.023196,1.0851,2.41,941.0,185.17,33.5,4,5806.0,4.466,0.962,0.965,14.248,19.3,-19.3,0.000832,-0.000914,0.22037,-0.18209,0.88,-0.26,14.794,14.207,14.014,13.961,13.018,12.69,12.61,-1,0.5691197
CANDIDATE,0,0,0,0,2.43764291,132.12285,0.0,0.2418,1.544,30.1,0.005074,5.20331,1.03,1921.0,3218.27,8.8,550,6170.0,3.967,1.858,1.168,12.66,3.9,-3.9,0.000326,-0.000436,1.58925,-2.90493,0.38,-0.39,13.062,12.624,12.487,12.466,11.603,11.319,11.299,-1,0.5691197
CANDIDATE,0,1,0,0,0.721522923,131.7091301,0.0,0.8297,1.4513,22623.0,0.161863,1.22821,11.05,1474.0,1115.99,558.0,1847,4893.0,4.634,0.625,0.614,15.069,61.8,-61.8,0.000851,-0.001986,0.03745,-0.03052,1.27,-0.92,15.832,15.024,14.742,14.52,13.45,12.935,12.832,-1,0.51197094
CANDIDATE,0,0,0,0,19.1643998,141.3092,0.0,0.0573,3.272,61.4,0.007223,4.69239,0.78,738.0,70.13,7.9,72,6197.0,4.404,0.987,0.902,13.314,9.9,-9.9,0.000787,-0.000516,1.98251,-4.50883,0.27,-0.1,13.687,13.279,13.154,13.115,12.256,11.953,11.901,-1,0.5691197
CANDIDATE,0,0,0,0,15.68476591,133.0012424,0.0,0.4711,27.97,507.1,0.023196,1.0851,2.41,941.0,185.17,33.5,69,5806.0,4.466,0.962,0.965,13.102,19.3,-19.3,0.000832,-0.000914,0.22037,-0.18209,0.88,-0.26,13.412,13.04,12.969,12.969,12.169,11.944,11.86,-1,0.5691197
CANDIDATE,0,0,0,0,19.2532102,144.84037,0.0,0.0651,1.806,220.7,0.013628,28.51688,1.42,692.0,54.13,8.6,72,6060.0,4.495,0.953,1.036,15.362,40.4,-40.4,0.001884,-0.00093,20.83412,-28.05184,0.49,-0.13,15.81,15.31,15.169,15.104,14.239,13.887,13.804,-1,0.5691197
CANDIDATE,0,0,0,0,14.101329,133.4685,0.0,0.2884,4.479,110.2,0.009746,1.20083,1.24,890.0,148.04,7.5,93,6505.0,4.381,1.163,1.185,15.105,17.8,-17.8,0.000906,-0.000892,0.75767,-1.16326,0.76,-0.14,15.467,15.051,14.95,14.888,14.023,13.749,13.702,-1,0.5691197
CANDIDATE,0,0,0,0,11.7729121,138.78472,0.0,0.2699,4.317,82.9,0.008357,1.13355,0.74,725.0,65.21,10.3,113,5676.0,4.558,0.806,0.856,13.717,8.9,-8.9,0.000451,-0.00062,0.34507,-0.52474,0.32,-0.06,14.206,13.663,13.507,13.423,12.461,12.162,12.108,-1,0.5691197
CANDIDATE,0,0,0,0,2.46506501,132.8845,0.0,0.6323,6.218,39.8,0.006079,0.04836,1.14,1999.0,3777.82,10.3,253,6881.0,4.101,1.714,1.356,12.446,4.5,-4.5,3.4e-05,-0.000736,0.05789,-0.0017,0.58,-0.3,12.641,12.381,12.349,12.354,11.567,11.38,11.309,-1,0.5691197
CANDIDATE,0,0,0,0,1.758599866,131.7968,0.0,0.035,0.2729,237.8,0.020185,773.46448,1.6,1101.0,347.1,11.9,761,4744.0,4.606,0.725,0.772,15.59,25.0,-25.0,0.002517,-0.003046,119.44539,-514.32263,0.14,-0.11,16.492,15.501,15.204,14.997,13.93,13.368,13.215,-1,0.5691197
CANDIDATE,0,0,0,0,134.413808,227.9768,0.0,0.1857,13.907,206.1,0.013076,0.41635,1.69,391.0,5.51,12.5,8,6013.0,4.37,1.187,1.206,14.262,20.0,-20.0,0.000854,-0.000719,0.07072,-0.18214,0.86,-0.23,14.738,14.166,14.058,14.02,13.134,12.828,12.744,-1,0.5691197
CANDIDATE,0,0,0,0,25.9147327,131.7881,0.0,0.7026,8.94,101.8,0.009864,0.11721,1.95,866.0,133.01,15.2,41,6171.0,3.976,1.806,1.126,12.556,8.3,-8.3,0.002215,-0.000642,0.27686,-0.00099,0.77,-0.73,12.975,12.525,12.377,12.35,11.465,11.175,11.111,-1,0.5691197
CANDIDATE,0,0,0,0,659.34575,254.2031,0.0,0.9369,18.01,264.6,0.018123,0.06026,3.8,325.0,2.62,18.5,3,6923.0,4.049,1.92,1.5,10.629,17.5,-17.5,5.8e-05,-0.003224,1.6558,0.0,0.14,-0.14,10.789,10.576,10.547,10.573,9.774,9.611,9.532,-1,0.5691197
CANDIDATE,0,1,0,0,0.517573684,131.5162014,0.0,1.0183,2.22096,88858.0,0.486805,0.83106,37.8,1877.0,2934.83,855.4,2588,5412.0,4.61,0.711,0.752,15.777,170.0,-170.0,0.041211,-0.038788,0.03532,-0.03946,9.09,-2.77,16.377,15.739,15.519,15.364,14.356,13.941,13.804,-1,1.9816241e-25
CANDIDATE,0,0,0,0,20.9525678,146.3814,0.0,0.4341,3.949,232.1,0.0139,2.20929,1.1,497.0,14.38,9.7,65,4892.0,4.607,0.723,0.772,15.645,29.3,-29.3,0.000894,-0.001283,1.40956,-0.7448,0.13,-0.09,16.463,15.559,15.294,15.072,14.054,13.499,13.417,-1,0.5691197
CANDIDATE,0,0,0,0,3.72920972,131.9326,0.0,0.5232,5.012,14.4,0.003585,0.16211,0.8,1713.0,2035.92,9.6,287,6215.0,3.955,2.05,1.37,9.976,1.9,-1.9,0.000123,-0.000402,0.10486,-0.07409,0.03,-0.02,10.301,9.924,9.836,9.823,8.948,8.742,8.682,-1,0.5691197
CANDIDATE,0,0,0,0,17.1677675,142.9943,0.0,0.4828,2.975,335.1,0.016943,3.9438,0.97,370.0,4.43,7.4,77,3761.0,4.724,0.526,0.535,15.929,48.0,-48.0,0.000914,-0.001971,2.42169,-2.35702,0.1,-0.09,17.385,16.119,15.305,14.911,13.684,13.043,12.874,-1,0.5691197
CANDIDATE,0,0,0,0,8.502285,132.3432,0.0,0.2106,3.092,100.5,0.008954,2.33394,0.7,679.0,50.14,8.4,156,4889.0,4.57,0.715,0.693,14.755,14.2,-14.2,0.000831,-0.000624,1.27293,-1.45171,1.2,-0.07,15.561,14.709,14.409,14.251,13.188,12.687,12.573,-1,0.5691197
CANDIDATE,0,0,0,0,17.9908748,141.92159,0.0,0.0891,1.416,708.0,0.02372,56.64538,1.95,541.0,20.29,10.5,74,4918.0,4.546,0.752,0.727,15.864,80.2,-80.2,0.00193,-0.001574,3.73562,-38.61417,0.26,-0.19,16.675,15.792,15.516,15.332,14.19,13.683,13.646,-1,0.5691197
CANDIDATE,0,0,0,0,198.11309,175.3243,0.0,0.1542,15.59,53.3,0.006707,0.434,1.09,399.0,5.96,8.3,8,6163.0,4.144,1.486,1.122,11.909,8.5,-8.5,0.000999,-0.000187,0.87644,-0.41852,0.59,-0.29,13.218,12.168,14.368,14.292,11.204,10.931,10.905,-1,0.5691197
CANDIDATE,0,0,0,0,0.626431679,131.899364,0.0,1.7805,2.0029,37864.0,1.024628,1.25735,80.67,1706.0,2003.98,188.6,1649,5134.0,4.56,0.721,0.688,15.594,305.0,-305.0,1.73464,-0.148346,3.29326,-0.44809,27.3,-7.83,16.319,15.546,15.283,15.09,14.054,13.599,13.448,-1,3.6012827e-06
CANDIDATE,0,0,0,0,377.502629,278.835,0.0,0.0211,12.124,539.9,0.021277,1.90184,2.37,266.0,1.19,12.7,4,6137.0,4.46,1.018,1.086,15.044,46.5,-46.5,0.001114,-0.00117,0.19872,-0.87726,1.01,-0.22,15.473,14.989,14.861,14.827,13.932,13.589,13.529,-1,0.5691197
CANDIDATE,0,0,0,0,2.4132866,133.655,0.0,0.0792,7.689,19.3,0.004067,0.04909,0.5,1621.0,1631.49,13.6,563,6640.0,4.393,1.13,1.149,13.253,2.2,-2.2,0.000216,-0.00032,0.01308,-0.02988,0.27,-0.05,13.477,13.178,13.105,13.127,12.313,12.099,12.075,-1,0.5691197
CANDIDATE,0,0,0,0,43.2674325,136.4585,0.0,0.0423,8.244,84.6,0.008398,0.66624,0.93,538.0,19.74,13.0,33,6063.0,4.476,1.012,1.117,13.468,8.8,-8.8,0.000455,-0.000625,0.0174,-0.35779,0.4,-0.08,13.883,13.4,13.29,13.244,12.419,12.135,12.091,-1,0.5691197
CANDIDATE,0,0,0,0,11.325212,137.2345,0.0,0.4243,2.14,339.5,0.017029,7.6958,1.35,674.0,48.78,7.3,116,5334.0,4.574,0.727,0.723,15.995,50.6,-50.6,0.001143,-0.001799,4.83816,-4.30296,0.32,-0.12,16.653,15.994,15.714,15.543,14.566,14.071,14.067,-1,0.5691197
CANDIDATE,0,0,0,0,4.23748482,135.1726,0.0,0.4244,0.3767,366.2,0.021276,535.77136,2.31,1172.0,446.38,9.5,304,5993.0,4.425,0.993,0.958,15.504,37.9,-37.9,0.003734,-0.002972,382.36713,-181.16362,0.87,-0.28,16.0,15.454,15.291,15.176,14.267,13.944,13.821,-1,0.5691197
CANDIDATE,0,0,0,0,4.0953585,135.7884,0.0,1.0194,44.35,226.8,0.041799,0.00126,7.76,1680.0,1884.15,60.2,329,6839.0,4.094,1.7,1.313,13.543,13.8,-13.8,0.00078,-0.019445,0.0,-6e-05,3.62,-2.15,13.767,13.468,13.385,13.398,12.533,12.333,12.267,-1,0.5691197
CANDIDATE,0,0,0,0,0.92624339,131.716,0.0,0.8021,1.32,412.7,0.021069,0.94632,1.37,1212.0,510.28,8.9,197,4492.0,4.682,0.595,0.621,16.28,89.1,-89.1,0.015619,-0.000844,484.59012,-0.38171,0.15,-0.12,17.327,16.189,15.831,15.579,14.553,13.957,13.772,-1,0.5691197
CANDIDATE,0,0,0,0,4.48538145,135.29081,0.0,0.1296,2.297,168.1,0.011912,3.16371,0.96,962.0,202.75,8.2,236,5654.0,4.607,0.737,0.801,15.457,24.2,-24.2,0.001076,-0.000833,0.87824,-1.8512,0.25,-0.07,15.982,15.416,15.232,15.127,14.198,13.802,13.696,-1,0.5691197
CANDIDATE,0,0,0,0,4.84847917,131.90773,0.0,0.0052,0.661,571.4,0.021846,151.25859,1.54,667.0,46.85,11.9,222,4137.0,4.625,0.647,0.643,14.849,76.5,-76.5,0.002612,-0.002044,579.68152,-101.09744,0.08,-0.16,16.154,14.891,14.289,13.934,12.716,12.043,11.894,-1,0.5691197
CANDIDATE,0,0,0,0,1.284239576,132.65523,0.0,0.1366,1.866,174.5,0.012072,1.71445,1.21,1624.0,1643.57,11.5,836,5849.0,4.517,0.919,1.014,15.674,16.1,-16.1,0.00074,-0.00061,0.38575,-0.73981,0.45,-0.1,16.218,15.626,15.441,15.383,14.459,14.065,14.149,-1,0.5691197
CANDIDATE,0,0,0,0,15.9474242,137.49449,0.0,0.1178,1.127,191.7,0.012609,95.62632,1.21,670.0,47.65,6.5,65,5472.0,4.44,0.877,0.772,14.801,43.0,-43.0,0.001781,-0.001552,106.81329,-94.4053,0.58,-0.16,15.397,14.767,14.546,14.474,13.469,13.059,13.028,-1,0.5691197
CANDIDATE,0,0,0,0,50.0122,153.9789,0.0,0.484,3.426,210.4,0.01348,7.40798,1.2,432.0,8.23,8.3,26,5357.0,4.503,0.814,0.772,15.174,42.6,-42.6,0.001087,-0.001979,11.97129,-7.33792,0.44,-0.13,15.823,15.137,14.896,14.806,13.742,13.309,13.224,-1,0.5691197
CANDIDATE,0,0,0,0,27.5837778,142.9808,0.0,0.0221,1.516,202.5,0.012769,69.35567,11.03,1330.0,739.57,8.5,38,5092.0,2.945,7.913,2.012,12.148,41.1,-41.1,0.001583,-0.001507,42.64699,-67.90121,0.69,-2.7,12.911,12.097,11.821,11.664,10.56,10.083,9.956,-1,0.5691197
CANDIDATE,0,0,0,0,2.002808451,132.06909,0.0,1.2098,2.8941,522.3,0.23159,0.02416,57.31,2858.0,15763.18,137.1,664,8564.0,4.042,2.266,2.061,11.696,3.7,-3.7,0.50157,-0.074726,0.02035,-0.00235,22.05,-14.17,11.68,11.701,11.85,11.922,11.354,11.192,11.262,-1,0.039946478
CANDIDATE,0,0,0,0,4.15733038,132.86533,0.0,0.0516,2.466,235.3,0.01372,2.435,1.17,932.0,178.03,11.2,257,5183.0,4.558,0.782,0.806,15.517,23.0,-23.0,0.000765,-0.000937,1.12485,-0.98238,0.25,-0.09,16.224,15.467,15.214,15.098,14.109,13.644,13.571,-1,0.5691197
CANDIDATE,0,0,0,0,1.81707537,131.90712,0.0,0.2112,0.965,200.9,0.013031,16.63118,1.37,1457.0,1066.11,10.3,734,5825.0,4.504,0.965,1.083,15.591,27.8,-27.8,0.001435,-0.000749,8.45556,-16.34227,0.62,-0.11,16.116,15.483,15.366,15.257,14.389,14.079,13.982,-1,0.5691197
CANDIDATE,0,0,0,0,5.15997473,132.68984,0.0,0.3647,2.237,475.4,0.01987,3.36496,1.17,574.0,25.7,15.9,260,3900.0,4.726,0.537,0.559,15.949,39.5,-39.5,0.001092,-0.000926,1.34054,-1.25895,0.1,-0.11,17.356,16.011,15.346,15.029,13.765,13.053,12.94,-1,0.5691197
CANDIDATE,0,0,0,0,37.464794,138.6492,0.0,0.2551,6.274,44.7,0.006184,1.18038,0.91,677.0,49.61,9.6,37,6266.0,4.209,1.342,1.06,12.052,5.9,-5.9,0.000577,-0.000311,0.71086,-0.64723,0.48,-0.2,12.964,12.165,14.368,14.292,11.113,10.87,10.827,-1,0.5691197
CANDIDATE,0,0,0,0,1.03296165,131.9243,0.0,0.4569,1.017,135.6,0.010891,6.15501,22.55,5990.0,304226.71,7.3,1200,5283.0,2.352,18.959,2.948,12.698,25.7,-25.7,0.001195,-0.002066,23.54691,-4.98511,1.23,-7.04,13.454,12.662,12.374,12.213,11.115,10.601,10.535,-1,0.0
CANDIDATE,0,0,0,0,6.96205913,135.54291,0.0,0.1131,2.617,180.2,0.011939,3.33387,1.06,778.0,86.68,9.2,190,5008.0,4.506,0.814,0.775,15.352,23.3,-23.3,0.000877,-0.001057,0.49821,-1.67415,1.74,-0.1,16.165,15.3,15.004,14.876,13.795,13.317,13.229,-1,0.5691197
CANDIDATE,0,0,0,0,7.8935753,133.8066,0.0,0.7868,6.489,47.7,0.006941,0.06247,0.84,1052.0,289.79,7.8,172,6306.0,4.346,1.109,0.991,13.954,5.7,-5.7,0.001118,-0.000826,0.22802,-0.04595,0.36,-0.11,14.327,13.915,13.794,13.758,12.879,12.592,12.589,-1,0.5691197
CANDIDATE,0,0,0,0,1.320497676,132.6153,0.0,0.4848,1.129,210.8,0.013551,5.52304,9.27,3303.0,28126.76,12.5,476,5182.0,3.159,6.263,2.062,11.466,25.3,-25.3,0.000803,-0.001223,4.51562,-5.38934,3.37,-4.37,12.164,11.402,11.168,11.024,9.914,9.428,9.323,-1,3.3104047e-06
CANDIDATE,0,0,0,0,13.1541013,143.2887,0.0,0.1119,12.72,110.2,0.009447,0.05494,1.04,750.0,74.8,10.2,83,5443.0,4.36,1.008,0.848,15.007,12.2,-12.2,0.000679,-0.000599,0.02093,-0.02902,0.45,-0.17,15.636,14.953,14.737,14.639,13.656,13.232,13.084,-1,0.5691197
CANDIDATE,0,0,0,0,5.70461618,134.39712,0.0,0.2788,1.033,157.5,0.011528,40.19234,1.05,900.0,154.92,10.0,187,5523.0,4.566,0.832,0.933,14.572,26.5,-26.5,0.0011,-0.001556,29.56071,-39.55917,0.34,-0.08,15.115,14.483,14.339,14.231,13.271,12.89,12.815,-1,0.5691197
CANDIDATE,0,0,0,0,1.367516033,131.77723,0.0,0.7441,1.223,60.6,0.007752,2.0406,1.03,1983.0,3651.81,12.1,788,6343.0,4.274,1.215,1.01,13.861,6.5,-6.5,0.002468,-0.00058,6.35691,-0.79003,0.47,-0.18,14.211,13.807,13.71,13.646,12.819,12.498,12.42,-1,0.5691197
CANDIDATE,0,1,0,0,1.51264215,132.025904,0.0,1.2866,1.8599,25089.0,0.505247,1.05983,44.75,1357.0,801.0,254.3,887,5258.0,4.508,0.811,0.772,15.724,148.0,-148.0,0.130988,-0.238619,0.08309,-0.14289,14.23,-4.58,16.411,15.67,15.43,15.249,14.362,13.853,13.726,-1,0.28403413
CANDIDATE,0,0,0,0,6.9335391,134.569,0.0,0.0496,1.77,307.1,0.015865,11.0209,1.37,828.0,110.86,8.4,185,5496.0,4.579,0.79,0.863,15.804,66.4,-66.4,0.00211,-0.002543,19.45236,-10.46772,0.44,-0.1,16.407,15.757,15.545,15.455,14.499,14.069,13.89,-1,0.5691197
CANDIDATE,0,0,0,0,1.322475635,132.66777,0.0,1.198,5.307,997.3,0.234504,0.02586,14.03,1097.0,342.59,53.9,803,4668.0,4.7,0.548,0.548,14.335,27.2,-27.2,0.329017,-0.185786,0.02322,-0.00764,0.92,-1.0,15.155,14.311,13.983,13.785,12.734,12.147,12.089,-1,0.5691197
CANDIDATE,0,0,0,0,3.773744,131.8309,0.0,0.9606,15.2,85.2,0.010794,0.00199,2.44,2001.0,3791.11,5.7,187,7302.0,3.965,2.069,1.44,11.419,10.2,-10.2,0.000147,-0.002451,0.01344,-0.00024,0.82,-0.81,11.635,11.396,14.368,14.292,10.771,10.687,10.639,-1,0.5691197
CANDIDATE,0,0,0,0,5.70509845,136.20134,0.0,0.1252,1.485,281.1,0.015159,15.03489,1.53,947.0,189.8,8.9,190,5455.0,4.448,0.927,0.88,15.597,46.1,-46.1,0.001645,-0.001204,8.38393,-14.70338,0.59,-0.17,16.226,15.517,15.328,15.217,14.213,13.791,13.783,-1,0.5691197
CANDIDATE,0,0,0,0,7.20558084,138.3055,0.0,0.5196,2.997,58.0,0.007176,1.45432,1.33,1253.0,582.45,8.7,150,6002.0,4.025,1.693,1.107,13.553,7.6,-7.6,0.000214,-0.00084,1.72758,-0.26587,0.56,-0.46,13.973,13.493,13.372,14.292,12.356,12.057,12.001,-1,0.5691197
CANDIDATE,0,0,0,0,13.8609822,139.3018,0.0,0.4134,33.995,191.3,0.012828,0.00255,1.12,690.0,53.45,30.8,78,5667.0,4.535,0.796,0.791,14.756,6.7,-6.7,0.000231,-0.000463,0.00086,-0.00037,0.49,-0.11,15.277,14.728,14.533,14.467,13.53,13.058,13.005,-1,0.5691197
CANDIDATE,0,0,0,0,392.50115,498.8298,0.0,0.1835,9.88,391.2,0.017596,3.44682,1.9,225.0,0.6,8.9,3,5128.0,4.388,0.988,0.87,13.87,57.7,-57.7,0.00148,-0.001674,0.40682,-2.44826,2.01,-0.31,14.64,13.781,13.541,13.444,12.434,11.959,11.885,-1,0.5691197
CANDIDATE,0,0,0,0,5.29655879,131.87,0.0,0.2602,3.892,132.1,0.010593,0.70931,1.34,1176.0,451.61,8.8,247,6269.0,4.405,1.155,1.237,15.591,17.8,-17.8,0.00075,-0.000882,0.31295,-0.29377,0.77,-0.16,16.05,15.538,15.395,15.346,14.438,14.195,13.99,-1,0.5691197
CANDIDATE,0,0,0,0,7.1967125,133.4528,0.0,0.198,3.991,52.7,0.006618,0.92071,0.63,879.0,141.03,10.3,187,5737.0,4.544,0.872,0.969,13.44,5.9,-5.9,0.000182,-0.000733,0.24005,-0.53131,0.26,-0.05,13.922,13.372,13.234,13.168,12.223,11.877,11.803,-1,0.5691197
CANDIDATE,0,0,0,0,9.762550912,131.671928,0.0,1.7291,4.8597,41304.0,0.972139,0.62645,207.01,1374.0,843.46,765.0,274,7199.0,4.055,1.95,1.571,12.25,61.9,-61.9,0.540841,-0.087031,0.22902,-0.05421,119.0,-43.21,12.416,12.195,12.202,12.205,11.44,11.288,11.245,-1,0.0049919356
CANDIDATE,0,0,0,0,16.9163386,132.8922,0.0,0.6327,2.521,64.2,0.007691,4.29633,0.68,648.0,41.74,6.3,78,5628.0,4.513,0.81,0.779,13.132,12.3,-12.3,0.000337,-0.001245,7.79351,-4.28405,0.31,-0.07,13.631,13.097,12.919,12.848,11.897,11.589,11.56,-1,0.5691197
CANDIDATE,0,0,0,0,37.0200329,131.8379,0.0,0.4919,1.592,556.0,0.022069,55.67495,2.1,503.0,15.19,7.1,29,5674.0,4.545,0.872,0.972,15.424,158.0,-158.0,0.005352,-0.003482,382.78391,-52.30971,0.8,-0.15,15.967,15.355,15.191,15.091,14.17,13.856,13.778,-1,0.5691197
CANDIDATE,0,0,0,0,0.565712985,131.66581,0.0,0.4239,0.906,90.5,0.008828,5.10054,0.85,1918.0,3197.67,11.3,1878,5220.0,4.48,0.881,0.855,14.722,13.8,-13.8,0.002072,-0.000765,31.16965,-4.56177,0.27,-0.08,15.417,14.651,14.424,14.307,13.351,12.882,12.858,-1,0.32421863
CANDIDATE,0,0,0,0,20.71055071,134.00305,0.0,2.5711,39.644,1041.0,1.594684,0.00111,304.22,995.0,231.79,280.3,67,6935.0,4.099,1.747,1.403,11.308,24.4,-24.4,0.509633,-0.104619,0.00067,-0.00011,172.2,-73.66,11.485,11.25,11.242,11.238,10.449,10.267,10.248,-1,0.5691197
CANDIDATE,0,0,0,0,11.8434652,138.0125,0.0,0.0361,6.219,207.7,0.01318,0.43212,1.44,830.0,111.98,11.4,61,6077.0,4.471,0.999,1.077,15.193,23.0,-23.0,0.000724,-0.000998,0.03897,-0.23881,0.64,-0.13,15.668,15.146,14.989,14.937,14.036,13.632,13.609,-1,0.5691197
CANDIDATE,0,0,0,0,5.60686209,135.8395,0.0,0.0528,2.821,145.2,0.010936,2.17157,1.02,942.0,186.34,9.4,239,5693.0,4.551,0.856,0.95,15.289,19.2,-19.2,0.00113,-0.000554,0.37026,-1.44479,0.33,-0.08,15.808,15.23,15.067,15.013,14.116,13.689,13.593,-1,0.5691197
CANDIDATE,0,0,0,0,3.14734176,133.3929,0.0,0.0047,3.875,51.1,0.006591,0.47138,0.66,1302.0,679.5,9.3,429,6266.0,4.492,0.921,0.961,14.386,6.8,-6.8,0.000501,-0.000525,0.19847,-0.24635,0.26,-0.06,14.757,14.349,14.227,14.19,13.328,12.998,12.916,-1,0.5691197
CANDIDATE,0,1,0,0,0.502454292,131.922197,0.0,1.1579,2.31629,37646.0,0.437145,0.5099,43.01,2335.0,7025.25,924.7,2654,6134.0,4.498,0.901,0.932,13.532,57.2,-57.2,0.050012,-0.051659,0.03431,-0.03514,17.38,-3.82,13.913,13.486,13.369,13.324,12.447,12.126,12.076,-1,0.00025324133
CANDIDATE,0,1,0,0,1.262742025,132.198099,0.0,3.6863,1.6817,16583.0,2.821795,3.87244,970.64,2546.0,9925.41,64.6,1060,5273.0,3.621,3.15,1.511,13.573,308.0,-308.0,8.187819,-1.232959,34.6059,-3.18571,436.3,-495.2,14.293,13.505,13.264,13.104,12.092,11.646,11.582,-1,0.017555421
CANDIDATE,0,0,0,0,0.589752219,131.83457,0.0,0.8113,0.124,232.8,0.031892,679.93225,2.42,1780.0,2375.43,12.6,2267,5417.0,4.625,0.694,0.74,15.832,26.4,-26.4,0.001127,-0.013266,208.91354,-554.10846,0.46,-0.17,16.428,15.804,15.576,15.462,14.503,14.103,13.949,-1,0.3093297
CANDIDATE,0,1,0,0,0.760935286,131.6357787,0.0,0.5298,2.77014,372180.0,0.642327,1.31858,35.84,1283.0,640.66,1279.7,0,4675.0,4.74,0.511,0.523,12.402,370.0,-370.0,0.005445,-0.010006,0.00739,-0.0177,1.97,-2.31,13.16,12.381,12.077,11.895,10.873,10.4,10.271,-1,0.0
CANDIDATE,0,0,0,0,23.3787733,143.2743,0.0,0.2093,6.76,76.0,0.008025,0.61256,0.92,694.0,54.98,8.1,58,6210.0,4.424,1.054,1.07,13.853,10.8,-10.8,0.000545,-0.000788,0.25719,-0.30483,0.48,-0.09,14.233,13.789,13.69,13.653,12.746,12.472,12.422,-1,0.5691197
CANDIDATE,0,0,0,0,15.09984259,140.82,0.0,0.9711,0.222,484.8,0.057838,854.08398,4.11,576.0,25.98,6.7,88,5191.0,4.615,0.65,0.635,15.37,80.4,-80.4,0.000182,-0.033425,145.42987,-494.65833,0.59,-0.33,16.026,15.348,15.089,14.932,13.921,13.403,13.409,-1,0.5691197
CANDIDATE,0,0,0,0,15.3416245,134.98686,0.0,0.0481,2.126,269.6,0.014618,14.02587,1.3,605.0,31.63,9.2,87,5061.0,4.504,0.814,0.771,14.813,55.2,-55.2,0.002688,-0.000814,46.96331,-13.45194,0.36,-0.13,15.565,14.75,14.49,14.363,13.355,12.829,12.806,-1,0.5691197
CANDIDATE,0,0,0,0,21.980381,150.7308,0.0,0.2465,4.625,93.3,0.008795,1.755,0.9,625.0,36.07,8.1,62,5573.0,4.418,0.936,0.837,13.852,12.6,-12.6,0.000553,-0.000851,0.24791,-1.21671,0.36,-0.12,14.398,13.797,13.618,13.539,12.613,12.234,12.178,-1,0.5691197
CANDIDATE,0,0,0,0,44.113873,164.8337,0.0,0.032,3.956,196.3,0.01296,6.23922,4.9,1158.0,424.45,6.6,7,7854.0,3.669,3.462,2.039,12.667,31.0,-31.0,0.000683,-0.00161,0.24113,-6.13748,0.88,-1.62,12.788,12.626,12.61,12.608,11.874,11.768,11.708,-1,0.5691197
CANDIDATE,0,0,0,0,482.62011,314.0653,0.0,0.1786,12.86,324.0,0.016595,1.91938,1.98,263.0,1.12,8.1,3,6315.0,4.389,1.095,1.066,14.519,46.1,-46.1,0.001068,-0.001667,0.28408,-1.17532,1.02,-0.21,14.93,14.472,14.343,14.263,13.438,13.156,13.087,-1,0.5691197
CANDIDATE,0,0,0,0,10.1551587,139.292,0.0,0.2256,1.802,141.6,0.010784,14.00749,0.94,721.0,63.73,6.8,134,5275.0,4.505,0.796,0.739,15.413,45.9,-45.9,0.004135,-0.000465,258.6131,-12.36532,0.42,-0.11,16.091,15.358,15.122,14.985,13.937,13.419,13.391,-1,0.5691197
CANDIDATE,0,0,0,0,0.708965461,132.20988,0.0,0.6201,3.946,87.2,0.008974,0.09194,1.13,2417.0,8061.29,13.1,1890,6528.0,4.384,1.155,1.177,12.798,8.5,-8.5,0.000163,-0.00086,0.07614,-0.02444,0.6,-0.13,13.068,12.736,12.683,12.696,11.881,11.639,11.593,-1,0.08197984
CANDIDATE,0,0,0,0,11.76872507,137.1077498,0.0,0.4711,1.11,507.1,0.023196,1.0851,2.41,941.0,185.17,33.5,112,5806.0,4.466,0.962,0.965,15.327,19.3,-19.3,0.000832,-0.000914,0.22037,-0.18209,0.88,-0.26,16.476,15.263,14.835,14.594,13.444,12.813,12.698,-1,0.5691197
CANDIDATE,0,0,0,0,608.20572,160.7147,0.0,0.0082,13.63,554.2,0.02065,2.15156,1.46,143.0,0.1,11.3,3,4486.0,4.642,0.646,0.668,15.059,69.4,-69.4,0.001847,-0.001439,0.65162,-1.45019,0.13,-0.13,16.094,15.008,14.616,14.368,13.271,12.65,12.496,-1,0.5691197
CANDIDATE,0,0,0,0,91.069934,196.391,0.0,0.5939,17.33,12.7,0.003433,0.07812,1.59,1103.0,349.47,8.7,16,9051.0,3.623,4.232,2.738,9.748,1.9,-1.9,0.000212,-0.000289,0.15873,-0.07173,0.34,-0.57,9.663,9.776,9.92,10.012,9.399,9.408,9.378,-1,0.5691197
CANDIDATE,0,0,0,0,366.084069,165.442,0.0,0.3473,11.253,526.5,0.021209,1.919,2.19,257.0,1.03,34.1,3,5941.0,4.464,0.945,0.948,11.616,20.5,-20.5,0.000547,-0.00071,0.58055,-0.45839,0.86,-0.24,12.512,11.726,14.368,14.292,10.338,10.045,9.981,-1,0.5691197
CANDIDATE,0,0,0,0,414.45008,318.0665,0.0,0.9853,19.15,729.5,0.03813,0.01741,7.01,364.0,4.17,19.0,3,7037.0,4.136,1.683,1.417,13.913,50.6,-50.6,16.92788,-0.012253,0.32468,-0.01287,4.33,-1.51,14.149,13.842,13.812,13.767,12.914,12.723,12.711,-1,0.5691197
CANDIDATE,0,0,0,0,328.32211,144.0773,0.0,0.1169,13.53,399.0,0.017786,1.15674,1.3,193.0,0.33,8.2,3,4906.0,4.648,0.668,0.736,14.937,51.4,-51.4,0.00102,-0.002016,0.22985,-0.6539,0.18,-0.1,15.706,14.893,14.607,14.444,13.34,12.858,12.742,-1,0.5691197
CANDIDATE,0,0,0,0,381.97977,163.1805,0.0,0.2178,15.7,900.0,0.027038,0.84106,1.55,132.0,0.07,10.4,3,3761.0,4.724,0.526,0.535,15.494,319.0,-319.0,0.009637,-0.001736,20.08147,-0.80259,0.15,-0.14,16.963,15.679,14.865,14.483,13.196,12.533,12.354,-1,0.5691197
CANDIDATE,0,0,0,0,67.412998,196.1263,0.0,0.5109,9.1,126.1,0.010613,0.50112,1.57,572.0,25.32,6.2,6,6525.0,4.248,1.359,1.194,13.667,24.3,-24.3,0.000753,-0.001504,1.03296,-0.49554,0.87,-0.31,14.005,13.622,13.522,13.482,12.646,12.44,12.369,-1,0.5691197
CANDIDATE,0,0,0,0,2.08802799,132.08475,0.0,0.9865,24.017,70.8,0.010598,0.00448,1.93,2003.0,3806.17,60.5,647,6593.0,4.117,1.67,1.335,12.579,2.1,-2.1,0.000191,-0.000256,1e-05,-1e-05,1.1,-0.49,12.874,12.528,12.453,12.429,11.57,11.426,11.346,-1,0.5691197
CANDIDATE,0,0,0,0,359.8249913,284.5268595,0.0,0.4711,5.22,507.1,0.023196,1.0851,2.41,941.0,185.17,33.5,3,5806.0,4.466,0.962,0.965,15.733,19.3,-19.3,0.000832,-0.000914,0.22037,-0.18209,0.88,-0.26,16.621,15.659,15.352,15.188,14.041,13.501,13.385,-1,0.5691197
CANDIDATE,0,0,0,0,293.70696,350.5928,0.0,63.9417,11.03,1575.0,62.968838,12.45228,6140.44,274.0,1.34,11.2,3,6054.0,4.508,0.893,0.938,15.51,191.0,-191.0,20.96956,-59.32572,9.44433,-12.2988,2544.0,-577.6,15.956,15.481,15.319,15.213,14.326,13.985,13.904,-1,0.5691197
CANDIDATE,0,0,0,0,54.54312996,169.8591463,0.0,0.4711,7.03,507.1,0.023196,1.0851,2.41,941.0,185.17,33.5,7,5806.0,4.466,0.962,0.965,11.642,19.3,-19.3,0.000832,-0.000914,0.22037,-0.18209,0.88,-0.26,11.811,11.585,11.574,11.604,10.789,10.62,10.572,-1,0.5691197
CANDIDATE,0,0,0,0,36.137506,137.0454,0.0,0.5083,32.37,146.0,0.011384,0.00609,1.28,595.0,29.68,9.2,38,6241.0,4.45,1.031,1.088,15.44,14.6,-14.6,0.000207,-0.001137,0.00752,-0.00379,0.61,-0.12,15.855,15.385,15.262,15.189,14.312,14.024,13.984,-1,0.5691197
CANDIDATE,0,0,0,0,12.9284553,137.18564,0.0,0.2446,2.49,297.9,0.015708,6.76552,0.64,343.0,3.26,8.2,108,3578.0,4.893,0.375,0.401,15.72,37.8,-37.8,0.000988,-0.001446,0.94164,-4.17147,0.11,-0.12,17.302,15.889,15.043,14.58,13.355,12.716,12.517,-1,0.5691197
